id_egresso,id_curso,dt_ultimo_contato,uf_residencia,meses_desde_formacao,idade_egresso,nivel_cargo,renda_mensal_estimada,area_atuacao,modalidade_graduacao,tipo_empresa,satisfacao_graduacao_nps,engajamento_alumni_score,bolsista_graduacao,potencial_matricula_pos
1,103,2026-05-20T00:00:00.000000000,MG,108,31,Sem vínculo,0.0,Tecnologia,EAD,Desempregado,6,55,0,0
2,204,2025-11-04T00:00:00.000000000,PR,57,25,Júnior,5282.79,Exatas,Híbrido,Iniciativa Privada,6,31,0,0
3,301,2025-11-21T00:00:00.000000000,SC,98,28,Sem vínculo,0.0,Humanas,Presencial,Desempregado,9,100,0,0
4,203,2025-06-24T00:00:00.000000000,RJ,20,25,Júnior,2378.19,Exatas,Presencial,Setor Público,5,21,0,0
5,103,2026-05-29T00:00:00.000000000,SP,112,35,Gestão,18143.78,Tecnologia,Presencial,Iniciativa Privada,9,88,1,0
6,104,2025-06-21T00:00:00.000000000,SP,77,28,Gestão,16170.87,Tecnologia,Presencial,ONG,5,64,1,0
7,101,2026-05-17T00:00:00.000000000,PR,66,27,Sênior,12146.16,Tecnologia,Presencial,Iniciativa Privada,6,99,0,0
8,101,2025-11-30T00:00:00.000000000,SC,26,26,Pleno,5125.88,Tecnologia,EAD,Iniciativa Privada,5,20,0,0
9,103,2025-10-11T00:00:00.000000000,SP,108,34,Gestão,17082.71,Tecnologia,EAD,Autônomo/PJ,8,79,0,0
10,302,2026-04-20T00:00:00.000000000,SP,88,32,Sem vínculo,0.0,Humanas,Presencial,Desempregado,5,95,0,0
11,403,2025-02-23T00:00:00.000000000,GO,92,27,Gestão,16643.51,Biológicas,EAD,Iniciativa Privada,5,20,0,0
12,303,2026-04-03T00:00:00.000000000,SC,80,33,Gestão,15676.68,Humanas,EAD,Iniciativa Privada,10,27,1,1
13,303,2026-02-24T00:00:00.000000000,BA,80,27,Sênior,12382.27,Humanas,EAD,Autônomo/PJ,8,18,0,0
14,203,2026-02-13T00:00:00.000000000,PR,93,29,Gestão,18132.96,Exatas,EAD,Setor Público,8,13,1,0
15,104,2025-10-31T00:00:00.000000000,SP,105,35,Gestão,17065.8,Tecnologia,EAD,ONG,8,86,0,0
16,101,2026-07-13T00:00:00.000000000,MG,109,36,Sênior,9570.4,Tecnologia,Presencial,Setor Público,9,23,0,0
17,104,2025-08-10T00:00:00.000000000,MG,29,23,Pleno,4554.56,Tecnologia,EAD,Iniciativa Privada,6,19,0,0
18,304,2026-06-17T00:00:00.000000000,SP,8,27,Sem vínculo,0.0,Humanas,EAD,Desempregado,10,31,1,0
19,404,2025-06-07T00:00:00.000000000,RJ,27,29,Júnior,1824.79,Biológicas,Presencial,Iniciativa Privada,5,73,0,0
20,203,2025-12-14T00:00:00.000000000,PR,58,29,Pleno,6936.36,Exatas,Presencial,Iniciativa Privada,8,51,1,0
21,202,2025-06-08T00:00:00.000000000,SP,7,25,Júnior,2369.1,Exatas,Presencial,Iniciativa Privada,8,64,0,0
22,201,2025-08-23T00:00:00.000000000,PR,93,30,Sênior,13498.3,Exatas,Presencial,Setor Público,6,94,1,0
23,202,2026-02-09T00:00:00.000000000,MG,113,35,Gestão,15191.26,Exatas,EAD,Iniciativa Privada,7,51,1,0
24,304,2025-09-14T00:00:00.000000000,BA,35,22,Pleno,5915.72,Humanas,Presencial,Autônomo/PJ,5,100,1,0
25,304,2026-07-12T00:00:00.000000000,SP,43,30,Sênior,12582.66,Humanas,Presencial,Iniciativa Privada,7,57,1,0
26,302,2025-02-16T00:00:00.000000000,SP,7,23,Júnior,4997.38,Humanas,Presencial,Iniciativa Privada,7,78,0,0
27,302,2025-08-01T00:00:00.000000000,MG,69,31,Gestão,17097.54,Humanas,Presencial,Autônomo/PJ,8,94,1,1
28,202,2026-04-24T00:00:00.000000000,SP,65,28,Sênior,10971.08,Exatas,EAD,Iniciativa Privada,9,91,1,0
29,404,2026-05-02T00:00:00.000000000,PR,26,25,Pleno,7176.13,Biológicas,EAD,Iniciativa Privada,6,9,0,0
30,304,2026-07-25T00:00:00.000000000,PR,38,23,Júnior,2843.81,Humanas,Presencial,Iniciativa Privada,5,69,0,0
31,201,2026-07-20T00:00:00.000000000,SP,81,26,Sem vínculo,0.0,Exatas,Híbrido,Desempregado,5,14,1,0
32,201,2025-12-08T00:00:00.000000000,RJ,63,29,Pleno,4582.33,Exatas,Presencial,Iniciativa Privada,5,46,0,0
33,404,2026-06-08T00:00:00.000000000,RJ,27,23,Pleno,6039.05,Biológicas,EAD,Iniciativa Privada,9,90,1,0
34,202,2026-05-18T00:00:00.000000000,SP,113,30,Gestão,16144.91,Exatas,EAD,Iniciativa Privada,7,9,0,0
35,202,2025-01-06T00:00:00.000000000,GO,94,31,Gestão,18329.24,Exatas,Presencial,Iniciativa Privada,4,20,1,0
36,101,2025-05-24T00:00:00.000000000,SC,54,28,Sênior,9947.74,Tecnologia,Híbrido,Iniciativa Privada,6,18,0,0
37,404,2025-09-18T00:00:00.000000000,MG,96,33,Gestão,15499.89,Biológicas,EAD,Iniciativa Privada,4,67,1,0
38,201,2025-08-20T00:00:00.000000000,PR,64,31,Pleno,5503.06,Exatas,Híbrido,Iniciativa Privada,7,21,0,0
39,201,2025-09-27T00:00:00.000000000,RJ,47,26,Sem vínculo,0.0,Exatas,Presencial,Desempregado,8,62,1,0
40,403,2026-03-23T00:00:00.000000000,GO,97,35,Pleno,6108.33,Biológicas,Presencial,Iniciativa Privada,4,37,1,0
41,403,2025-08-10T00:00:00.000000000,MG,65,29,Sênior,13660.9,Biológicas,EAD,Iniciativa Privada,4,14,1,0
42,403,2025-02-21T00:00:00.000000000,PR,85,29,Sênior,10705.32,Biológicas,Híbrido,Iniciativa Privada,6,69,0,0
43,102,2025-04-26T00:00:00.000000000,RS,20,22,Júnior,4067.25,Tecnologia,Híbrido,Iniciativa Privada,7,74,1,0
44,204,2026-06-22T00:00:00.000000000,SP,67,29,Gestão,16924.42,Exatas,Híbrido,Setor Público,6,43,0,0
45,104,2026-07-19T00:00:00.000000000,SC,67,27,Gestão,17212.43,Tecnologia,EAD,Iniciativa Privada,8,29,1,0
46,104,2026-06-25T00:00:00.000000000,SP,52,26,Sênior,11943.54,Tecnologia,Presencial,Iniciativa Privada,9,23,1,0
47,404,2025-01-19T00:00:00.000000000,SP,67,27,Sênior,12980.7,Biológicas,Presencial,Autônomo/PJ,9,85,0,1
48,403,2026-01-27T00:00:00.000000000,SP,56,29,Pleno,5595.06,Biológicas,Presencial,Iniciativa Privada,9,93,0,0
49,202,2026-02-23T00:00:00.000000000,BA,113,34,Gestão,16554.81,Exatas,Presencial,Iniciativa Privada,5,45,1,0
50,102,2025-11-05T00:00:00.000000000,RS,60,32,Gestão,17839.47,Tecnologia,Presencial,Iniciativa Privada,9,3,0,0
51,103,2025-07-05T00:00:00.000000000,PR,69,32,Sênior,11770.9,Tecnologia,Presencial,Iniciativa Privada,10,5,1,0
52,202,2025-09-18T00:00:00.000000000,PR,8,22,Júnior,1500.0,Exatas,Presencial,Iniciativa Privada,9,37,1,0
53,103,2026-06-12T00:00:00.000000000,MG,106,34,Sênior,9862.14,Tecnologia,Híbrido,Iniciativa Privada,7,25,1,0
54,304,2025-09-30T00:00:00.000000000,GO,56,29,Pleno,6939.76,Humanas,Presencial,Setor Público,10,18,0,0
55,303,2025-06-09T00:00:00.000000000,RJ,12,24,Júnior,2192.76,Humanas,Presencial,ONG,9,1,0,0
56,404,2025-08-12T00:00:00.000000000,SP,26,24,Sênior,10610.47,Biológicas,EAD,Iniciativa Privada,9,67,0,1
57,104,2025-09-13T00:00:00.000000000,SP,78,29,Gestão,17557.24,Tecnologia,EAD,Iniciativa Privada,8,68,1,0
58,201,2025-06-29T00:00:00.000000000,PR,44,26,Júnior,4969.13,Exatas,Presencial,Iniciativa Privada,8,46,0,0
59,403,2025-01-20T00:00:00.000000000,PR,23,23,Júnior,5307.7,Biológicas,Presencial,Iniciativa Privada,4,98,0,0
60,201,2026-04-13T00:00:00.000000000,SP,9,21,Júnior,3185.16,Exatas,Presencial,Iniciativa Privada,10,28,0,0
61,103,2025-07-29T00:00:00.000000000,SP,94,33,Sem vínculo,0.0,Tecnologia,Presencial,Desempregado,6,63,0,0
62,103,2026-05-28T00:00:00.000000000,SC,65,27,Sênior,12368.91,Tecnologia,Presencial,Setor Público,4,79,1,0
63,401,2025-02-27T00:00:00.000000000,SP,19,28,Sem vínculo,0.0,Biológicas,EAD,Desempregado,4,11,1,0
64,301,2025-04-03T00:00:00.000000000,PR,119,31,Gestão,18023.13,Humanas,EAD,ONG,5,84,1,1
65,403,2025-08-09T00:00:00.000000000,BA,14,26,Júnior,2795.45,Biológicas,EAD,Iniciativa Privada,6,72,1,0
66,102,2025-08-20T00:00:00.000000000,RJ,95,29,Sênior,12250.31,Tecnologia,Presencial,Iniciativa Privada,5,10,0,0
67,304,2025-12-30T00:00:00.000000000,SP,58,25,Pleno,7152.68,Humanas,Presencial,Iniciativa Privada,9,7,1,0
68,301,2026-07-16T00:00:00.000000000,PR,7,25,Júnior,4044.95,Humanas,Presencial,Iniciativa Privada,8,59,1,0
69,104,2026-01-09T00:00:00.000000000,SC,89,34,Sem vínculo,0.0,Tecnologia,Presencial,Desempregado,9,25,0,0
70,402,2026-04-01T00:00:00.000000000,RJ,97,28,Sênior,12049.83,Biológicas,EAD,Iniciativa Privada,5,31,0,0
71,202,2025-03-29T00:00:00.000000000,BA,116,29,Sênior,12987.28,Exatas,Híbrido,ONG,8,38,1,0
72,402,2025-01-20T00:00:00.000000000,SP,65,28,Pleno,4440.67,Biológicas,Presencial,Iniciativa Privada,4,3,1,0
73,401,2025-01-14T00:00:00.000000000,RJ,76,32,Sênior,11007.48,Biológicas,Híbrido,ONG,9,97,1,1
74,102,2025-05-13T00:00:00.000000000,PR,49,27,Sem vínculo,0.0,Tecnologia,Híbrido,Desempregado,5,91,1,0
75,201,2025-02-03T00:00:00.000000000,RS,13,22,Júnior,4916.72,Exatas,Presencial,Setor Público,9,88,0,1
76,202,2025-07-27T00:00:00.000000000,SP,52,28,Sênior,9618.05,Exatas,Presencial,Setor Público,6,43,0,0
77,304,2025-07-18T00:00:00.000000000,SC,40,30,Pleno,4226.5,Humanas,Presencial,Iniciativa Privada,5,98,1,0
78,204,2025-06-04T00:00:00.000000000,MG,83,32,Sênior,9914.33,Exatas,EAD,Autônomo/PJ,8,82,1,0
79,303,2025-03-19T00:00:00.000000000,SP,86,34,Sem vínculo,0.0,Humanas,Presencial,Desempregado,7,34,1,0
80,104,2025-06-21T00:00:00.000000000,SP,41,23,Sênior,12912.04,Tecnologia,Presencial,Autônomo/PJ,9,50,0,0
81,303,2025-10-16T00:00:00.000000000,RS,55,27,Pleno,6718.51,Humanas,Híbrido,Setor Público,10,50,1,0
82,104,2026-06-29T00:00:00.000000000,SP,109,36,Gestão,18523.73,Tecnologia,Presencial,Setor Público,9,28,1,0
83,101,2026-02-24T00:00:00.000000000,SP,9,20,Pleno,6204.7,Tecnologia,Presencial,Autônomo/PJ,10,77,0,0
84,404,2025-01-07T00:00:00.000000000,SP,7,21,Júnior,4469.37,Biológicas,EAD,Iniciativa Privada,6,84,0,0
85,103,2025-06-09T00:00:00.000000000,RS,11,21,Pleno,6453.21,Tecnologia,Híbrido,Autônomo/PJ,8,35,0,0
86,103,2025-08-28T00:00:00.000000000,MG,59,28,Pleno,7101.52,Tecnologia,Presencial,Iniciativa Privada,9,77,0,1
87,102,2026-02-27T00:00:00.000000000,PR,111,36,Gestão,15769.93,Tecnologia,Presencial,Iniciativa Privada,10,59,1,0
88,201,2026-06-20T00:00:00.000000000,SP,9,24,Pleno,6769.95,Exatas,EAD,Iniciativa Privada,7,14,0,0
89,104,2025-03-11T00:00:00.000000000,MG,59,29,Pleno,6884.93,Tecnologia,EAD,Iniciativa Privada,9,50,1,0
90,302,2025-08-04T00:00:00.000000000,MG,98,34,Sênior,11995.29,Humanas,Híbrido,Iniciativa Privada,6,49,1,0
91,304,2025-04-14T00:00:00.000000000,SC,68,32,Gestão,19796.78,Humanas,Presencial,Iniciativa Privada,7,93,1,1
92,104,2025-02-23T00:00:00.000000000,GO,23,22,Júnior,4146.95,Tecnologia,EAD,Iniciativa Privada,4,54,0,0
93,202,2025-11-26T00:00:00.000000000,SP,95,30,Sênior,13805.73,Exatas,Presencial,Iniciativa Privada,4,11,0,0
94,102,2025-07-22T00:00:00.000000000,MG,49,24,Pleno,5377.15,Tecnologia,Híbrido,Iniciativa Privada,9,49,1,0
95,302,2025-10-15T00:00:00.000000000,SP,39,25,Pleno,6406.5,Humanas,Presencial,Autônomo/PJ,5,61,1,0
96,202,2025-02-14T00:00:00.000000000,RJ,79,30,Sem vínculo,0.0,Exatas,Presencial,Desempregado,5,4,0,0
97,102,2025-07-17T00:00:00.000000000,SP,67,27,Sênior,8939.89,Tecnologia,Presencial,Autônomo/PJ,5,26,0,0
98,104,2025-08-04T00:00:00.000000000,SP,105,35,Sem vínculo,0.0,Tecnologia,Presencial,Desempregado,5,78,0,0
99,102,2026-04-26T00:00:00.000000000,SP,19,24,Júnior,1500.0,Tecnologia,Presencial,Setor Público,10,89,1,0
100,301,2025-11-05T00:00:00.000000000,MG,100,32,Gestão,15519.5,Humanas,Presencial,Iniciativa Privada,9,8,1,0
101,103,2026-03-11T00:00:00.000000000,SP,53,26,Pleno,5709.1,Tecnologia,Presencial,Setor Público,7,34,0,0
102,102,2025-11-28T00:00:00.000000000,PR,20,27,Júnior,5426.66,Tecnologia,Presencial,Autônomo/PJ,6,12,1,0
103,102,2025-01-27T00:00:00.000000000,RJ,77,29,Sênior,13200.19,Tecnologia,EAD,Iniciativa Privada,6,43,0,0
104,404,2025-06-15T00:00:00.000000000,SP,83,26,Gestão,17336.56,Biológicas,Presencial,Iniciativa Privada,10,45,1,1
105,302,2025-11-14T00:00:00.000000000,PR,92,33,Sênior,10716.86,Humanas,EAD,Autônomo/PJ,5,96,1,0
106,102,2025-10-01T00:00:00.000000000,SP,67,28,Gestão,15983.51,Tecnologia,EAD,Iniciativa Privada,4,97,1,0
107,102,2026-01-18T00:00:00.000000000,RJ,45,28,Pleno,6526.07,Tecnologia,Presencial,Setor Público,8,67,1,0
108,404,2025-12-31T00:00:00.000000000,MG,90,31,Pleno,7282.83,Biológicas,Presencial,Iniciativa Privada,5,76,0,0
109,102,2025-04-13T00:00:00.000000000,SP,85,28,Sênior,12934.92,Tecnologia,EAD,Setor Público,5,73,1,0
110,403,2026-05-18T00:00:00.000000000,SP,114,29,Sênior,12380.78,Biológicas,Presencial,Iniciativa Privada,9,52,1,1
111,104,2026-01-08T00:00:00.000000000,SP,87,34,Gestão,14818.23,Tecnologia,Presencial,Iniciativa Privada,10,0,1,0
112,103,2025-09-02T00:00:00.000000000,GO,116,35,Sênior,11045.45,Tecnologia,Presencial,Iniciativa Privada,4,10,0,0
113,304,2025-06-18T00:00:00.000000000,MG,58,30,Pleno,4645.71,Humanas,Presencial,Setor Público,8,49,0,0
114,302,2026-02-22T00:00:00.000000000,MG,29,24,Pleno,7210.07,Humanas,Presencial,Autônomo/PJ,7,8,0,0
115,403,2025-12-22T00:00:00.000000000,MG,31,26,Pleno,7894.06,Biológicas,Híbrido,ONG,7,37,0,0
116,404,2026-04-23T00:00:00.000000000,SP,94,34,Sênior,11606.01,Biológicas,Híbrido,Iniciativa Privada,8,86,0,1
117,201,2025-05-05T00:00:00.000000000,RJ,65,26,Gestão,17129.25,Exatas,Híbrido,Autônomo/PJ,8,12,0,0
118,302,2026-06-21T00:00:00.000000000,PR,114,32,Gestão,15572.65,Humanas,Presencial,Iniciativa Privada,10,4,1,1
119,404,2026-02-06T00:00:00.000000000,SP,46,24,Pleno,7235.9,Biológicas,Híbrido,Iniciativa Privada,7,24,1,0
120,201,2026-06-01T00:00:00.000000000,SP,34,26,Pleno,8136.38,Exatas,EAD,Iniciativa Privada,5,9,0,0
121,104,2026-06-15T00:00:00.000000000,SP,20,25,Júnior,4071.72,Tecnologia,EAD,Setor Público,10,4,0,0
122,101,2025-09-11T00:00:00.000000000,RJ,50,29,Pleno,6227.49,Tecnologia,Presencial,Iniciativa Privada,5,21,1,0
123,102,2025-05-01T00:00:00.000000000,BA,70,30,Gestão,18103.37,Tecnologia,Presencial,Iniciativa Privada,9,41,0,0
124,403,2025-02-01T00:00:00.000000000,SP,94,28,Gestão,16956.13,Biológicas,Híbrido,Setor Público,4,88,1,0
125,201,2025-02-06T00:00:00.000000000,RJ,76,29,Sênior,13784.48,Exatas,Presencial,Autônomo/PJ,8,100,1,0
126,104,2025-12-08T00:00:00.000000000,SP,14,22,Pleno,5725.47,Tecnologia,Híbrido,Iniciativa Privada,5,19,0,0
127,402,2025-01-13T00:00:00.000000000,BA,93,31,Sênior,10289.67,Biológicas,Presencial,Iniciativa Privada,5,27,1,0
128,101,2025-07-02T00:00:00.000000000,SP,6,24,Júnior,3837.14,Tecnologia,Híbrido,Iniciativa Privada,4,20,1,0
129,204,2025-09-22T00:00:00.000000000,RJ,113,31,Gestão,16978.32,Exatas,Presencial,Iniciativa Privada,8,10,0,0
130,404,2025-03-29T00:00:00.000000000,PR,13,26,Júnior,5671.01,Biológicas,Presencial,Setor Público,4,92,1,0
131,204,2026-04-07T00:00:00.000000000,PR,93,34,Pleno,5511.98,Exatas,EAD,Iniciativa Privada,4,68,1,0
132,101,2025-02-15T00:00:00.000000000,RJ,68,32,Gestão,16190.86,Tecnologia,EAD,Setor Público,7,36,1,0
133,201,2026-01-27T00:00:00.000000000,SP,16,28,Júnior,1500.0,Exatas,EAD,ONG,4,48,1,0
134,301,2025-04-29T00:00:00.000000000,SP,86,29,Sênior,12571.35,Humanas,Presencial,Iniciativa Privada,10,68,1,1
135,203,2026-06-15T00:00:00.000000000,SP,13,21,Sem vínculo,0.0,Exatas,Presencial,Desempregado,10,32,1,0
136,101,2026-03-23T00:00:00.000000000,SP,40,30,Sênior,11395.82,Tecnologia,Presencial,Iniciativa Privada,10,44,1,0
137,101,2025-02-15T00:00:00.000000000,RJ,40,27,Sênior,10794.27,Tecnologia,Presencial,Iniciativa Privada,8,99,1,0
138,301,2026-05-23T00:00:00.000000000,SP,38,25,Pleno,6731.22,Humanas,EAD,Iniciativa Privada,5,7,0,0
139,203,2026-07-12T00:00:00.000000000,SP,10,21,Júnior,4708.27,Exatas,Presencial,Iniciativa Privada,5,5,1,0
140,301,2026-06-10T00:00:00.000000000,MG,111,34,Pleno,8067.56,Humanas,Presencial,Iniciativa Privada,7,14,0,0
141,304,2025-01-03T00:00:00.000000000,BA,108,34,Sênior,12156.95,Humanas,Híbrido,Iniciativa Privada,8,14,0,0
142,201,2025-01-28T00:00:00.000000000,MG,46,26,Sênior,10378.53,Exatas,Presencial,Autônomo/PJ,10,8,0,0
143,404,2026-01-16T00:00:00.000000000,SP,33,23,Sem vínculo,0.0,Biológicas,EAD,Desempregado,5,60,0,0
144,104,2025-06-06T00:00:00.000000000,SP,12,24,Júnior,2326.13,Tecnologia,Presencial,Setor Público,4,55,0,0
145,104,2026-05-26T00:00:00.000000000,BA,78,28,Gestão,17754.37,Tecnologia,Presencial,Iniciativa Privada,10,4,0,0
146,303,2025-11-29T00:00:00.000000000,SP,77,32,Sênior,10497.07,Humanas,EAD,Setor Público,10,25,1,1
147,103,2025-04-24T00:00:00.000000000,SP,17,28,Júnior,3896.8,Tecnologia,Presencial,Setor Público,6,86,0,0
148,303,2026-01-24T00:00:00.000000000,MG,39,23,Júnior,3810.89,Humanas,Presencial,Autônomo/PJ,10,79,0,0
149,401,2026-05-02T00:00:00.000000000,MG,38,24,Sênior,9688.77,Biológicas,Híbrido,Autônomo/PJ,6,56,1,0
150,404,2025-09-07T00:00:00.000000000,MG,53,25,Pleno,6037.66,Biológicas,EAD,ONG,10,34,1,0
151,203,2026-07-25T00:00:00.000000000,SP,28,23,Pleno,3562.72,Exatas,Híbrido,Iniciativa Privada,10,9,0,0
152,403,2025-11-11T00:00:00.000000000,SP,67,28,Sênior,11086.64,Biológicas,EAD,Setor Público,10,90,1,1
153,101,2025-08-27T00:00:00.000000000,BA,93,29,Sênior,13214.38,Tecnologia,Presencial,Iniciativa Privada,6,79,1,0
154,203,2025-08-22T00:00:00.000000000,SP,42,24,Sem vínculo,0.0,Exatas,Presencial,Desempregado,6,20,0,0
155,201,2025-10-30T00:00:00.000000000,MG,104,34,Sênior,11493.88,Exatas,EAD,Iniciativa Privada,4,11,1,0
156,102,2025-11-30T00:00:00.000000000,PR,49,25,Júnior,2512.91,Tecnologia,Presencial,Iniciativa Privada,5,8,1,0
157,103,2025-04-23T00:00:00.000000000,MG,109,34,Gestão,18768.7,Tecnologia,Presencial,Iniciativa Privada,7,15,1,0
158,402,2025-12-28T00:00:00.000000000,SP,91,34,Gestão,16470.0,Biológicas,Presencial,Autônomo/PJ,4,72,0,0
159,301,2025-04-07T00:00:00.000000000,SP,96,28,Gestão,17107.68,Humanas,Presencial,Iniciativa Privada,5,92,0,0
160,304,2025-01-16T00:00:00.000000000,MG,40,30,Pleno,7215.6,Humanas,Presencial,Iniciativa Privada,8,53,0,0
161,103,2026-07-10T00:00:00.000000000,RS,70,30,Sem vínculo,0.0,Tecnologia,Presencial,Desempregado,5,22,0,0
162,201,2026-01-11T00:00:00.000000000,GO,104,33,Sem vínculo,0.0,Exatas,EAD,Desempregado,5,38,0,0
163,404,2026-01-25T00:00:00.000000000,SP,106,28,Gestão,18147.58,Biológicas,Presencial,Iniciativa Privada,5,87,1,1
164,304,2025-08-05T00:00:00.000000000,SP,52,30,Júnior,5275.57,Humanas,EAD,Iniciativa Privada,4,21,1,0
165,302,2026-02-03T00:00:00.000000000,GO,83,28,Gestão,16718.16,Humanas,EAD,Autônomo/PJ,5,54,0,0
166,401,2025-09-17T00:00:00.000000000,PR,8,25,Sem vínculo,0.0,Biológicas,Presencial,Desempregado,10,30,0,0
167,204,2025-11-16T00:00:00.000000000,RS,6,22,Júnior,3020.83,Exatas,Presencial,Iniciativa Privada,5,73,0,0
168,203,2025-07-15T00:00:00.000000000,SP,10,25,Júnior,3933.16,Exatas,Presencial,Setor Público,8,46,0,0
169,103,2026-04-23T00:00:00.000000000,MG,95,31,Sênior,12402.17,Tecnologia,Presencial,Iniciativa Privada,8,26,1,0
170,202,2026-02-22T00:00:00.000000000,PR,19,21,Pleno,6920.42,Exatas,EAD,Autônomo/PJ,6,97,1,0
171,304,2026-04-20T00:00:00.000000000,MG,108,34,Sênior,10828.41,Humanas,Presencial,Setor Público,9,47,0,0
172,101,2026-07-22T00:00:00.000000000,RJ,32,26,Pleno,8368.69,Tecnologia,Presencial,Iniciativa Privada,4,38,0,0
173,203,2026-06-28T00:00:00.000000000,SP,14,28,Júnior,4173.78,Exatas,Presencial,Iniciativa Privada,5,87,0,0
174,104,2025-08-19T00:00:00.000000000,MG,84,30,Sem vínculo,0.0,Tecnologia,EAD,Desempregado,6,20,1,0
175,104,2026-06-05T00:00:00.000000000,SP,20,25,Júnior,5871.41,Tecnologia,Presencial,Setor Público,6,14,1,0
176,202,2025-07-19T00:00:00.000000000,RJ,95,28,Gestão,19755.66,Exatas,EAD,Iniciativa Privada,4,80,0,0
177,103,2025-01-21T00:00:00.000000000,BA,47,28,Pleno,4870.44,Tecnologia,EAD,Setor Público,9,44,0,0
178,403,2025-11-07T00:00:00.000000000,SP,82,30,Sênior,11712.9,Biológicas,Presencial,Setor Público,6,18,0,0
179,101,2026-03-10T00:00:00.000000000,SC,56,26,Pleno,5614.98,Tecnologia,Presencial,Iniciativa Privada,6,52,0,0
180,203,2026-01-06T00:00:00.000000000,SP,68,28,Sênior,11932.42,Exatas,Presencial,Autônomo/PJ,4,88,1,0
181,101,2026-07-14T00:00:00.000000000,MG,101,34,Sênior,10662.36,Tecnologia,Presencial,Setor Público,7,54,0,0
182,103,2025-03-19T00:00:00.000000000,BA,108,34,Sem vínculo,0.0,Tecnologia,Presencial,Desempregado,6,85,1,0
183,202,2026-06-26T00:00:00.000000000,SP,118,30,Sênior,9710.27,Exatas,Presencial,Iniciativa Privada,8,48,1,0
184,403,2025-10-12T00:00:00.000000000,SP,57,30,Pleno,7684.94,Biológicas,Presencial,Iniciativa Privada,10,77,0,1
185,201,2025-05-20T00:00:00.000000000,RJ,101,32,Sênior,12837.08,Exatas,EAD,Iniciativa Privada,6,60,1,0
186,401,2026-07-07T00:00:00.000000000,SP,9,26,Júnior,3725.94,Biológicas,Híbrido,Setor Público,4,59,0,0
187,102,2025-10-09T00:00:00.000000000,PR,99,34,Sênior,12094.18,Tecnologia,EAD,Setor Público,4,91,1,0
188,103,2026-07-16T00:00:00.000000000,GO,106,31,Sênior,13766.65,Tecnologia,Presencial,ONG,9,75,0,0
189,303,2025-09-15T00:00:00.000000000,RJ,28,29,Pleno,4182.87,Humanas,Híbrido,Autônomo/PJ,10,90,0,0
190,202,2025-12-26T00:00:00.000000000,SP,108,35,Gestão,15692.6,Exatas,Presencial,Iniciativa Privada,7,23,1,0
191,203,2026-03-16T00:00:00.000000000,RJ,114,35,Sem vínculo,0.0,Exatas,Presencial,Desempregado,7,85,0,0
192,103,2025-09-27T00:00:00.000000000,PR,20,26,Júnior,4137.65,Tecnologia,Presencial,Iniciativa Privada,9,38,0,0
193,101,2025-05-14T00:00:00.000000000,SP,48,31,Pleno,4842.23,Tecnologia,Presencial,Autônomo/PJ,9,60,1,0
194,203,2025-04-14T00:00:00.000000000,MG,34,25,Sênior,9741.39,Exatas,Presencial,Iniciativa Privada,8,99,1,0
195,403,2025-04-05T00:00:00.000000000,MG,41,24,Pleno,5766.91,Biológicas,EAD,Setor Público,10,22,1,0
196,102,2026-07-27T00:00:00.000000000,MG,18,25,Júnior,3035.61,Tecnologia,Presencial,Autônomo/PJ,8,71,1,0
197,402,2026-04-25T00:00:00.000000000,SP,37,26,Pleno,5218.24,Biológicas,Presencial,Setor Público,6,91,0,0
198,104,2025-08-29T00:00:00.000000000,PR,76,29,Sênior,11932.26,Tecnologia,Presencial,Iniciativa Privada,7,92,0,0
199,201,2025-01-13T00:00:00.000000000,SP,64,25,Gestão,16887.4,Exatas,EAD,Iniciativa Privada,8,78,1,0
200,103,2025-05-27T00:00:00.000000000,SP,91,30,Sênior,10858.12,Tecnologia,Híbrido,Setor Público,6,38,1,0
201,203,2025-04-05T00:00:00.000000000,RS,33,29,Pleno,9488.27,Exatas,EAD,Autônomo/PJ,5,71,0,0
202,104,2025-10-20T00:00:00.000000000,PR,71,25,Gestão,15580.36,Tecnologia,Presencial,Iniciativa Privada,6,91,1,0
203,103,2025-01-25T00:00:00.000000000,SP,47,27,Sem vínculo,0.0,Tecnologia,EAD,Desempregado,10,96,1,0
204,401,2025-09-29T00:00:00.000000000,SP,50,30,Pleno,5671.84,Biológicas,Presencial,Iniciativa Privada,8,10,1,0
205,304,2026-05-20T00:00:00.000000000,SP,67,30,Gestão,16716.65,Humanas,Híbrido,Iniciativa Privada,10,41,1,1
206,301,2025-06-15T00:00:00.000000000,SP,62,30,Gestão,17671.64,Humanas,EAD,Autônomo/PJ,6,100,0,1
207,104,2025-03-28T00:00:00.000000000,SP,11,24,Júnior,4892.31,Tecnologia,Presencial,Setor Público,10,24,0,0
208,404,2026-05-06T00:00:00.000000000,SP,33,26,Sem vínculo,0.0,Biológicas,EAD,Desempregado,10,33,1,0
209,202,2025-05-21T00:00:00.000000000,RJ,33,29,Pleno,4435.98,Exatas,Presencial,Setor Público,5,21,1,0
210,401,2025-04-13T00:00:00.000000000,PR,113,31,Sênior,12792.93,Biológicas,Presencial,Iniciativa Privada,8,1,1,0
211,103,2025-08-14T00:00:00.000000000,MG,49,30,Pleno,4759.24,Tecnologia,EAD,Iniciativa Privada,6,50,1,0
212,103,2026-07-29T00:00:00.000000000,MG,89,31,Sênior,11221.4,Tecnologia,Presencial,Iniciativa Privada,8,15,0,0
213,401,2025-10-21T00:00:00.000000000,SP,35,25,Sênior,12102.33,Biológicas,Híbrido,Iniciativa Privada,9,10,0,0
214,203,2025-11-02T00:00:00.000000000,BA,67,32,Sênior,13825.29,Exatas,Presencial,Autônomo/PJ,9,77,1,0
215,403,2025-09-11T00:00:00.000000000,SC,80,31,Sênior,11416.84,Biológicas,EAD,Iniciativa Privada,6,95,0,0
216,101,2025-06-29T00:00:00.000000000,SC,97,29,Gestão,16183.8,Tecnologia,EAD,Iniciativa Privada,4,85,0,0
217,204,2025-02-09T00:00:00.000000000,SC,94,34,Sênior,11355.26,Exatas,Híbrido,Iniciativa Privada,8,68,1,0
218,401,2026-06-04T00:00:00.000000000,GO,108,34,Sênior,11465.21,Biológicas,Presencial,Iniciativa Privada,8,99,1,1
219,304,2026-06-30T00:00:00.000000000,RJ,67,25,Pleno,6822.2,Humanas,Presencial,Iniciativa Privada,9,86,1,0
220,303,2025-08-24T00:00:00.000000000,SP,102,35,Gestão,20341.51,Humanas,EAD,ONG,9,61,0,1
221,103,2026-04-08T00:00:00.000000000,MG,6,25,Júnior,3723.68,Tecnologia,EAD,Autônomo/PJ,10,18,0,0
222,103,2025-08-16T00:00:00.000000000,PR,32,24,Pleno,4066.65,Tecnologia,Presencial,Autônomo/PJ,8,28,0,0
223,102,2026-04-28T00:00:00.000000000,PR,67,32,Pleno,7368.1,Tecnologia,Presencial,Autônomo/PJ,8,41,1,0
224,204,2026-03-06T00:00:00.000000000,RJ,82,33,Sênior,11752.27,Exatas,Híbrido,Iniciativa Privada,9,22,1,0
225,402,2025-01-22T00:00:00.000000000,SP,110,35,Gestão,17058.55,Biológicas,EAD,ONG,6,59,0,0
226,202,2025-12-09T00:00:00.000000000,SP,8,24,Júnior,5093.56,Exatas,EAD,Iniciativa Privada,7,72,0,0
227,201,2025-02-09T00:00:00.000000000,GO,108,35,Sênior,12782.69,Exatas,EAD,Iniciativa Privada,10,17,0,0
228,402,2025-06-22T00:00:00.000000000,MG,75,33,Gestão,15515.57,Biológicas,Presencial,Setor Público,6,94,1,1
229,101,2026-03-15T00:00:00.000000000,RJ,77,30,Gestão,16788.36,Tecnologia,Híbrido,Iniciativa Privada,5,100,0,0
230,401,2025-06-28T00:00:00.000000000,SP,32,27,Pleno,4667.73,Biológicas,EAD,Autônomo/PJ,4,80,0,0
231,402,2025-05-13T00:00:00.000000000,SP,14,22,Júnior,1500.0,Biológicas,Presencial,Iniciativa Privada,6,54,0,0
232,104,2025-12-17T00:00:00.000000000,RS,67,26,Sênior,9933.82,Tecnologia,Presencial,Autônomo/PJ,6,17,1,0
233,104,2026-06-09T00:00:00.000000000,MG,42,30,Pleno,6891.52,Tecnologia,Presencial,Iniciativa Privada,8,26,0,0
234,104,2026-06-24T00:00:00.000000000,PR,102,30,Gestão,18093.81,Tecnologia,EAD,Iniciativa Privada,10,84,0,0
235,304,2026-05-21T00:00:00.000000000,RJ,56,24,Pleno,7642.99,Humanas,EAD,Autônomo/PJ,5,0,0,0
236,104,2025-03-25T00:00:00.000000000,MG,111,34,Sênior,11397.65,Tecnologia,Híbrido,Iniciativa Privada,10,95,0,0
237,302,2026-04-09T00:00:00.000000000,SP,49,28,Sênior,10152.6,Humanas,Híbrido,Iniciativa Privada,8,13,1,0
238,202,2025-12-09T00:00:00.000000000,PR,29,29,Pleno,5603.89,Exatas,Presencial,Iniciativa Privada,9,58,0,0
239,403,2025-10-07T00:00:00.000000000,RJ,84,32,Gestão,17884.61,Biológicas,EAD,Setor Público,10,77,0,1
240,404,2025-09-20T00:00:00.000000000,RJ,64,32,Sênior,9235.62,Biológicas,EAD,Setor Público,8,32,1,0
241,402,2025-06-15T00:00:00.000000000,MG,37,25,Pleno,6699.98,Biológicas,Presencial,Iniciativa Privada,7,35,1,0
242,103,2025-10-20T00:00:00.000000000,GO,101,31,Sem vínculo,0.0,Tecnologia,Presencial,Desempregado,4,38,0,0
243,104,2026-05-24T00:00:00.000000000,SP,93,30,Gestão,15346.28,Tecnologia,Presencial,ONG,7,75,0,0
244,101,2025-08-14T00:00:00.000000000,SC,110,31,Pleno,6884.15,Tecnologia,Presencial,Autônomo/PJ,8,44,1,0
245,203,2025-06-19T00:00:00.000000000,SP,57,28,Pleno,7403.61,Exatas,Presencial,Autônomo/PJ,4,24,1,0
246,202,2026-03-24T00:00:00.000000000,RJ,118,35,Gestão,16165.5,Exatas,EAD,Iniciativa Privada,6,14,1,0
247,401,2026-05-17T00:00:00.000000000,SP,67,27,Gestão,14996.43,Biológicas,EAD,Setor Público,10,19,1,1
248,401,2026-06-11T00:00:00.000000000,SP,118,36,Sênior,11032.37,Biológicas,EAD,Iniciativa Privada,5,33,1,0
249,101,2026-01-14T00:00:00.000000000,RJ,63,29,Gestão,16970.82,Tecnologia,EAD,Iniciativa Privada,7,57,0,0
250,303,2025-07-20T00:00:00.000000000,SP,57,25,Sem vínculo,0.0,Humanas,Presencial,Desempregado,5,59,0,0
251,102,2025-09-07T00:00:00.000000000,RJ,17,23,Júnior,2282.65,Tecnologia,Presencial,Setor Público,8,77,1,0
252,101,2026-02-13T00:00:00.000000000,GO,44,27,Sênior,11580.12,Tecnologia,Presencial,Iniciativa Privada,4,29,1,0
253,404,2025-05-05T00:00:00.000000000,SP,7,22,Júnior,4829.89,Biológicas,Presencial,Iniciativa Privada,9,12,1,0
254,401,2025-04-23T00:00:00.000000000,PR,8,22,Júnior,5709.86,Biológicas,Híbrido,Setor Público,10,77,1,0
255,101,2025-05-17T00:00:00.000000000,RJ,118,35,Sênior,10741.28,Tecnologia,EAD,Iniciativa Privada,10,92,1,0
256,403,2026-05-11T00:00:00.000000000,MG,106,34,Sênior,13152.59,Biológicas,Presencial,Iniciativa Privada,6,89,1,1
257,403,2025-05-30T00:00:00.000000000,SP,118,36,Gestão,17784.16,Biológicas,Presencial,Iniciativa Privada,4,66,0,0
258,102,2025-12-09T00:00:00.000000000,SP,61,29,Gestão,18335.94,Tecnologia,EAD,Iniciativa Privada,9,88,0,0
259,104,2025-11-17T00:00:00.000000000,SP,86,31,Sênior,12220.02,Tecnologia,EAD,Setor Público,5,90,0,0
260,303,2026-06-16T00:00:00.000000000,SP,64,25,Sênior,13911.58,Humanas,EAD,Iniciativa Privada,5,44,1,0
261,401,2025-10-16T00:00:00.000000000,SP,118,31,Sênior,9999.7,Biológicas,Presencial,Autônomo/PJ,6,39,0,0
262,202,2026-05-04T00:00:00.000000000,MG,7,23,Júnior,3516.56,Exatas,Presencial,Iniciativa Privada,9,79,1,0
263,101,2026-05-07T00:00:00.000000000,RS,7,22,Júnior,2451.02,Tecnologia,Presencial,Setor Público,9,37,1,0
264,301,2025-09-09T00:00:00.000000000,SC,97,30,Sem vínculo,0.0,Humanas,EAD,Desempregado,6,74,1,0
265,303,2025-03-18T00:00:00.000000000,MG,59,28,Pleno,6686.44,Humanas,Presencial,Setor Público,4,92,0,0
266,202,2026-01-27T00:00:00.000000000,SP,92,29,Pleno,7788.67,Exatas,Presencial,ONG,7,46,0,1
267,104,2026-02-16T00:00:00.000000000,SP,106,33,Sem vínculo,0.0,Tecnologia,EAD,Desempregado,4,87,0,0
268,404,2025-06-22T00:00:00.000000000,SP,101,30,Gestão,16552.72,Biológicas,Presencial,Iniciativa Privada,10,28,1,1
269,303,2025-07-20T00:00:00.000000000,SP,102,33,Pleno,8216.75,Humanas,EAD,Autônomo/PJ,5,33,1,0
270,403,2025-08-05T00:00:00.000000000,RJ,6,26,Júnior,4752.75,Biológicas,Presencial,ONG,4,10,0,0
271,402,2026-01-11T00:00:00.000000000,RJ,24,25,Pleno,6426.03,Biológicas,Presencial,Iniciativa Privada,8,19,0,0
272,404,2025-01-11T00:00:00.000000000,SP,7,27,Júnior,1597.72,Biológicas,Híbrido,Iniciativa Privada,4,19,1,0
273,404,2025-01-12T00:00:00.000000000,SP,58,28,Sem vínculo,0.0,Biológicas,Presencial,Desempregado,10,72,0,0
274,404,2026-03-11T00:00:00.000000000,SC,49,26,Júnior,3392.59,Biológicas,Presencial,Autônomo/PJ,4,55,0,0
275,301,2026-01-08T00:00:00.000000000,PR,95,32,Sênior,14318.47,Humanas,Presencial,Iniciativa Privada,9,22,0,1
276,304,2025-09-30T00:00:00.000000000,SP,37,28,Pleno,7297.48,Humanas,Híbrido,Iniciativa Privada,10,99,0,1
277,301,2026-07-30T00:00:00.000000000,GO,75,32,Gestão,17727.8,Humanas,EAD,Autônomo/PJ,10,90,0,1
278,302,2026-05-24T00:00:00.000000000,BA,37,28,Pleno,4224.05,Humanas,Híbrido,Iniciativa Privada,8,87,1,0
279,101,2025-05-12T00:00:00.000000000,SP,73,33,Sênior,12999.35,Tecnologia,EAD,Setor Público,5,24,0,0
280,202,2025-11-15T00:00:00.000000000,SP,60,26,Sênior,14380.48,Exatas,EAD,Autônomo/PJ,6,88,0,0
281,104,2025-06-17T00:00:00.000000000,RJ,80,26,Gestão,17884.04,Tecnologia,Presencial,Setor Público,4,32,0,0
282,104,2026-02-01T00:00:00.000000000,GO,61,32,Gestão,16641.87,Tecnologia,EAD,Iniciativa Privada,7,30,1,0
283,102,2025-06-29T00:00:00.000000000,RS,22,24,Júnior,3117.48,Tecnologia,Presencial,Autônomo/PJ,9,73,0,0
284,403,2025-02-27T00:00:00.000000000,SP,43,30,Pleno,8059.53,Biológicas,EAD,Autônomo/PJ,9,78,0,0
285,202,2026-04-25T00:00:00.000000000,SP,29,28,Pleno,6605.22,Exatas,EAD,Setor Público,6,0,0,0
286,103,2026-04-05T00:00:00.000000000,MG,74,32,Gestão,18043.8,Tecnologia,EAD,Iniciativa Privada,7,53,1,0
287,201,2025-03-02T00:00:00.000000000,RJ,103,35,Sênior,13114.61,Exatas,Presencial,Iniciativa Privada,4,15,1,0
288,101,2026-01-04T00:00:00.000000000,SP,75,28,Sem vínculo,0.0,Tecnologia,EAD,Desempregado,7,84,1,0
289,401,2025-05-01T00:00:00.000000000,RS,91,28,Gestão,15960.14,Biológicas,Presencial,Iniciativa Privada,9,58,1,1
290,104,2026-06-30T00:00:00.000000000,MG,16,23,Júnior,3292.9,Tecnologia,Presencial,Iniciativa Privada,6,65,1,0
291,101,2025-01-17T00:00:00.000000000,SC,117,31,Sênior,10611.81,Tecnologia,Híbrido,Iniciativa Privada,7,2,1,0
292,403,2026-05-11T00:00:00.000000000,RS,21,28,Júnior,3709.4,Biológicas,Presencial,Autônomo/PJ,7,14,1,0
293,201,2026-05-12T00:00:00.000000000,PR,102,32,Sênior,9466.68,Exatas,Presencial,Iniciativa Privada,6,31,1,0
294,402,2026-05-20T00:00:00.000000000,RJ,78,30,Pleno,7076.4,Biológicas,EAD,Iniciativa Privada,10,49,0,1
295,202,2026-06-16T00:00:00.000000000,MG,64,29,Sênior,11909.5,Exatas,EAD,Iniciativa Privada,6,90,1,0
296,104,2025-11-11T00:00:00.000000000,SP,75,27,Sênior,11110.39,Tecnologia,Híbrido,Autônomo/PJ,6,99,0,0
297,202,2025-03-10T00:00:00.000000000,MG,85,29,Gestão,17457.05,Exatas,EAD,Iniciativa Privada,9,98,1,0
298,103,2025-06-10T00:00:00.000000000,SP,98,28,Sênior,11565.0,Tecnologia,Presencial,Iniciativa Privada,6,59,1,0
299,101,2025-05-25T00:00:00.000000000,MG,8,23,Júnior,2816.6,Tecnologia,Presencial,Iniciativa Privada,8,87,1,0
300,104,2026-07-23T00:00:00.000000000,SP,25,26,Pleno,6803.3,Tecnologia,Presencial,ONG,4,7,1,0
301,401,2026-01-20T00:00:00.000000000,SP,64,29,Gestão,16145.47,Biológicas,Presencial,Iniciativa Privada,9,6,0,1
302,301,2025-09-26T00:00:00.000000000,SP,41,29,Júnior,3664.67,Humanas,EAD,Iniciativa Privada,10,3,1,0
303,103,2026-03-30T00:00:00.000000000,SP,24,24,Júnior,1517.9,Tecnologia,Presencial,Iniciativa Privada,6,93,1,0
304,102,2026-06-02T00:00:00.000000000,PR,95,29,Sem vínculo,0.0,Tecnologia,Presencial,Desempregado,5,9,1,0
305,402,2025-12-16T00:00:00.000000000,PR,72,27,Sênior,11541.23,Biológicas,EAD,Setor Público,7,59,1,0
306,101,2025-04-20T00:00:00.000000000,RJ,24,23,Sem vínculo,0.0,Tecnologia,Presencial,Desempregado,6,24,1,0
307,204,2026-04-28T00:00:00.000000000,SP,25,26,Pleno,6287.77,Exatas,Presencial,Autônomo/PJ,6,41,0,0
308,202,2026-02-11T00:00:00.000000000,SP,101,30,Sênior,12729.47,Exatas,EAD,Iniciativa Privada,4,46,0,0
309,304,2025-02-20T00:00:00.000000000,SP,76,26,Gestão,16929.77,Humanas,Presencial,Setor Público,6,95,0,0
310,102,2026-02-07T00:00:00.000000000,SP,57,27,Pleno,5017.33,Tecnologia,EAD,Iniciativa Privada,9,95,0,0
311,404,2026-07-17T00:00:00.000000000,RS,110,36,Gestão,14521.78,Biológicas,EAD,Setor Público,8,31,1,1
312,203,2026-04-21T00:00:00.000000000,SP,38,25,Sênior,12709.72,Exatas,Híbrido,Iniciativa Privada,5,73,1,0
313,104,2025-03-28T00:00:00.000000000,SP,45,29,Pleno,5616.19,Tecnologia,Presencial,Iniciativa Privada,5,72,1,0
314,103,2025-03-09T00:00:00.000000000,SP,44,30,Sem vínculo,0.0,Tecnologia,Presencial,Desempregado,10,24,0,0
315,103,2025-02-11T00:00:00.000000000,SP,87,29,Gestão,17559.64,Tecnologia,EAD,Iniciativa Privada,6,88,0,0
316,104,2025-02-26T00:00:00.000000000,RJ,109,34,Sênior,10973.12,Tecnologia,Presencial,ONG,4,15,0,0
317,403,2025-07-15T00:00:00.000000000,MG,6,21,Júnior,3107.31,Biológicas,Presencial,Iniciativa Privada,9,48,0,0
318,101,2025-03-03T00:00:00.000000000,SP,16,27,Pleno,5664.34,Tecnologia,Presencial,Iniciativa Privada,9,15,1,0
319,403,2025-09-20T00:00:00.000000000,SP,97,31,Gestão,15361.38,Biológicas,EAD,ONG,6,93,1,0
320,202,2025-04-22T00:00:00.000000000,SP,62,29,Gestão,16060.25,Exatas,Híbrido,Setor Público,7,37,0,0
321,104,2025-06-27T00:00:00.000000000,SP,94,33,Gestão,17826.77,Tecnologia,Híbrido,Autônomo/PJ,9,4,1,0
322,101,2025-01-26T00:00:00.000000000,SP,55,26,Pleno,6539.5,Tecnologia,EAD,Iniciativa Privada,9,6,1,0
323,204,2026-02-14T00:00:00.000000000,BA,28,26,Pleno,6821.4,Exatas,Presencial,Iniciativa Privada,9,76,0,0
324,302,2026-06-15T00:00:00.000000000,MG,36,25,Júnior,2782.78,Humanas,EAD,Autônomo/PJ,5,7,1,0
325,402,2025-11-13T00:00:00.000000000,MG,99,32,Sênior,11003.59,Biológicas,Presencial,Setor Público,9,32,1,0
326,302,2026-06-16T00:00:00.000000000,RJ,47,26,Pleno,5869.41,Humanas,Híbrido,Iniciativa Privada,7,61,1,0
327,203,2025-04-16T00:00:00.000000000,RJ,104,29,Sem vínculo,0.0,Exatas,Híbrido,Desempregado,8,73,1,0
328,103,2026-04-09T00:00:00.000000000,RJ,12,24,Júnior,3875.37,Tecnologia,Híbrido,Setor Público,5,83,0,0
329,404,2025-09-03T00:00:00.000000000,MG,21,26,Sem vínculo,0.0,Biológicas,Híbrido,Desempregado,5,31,1,0
330,404,2025-03-22T00:00:00.000000000,PR,95,27,Pleno,7214.79,Biológicas,Presencial,Autônomo/PJ,8,92,0,0
331,201,2026-01-31T00:00:00.000000000,SP,117,30,Gestão,16270.48,Exatas,EAD,Autônomo/PJ,7,0,1,0
332,101,2026-06-06T00:00:00.000000000,RJ,65,28,Sênior,11657.33,Tecnologia,Híbrido,Iniciativa Privada,6,90,1,0
333,304,2025-09-21T00:00:00.000000000,RJ,118,34,Sênior,10855.73,Humanas,EAD,Iniciativa Privada,10,19,0,0
334,303,2025-10-01T00:00:00.000000000,RS,7,20,Júnior,2428.56,Humanas,EAD,ONG,4,54,0,0
335,202,2025-06-21T00:00:00.000000000,MG,6,25,Júnior,5873.45,Exatas,Híbrido,Iniciativa Privada,7,62,1,0
336,204,2025-09-22T00:00:00.000000000,RJ,53,26,Sênior,10481.85,Exatas,EAD,Iniciativa Privada,8,77,1,0
337,401,2025-01-26T00:00:00.000000000,SP,17,28,Júnior,3561.25,Biológicas,Presencial,Iniciativa Privada,10,78,1,0
338,103,2026-04-14T00:00:00.000000000,MG,74,28,Gestão,17009.63,Tecnologia,Presencial,Iniciativa Privada,9,5,0,0
339,204,2026-04-21T00:00:00.000000000,SP,42,27,Sem vínculo,0.0,Exatas,Presencial,Desempregado,9,51,1,0
340,104,2025-12-22T00:00:00.000000000,SP,37,24,Pleno,5887.62,Tecnologia,Presencial,ONG,8,1,0,0
341,103,2025-01-26T00:00:00.000000000,SP,14,23,Júnior,2678.79,Tecnologia,Presencial,Iniciativa Privada,9,92,0,0
342,404,2025-02-03T00:00:00.000000000,MG,110,35,Sênior,10174.98,Biológicas,EAD,Iniciativa Privada,8,38,0,0
343,203,2025-09-21T00:00:00.000000000,SP,104,33,Sênior,13720.74,Exatas,Presencial,Autônomo/PJ,10,31,1,0
344,402,2025-05-18T00:00:00.000000000,SP,24,23,Sênior,12215.86,Biológicas,Híbrido,Setor Público,5,50,1,0
345,203,2026-07-20T00:00:00.000000000,RS,53,31,Sem vínculo,0.0,Exatas,Presencial,Desempregado,6,68,0,0
346,403,2026-04-07T00:00:00.000000000,SP,85,33,Gestão,18945.01,Biológicas,Híbrido,Setor Público,5,85,1,1
347,203,2025-06-17T00:00:00.000000000,RJ,8,22,Pleno,7082.52,Exatas,Presencial,Iniciativa Privada,5,91,1,0
348,104,2025-03-22T00:00:00.000000000,RJ,25,26,Júnior,5329.51,Tecnologia,EAD,Iniciativa Privada,5,31,1,0
349,404,2026-02-11T00:00:00.000000000,SP,29,25,Sem vínculo,0.0,Biológicas,EAD,Desempregado,8,92,1,0
350,103,2026-07-28T00:00:00.000000000,PR,59,28,Pleno,6940.96,Tecnologia,EAD,Setor Público,7,2,1,0
351,204,2025-02-15T00:00:00.000000000,SP,38,29,Pleno,5402.8,Exatas,Presencial,Setor Público,10,61,0,1
352,201,2025-02-22T00:00:00.000000000,RJ,29,22,Pleno,6544.31,Exatas,Presencial,Iniciativa Privada,4,94,1,0
353,101,2026-04-21T00:00:00.000000000,MG,80,28,Pleno,6573.43,Tecnologia,Presencial,Autônomo/PJ,4,12,0,0
354,104,2025-01-16T00:00:00.000000000,MG,118,35,Gestão,16908.34,Tecnologia,Presencial,Autônomo/PJ,6,69,1,0
355,304,2025-12-26T00:00:00.000000000,MG,77,26,Gestão,18038.14,Humanas,Presencial,Iniciativa Privada,6,20,1,0
356,103,2026-05-02T00:00:00.000000000,SP,41,23,Pleno,7302.79,Tecnologia,Presencial,Iniciativa Privada,8,60,1,0
357,202,2026-05-17T00:00:00.000000000,SP,43,28,Pleno,6709.6,Exatas,EAD,Iniciativa Privada,4,13,1,0
358,204,2025-05-21T00:00:00.000000000,PR,109,30,Sênior,13997.98,Exatas,EAD,Iniciativa Privada,7,88,0,0
359,201,2026-03-23T00:00:00.000000000,RJ,89,32,Gestão,17471.12,Exatas,Híbrido,Iniciativa Privada,8,70,0,0
360,303,2025-10-17T00:00:00.000000000,SC,104,30,Sênior,9288.86,Humanas,Presencial,Iniciativa Privada,6,21,1,0
361,404,2025-07-28T00:00:00.000000000,SC,117,29,Sênior,10449.47,Biológicas,Presencial,Setor Público,8,31,0,0
362,101,2026-04-20T00:00:00.000000000,SC,94,34,Gestão,16407.99,Tecnologia,EAD,Iniciativa Privada,6,40,0,0
363,301,2026-02-17T00:00:00.000000000,RJ,104,34,Sênior,12906.1,Humanas,Presencial,Iniciativa Privada,4,31,1,0
364,102,2026-03-03T00:00:00.000000000,SP,30,25,Pleno,6995.83,Tecnologia,Presencial,ONG,10,41,0,0
365,203,2026-01-06T00:00:00.000000000,PR,98,28,Sênior,12264.62,Exatas,EAD,Setor Público,8,51,0,0
366,203,2025-10-17T00:00:00.000000000,RJ,23,27,Júnior,2508.66,Exatas,EAD,Setor Público,5,93,1,0
367,102,2026-03-08T00:00:00.000000000,SP,115,36,Sênior,11441.96,Tecnologia,Híbrido,Iniciativa Privada,9,80,1,0
368,102,2025-09-25T00:00:00.000000000,RS,87,30,Gestão,16746.9,Tecnologia,Híbrido,Setor Público,10,53,1,0
369,203,2025-05-31T00:00:00.000000000,RS,71,30,Gestão,19137.34,Exatas,Híbrido,Iniciativa Privada,6,61,1,0
370,103,2025-09-12T00:00:00.000000000,RJ,59,29,Pleno,5718.31,Tecnologia,EAD,Autônomo/PJ,5,84,0,0
371,104,2025-12-19T00:00:00.000000000,SP,40,24,Sênior,11905.98,Tecnologia,Híbrido,Iniciativa Privada,6,89,1,0
372,404,2026-01-12T00:00:00.000000000,SP,85,33,Sênior,10138.74,Biológicas,Presencial,Setor Público,10,42,1,0
373,102,2025-12-24T00:00:00.000000000,SC,66,25,Sênior,10488.98,Tecnologia,EAD,Iniciativa Privada,5,2,0,0
374,204,2026-01-05T00:00:00.000000000,GO,46,27,Pleno,7625.85,Exatas,Presencial,Autônomo/PJ,4,37,1,0
375,101,2025-08-15T00:00:00.000000000,SP,105,33,Sênior,11000.01,Tecnologia,EAD,Iniciativa Privada,10,80,0,0
376,404,2025-10-30T00:00:00.000000000,SP,38,28,Pleno,4654.31,Biológicas,Presencial,Iniciativa Privada,10,38,1,0
377,104,2026-01-24T00:00:00.000000000,RS,73,27,Gestão,16276.64,Tecnologia,Presencial,Iniciativa Privada,4,69,1,0
378,201,2026-01-12T00:00:00.000000000,SP,38,26,Pleno,7061.56,Exatas,Presencial,Setor Público,7,84,0,0
379,302,2025-04-28T00:00:00.000000000,RJ,19,22,Sem vínculo,0.0,Humanas,Presencial,Desempregado,7,44,1,0
380,401,2025-01-05T00:00:00.000000000,BA,26,29,Sênior,11418.29,Biológicas,Presencial,Autônomo/PJ,7,45,0,0
381,404,2026-03-20T00:00:00.000000000,SP,53,24,Pleno,5319.83,Biológicas,Presencial,Iniciativa Privada,8,12,1,0
382,102,2025-12-18T00:00:00.000000000,MG,25,28,Pleno,6236.34,Tecnologia,EAD,Iniciativa Privada,10,51,0,1
383,404,2026-06-17T00:00:00.000000000,SP,13,23,Sem vínculo,0.0,Biológicas,Híbrido,Desempregado,6,8,1,0
384,301,2025-05-04T00:00:00.000000000,SP,12,23,Júnior,2481.46,Humanas,EAD,Iniciativa Privada,8,56,1,0
385,401,2025-10-04T00:00:00.000000000,SC,72,32,Gestão,15540.38,Biológicas,EAD,Setor Público,7,68,1,0
386,404,2026-01-29T00:00:00.000000000,RJ,22,24,Sem vínculo,0.0,Biológicas,EAD,Desempregado,6,42,1,0
387,203,2025-12-26T00:00:00.000000000,BA,38,30,Pleno,5896.77,Exatas,Híbrido,ONG,8,6,0,0
388,303,2026-04-14T00:00:00.000000000,MG,53,29,Pleno,5671.26,Humanas,EAD,Iniciativa Privada,4,43,1,0
389,201,2025-02-26T00:00:00.000000000,SP,81,29,Gestão,15861.54,Exatas,EAD,Iniciativa Privada,6,43,0,0
390,201,2025-09-08T00:00:00.000000000,SP,64,30,Gestão,15967.64,Exatas,Híbrido,Iniciativa Privada,10,94,0,0
391,103,2025-05-30T00:00:00.000000000,SP,91,32,Gestão,16465.43,Tecnologia,Presencial,Autônomo/PJ,7,67,1,0
392,103,2026-03-28T00:00:00.000000000,SP,27,24,Pleno,6743.99,Tecnologia,Presencial,Iniciativa Privada,4,76,1,0
393,104,2025-06-11T00:00:00.000000000,SP,115,32,Sênior,10678.74,Tecnologia,EAD,Iniciativa Privada,6,43,1,0
394,404,2025-04-30T00:00:00.000000000,SP,35,29,Pleno,7308.17,Biológicas,Presencial,Iniciativa Privada,8,78,0,0
395,103,2025-12-17T00:00:00.000000000,RJ,43,24,Sênior,10267.89,Tecnologia,Presencial,Iniciativa Privada,9,39,1,0
396,104,2025-04-09T00:00:00.000000000,PR,107,33,Sênior,9573.55,Tecnologia,Presencial,Setor Público,9,76,0,0
397,104,2025-06-16T00:00:00.000000000,MG,114,33,Gestão,17169.98,Tecnologia,EAD,Setor Público,7,42,0,0
398,202,2026-05-29T00:00:00.000000000,PR,56,28,Sênior,11762.17,Exatas,Híbrido,Iniciativa Privada,8,61,1,0
399,404,2026-02-05T00:00:00.000000000,SP,59,25,Sênior,13254.81,Biológicas,Presencial,Iniciativa Privada,4,42,0,0
400,301,2025-12-31T00:00:00.000000000,SP,13,25,Sem vínculo,0.0,Humanas,Presencial,Desempregado,10,89,0,0
401,104,2026-07-31T00:00:00.000000000,MG,32,22,Pleno,9758.18,Tecnologia,Presencial,Iniciativa Privada,4,18,0,0
402,404,2025-11-22T00:00:00.000000000,RJ,32,27,Pleno,4636.44,Biológicas,EAD,Autônomo/PJ,4,48,0,0
403,103,2025-09-04T00:00:00.000000000,SP,103,29,Sem vínculo,0.0,Tecnologia,Presencial,Desempregado,6,64,0,0
404,401,2026-03-10T00:00:00.000000000,SC,26,25,Sênior,10529.71,Biológicas,Presencial,Iniciativa Privada,7,76,1,0
405,104,2025-04-03T00:00:00.000000000,PR,35,27,Pleno,6942.86,Tecnologia,Presencial,Setor Público,10,24,1,0
406,304,2025-09-25T00:00:00.000000000,RJ,102,29,Sem vínculo,0.0,Humanas,Presencial,Desempregado,9,83,1,0
407,102,2025-11-17T00:00:00.000000000,SP,33,24,Pleno,4417.81,Tecnologia,Presencial,Iniciativa Privada,4,40,0,0
408,404,2025-03-03T00:00:00.000000000,PR,116,36,Sênior,12155.31,Biológicas,EAD,Iniciativa Privada,8,22,1,0
409,104,2025-10-27T00:00:00.000000000,MG,69,28,Gestão,18828.32,Tecnologia,Presencial,Iniciativa Privada,7,57,1,0
410,102,2026-02-07T00:00:00.000000000,PR,102,35,Sênior,10704.45,Tecnologia,EAD,Iniciativa Privada,9,87,0,0
411,403,2026-07-21T00:00:00.000000000,PR,74,28,Gestão,16188.36,Biológicas,Presencial,Autônomo/PJ,8,42,1,1
412,104,2025-10-30T00:00:00.000000000,SC,66,30,Sênior,11362.02,Tecnologia,Presencial,ONG,10,39,1,0
413,302,2025-09-10T00:00:00.000000000,RJ,53,27,Pleno,6536.66,Humanas,Presencial,Autônomo/PJ,8,29,1,0
414,301,2026-04-23T00:00:00.000000000,SP,24,29,Pleno,7132.94,Humanas,EAD,Iniciativa Privada,10,33,1,0
415,203,2026-01-04T00:00:00.000000000,MG,9,24,Pleno,4728.41,Exatas,EAD,Iniciativa Privada,4,9,1,0
416,201,2025-06-09T00:00:00.000000000,MG,40,30,Pleno,7618.84,Exatas,Híbrido,Setor Público,7,59,1,0
417,401,2025-06-15T00:00:00.000000000,PR,69,26,Sênior,11871.54,Biológicas,Presencial,Iniciativa Privada,5,0,0,0
418,402,2025-07-24T00:00:00.000000000,SP,54,29,Sênior,11962.15,Biológicas,Presencial,Setor Público,10,11,0,0
419,204,2025-09-24T00:00:00.000000000,SP,22,21,Júnior,3069.82,Exatas,Presencial,Iniciativa Privada,6,45,0,0
420,102,2025-05-18T00:00:00.000000000,RS,49,31,Pleno,6262.6,Tecnologia,Presencial,Setor Público,5,92,1,0
421,102,2026-01-03T00:00:00.000000000,PR,97,31,Sênior,11667.99,Tecnologia,Presencial,Setor Público,6,74,1,0
422,102,2026-03-19T00:00:00.000000000,GO,35,25,Pleno,5410.13,Tecnologia,Presencial,Iniciativa Privada,7,16,0,0
423,202,2026-07-21T00:00:00.000000000,PR,98,34,Gestão,13752.18,Exatas,Presencial,Iniciativa Privada,9,83,1,0
424,403,2025-01-17T00:00:00.000000000,MG,51,31,Pleno,5935.19,Biológicas,EAD,Iniciativa Privada,4,57,0,0
425,304,2025-03-09T00:00:00.000000000,MG,11,25,Pleno,4538.26,Humanas,EAD,Iniciativa Privada,7,37,1,0
426,301,2025-05-13T00:00:00.000000000,RS,104,33,Sênior,10266.29,Humanas,Presencial,Setor Público,5,5,1,0
427,201,2026-03-06T00:00:00.000000000,MG,110,31,Sênior,11185.95,Exatas,Presencial,Autônomo/PJ,8,61,1,0
428,104,2025-11-04T00:00:00.000000000,MG,42,29,Sênior,12092.63,Tecnologia,EAD,Autônomo/PJ,6,83,0,0
429,301,2025-06-23T00:00:00.000000000,SP,29,29,Sem vínculo,0.0,Humanas,Presencial,Desempregado,6,73,0,0
430,304,2026-02-16T00:00:00.000000000,RJ,98,32,Gestão,19135.22,Humanas,EAD,Iniciativa Privada,5,9,0,0
431,301,2025-04-07T00:00:00.000000000,PR,118,31,Sênior,12533.0,Humanas,Híbrido,Iniciativa Privada,4,94,1,0
432,102,2025-06-03T00:00:00.000000000,SP,51,30,Pleno,5597.83,Tecnologia,Híbrido,Iniciativa Privada,7,25,0,0
433,201,2025-08-30T00:00:00.000000000,SP,58,31,Pleno,4583.57,Exatas,Presencial,Autônomo/PJ,5,57,1,0
434,104,2025-10-31T00:00:00.000000000,SP,100,35,Sênior,11028.61,Tecnologia,EAD,Iniciativa Privada,10,16,1,0
435,104,2025-10-12T00:00:00.000000000,SP,104,30,Sênior,12786.93,Tecnologia,EAD,Autônomo/PJ,7,52,0,0
436,304,2025-01-27T00:00:00.000000000,SP,65,29,Gestão,18315.26,Humanas,Presencial,Iniciativa Privada,10,77,0,1
437,104,2026-02-06T00:00:00.000000000,RJ,102,34,Sem vínculo,0.0,Tecnologia,EAD,Desempregado,4,4,1,0
438,404,2025-12-26T00:00:00.000000000,GO,68,32,Sem vínculo,0.0,Biológicas,Presencial,Desempregado,8,66,0,0
439,103,2025-03-01T00:00:00.000000000,RJ,90,34,Gestão,18637.3,Tecnologia,EAD,Iniciativa Privada,10,19,0,0
440,203,2025-07-21T00:00:00.000000000,SP,37,29,Sênior,12260.04,Exatas,Presencial,Iniciativa Privada,7,50,1,0
441,401,2026-01-05T00:00:00.000000000,SP,92,27,Sênior,9812.1,Biológicas,Presencial,Setor Público,10,45,1,1
442,204,2026-06-17T00:00:00.000000000,MG,38,25,Júnior,3057.51,Exatas,EAD,Iniciativa Privada,4,78,1,0
443,401,2025-06-01T00:00:00.000000000,SP,72,28,Sênior,10552.61,Biológicas,Presencial,Iniciativa Privada,5,66,0,0
444,304,2025-04-12T00:00:00.000000000,SC,23,24,Pleno,6813.19,Humanas,Presencial,Setor Público,9,2,1,0
445,404,2026-03-22T00:00:00.000000000,MG,30,26,Júnior,5209.5,Biológicas,Presencial,Iniciativa Privada,8,22,1,0
446,103,2025-08-17T00:00:00.000000000,PR,111,30,Sênior,13133.55,Tecnologia,Presencial,Setor Público,8,8,0,0
447,103,2025-05-05T00:00:00.000000000,SP,100,28,Pleno,4711.11,Tecnologia,EAD,Setor Público,8,10,1,0
448,202,2025-08-24T00:00:00.000000000,MG,59,30,Pleno,6851.21,Exatas,Presencial,Iniciativa Privada,6,46,1,0
449,303,2025-06-11T00:00:00.000000000,SP,63,31,Gestão,17686.36,Humanas,Presencial,Iniciativa Privada,9,48,0,1
450,202,2026-07-08T00:00:00.000000000,GO,72,32,Gestão,16696.97,Exatas,Presencial,Iniciativa Privada,4,43,0,0
451,102,2025-12-19T00:00:00.000000000,MG,109,29,Gestão,16771.73,Tecnologia,Presencial,Autônomo/PJ,7,12,1,0
452,102,2025-03-09T00:00:00.000000000,SP,51,31,Pleno,4939.64,Tecnologia,EAD,Iniciativa Privada,5,7,0,0
453,102,2025-06-22T00:00:00.000000000,SP,29,28,Pleno,6876.95,Tecnologia,Presencial,ONG,10,62,1,1
454,302,2026-07-13T00:00:00.000000000,SP,119,35,Pleno,6071.97,Humanas,EAD,Iniciativa Privada,10,21,1,0
455,101,2025-09-18T00:00:00.000000000,MG,37,27,Pleno,5632.7,Tecnologia,Presencial,Iniciativa Privada,8,37,1,0
456,103,2025-08-05T00:00:00.000000000,SP,52,29,Júnior,3930.09,Tecnologia,Presencial,Iniciativa Privada,8,26,0,0
457,102,2025-05-04T00:00:00.000000000,MG,91,32,Sênior,10776.39,Tecnologia,EAD,Iniciativa Privada,8,25,1,0
458,304,2025-06-11T00:00:00.000000000,SP,28,25,Pleno,6995.75,Humanas,Presencial,Iniciativa Privada,4,22,0,0
459,403,2025-07-20T00:00:00.000000000,MG,71,28,Pleno,6450.52,Biológicas,Presencial,Setor Público,5,94,0,0
460,203,2026-03-30T00:00:00.000000000,SC,32,28,Pleno,5405.28,Exatas,Presencial,Iniciativa Privada,4,92,1,0
461,102,2026-02-06T00:00:00.000000000,PR,111,33,Sênior,11944.07,Tecnologia,Presencial,Iniciativa Privada,5,64,1,0
462,101,2026-04-07T00:00:00.000000000,PR,7,26,Júnior,5175.39,Tecnologia,Presencial,Iniciativa Privada,7,73,0,0
463,202,2025-10-02T00:00:00.000000000,SP,95,30,Sênior,12511.97,Exatas,EAD,Autônomo/PJ,10,46,0,0
464,201,2025-07-25T00:00:00.000000000,SP,22,21,Júnior,3380.33,Exatas,Presencial,Setor Público,6,60,0,0
465,204,2025-02-09T00:00:00.000000000,MG,109,29,Gestão,16740.95,Exatas,Presencial,Iniciativa Privada,5,45,1,0
466,403,2025-09-30T00:00:00.000000000,SP,38,30,Pleno,6388.16,Biológicas,Híbrido,Autônomo/PJ,9,3,1,0
467,404,2025-04-03T00:00:00.000000000,RJ,14,22,Pleno,5636.71,Biológicas,Híbrido,Iniciativa Privada,4,30,0,0
468,101,2025-02-11T00:00:00.000000000,SP,48,29,Júnior,4409.43,Tecnologia,Presencial,Autônomo/PJ,4,3,0,0
469,101,2026-04-10T00:00:00.000000000,SP,53,28,Júnior,3171.36,Tecnologia,Presencial,Iniciativa Privada,4,28,0,0
470,204,2026-01-14T00:00:00.000000000,SP,44,25,Pleno,6778.76,Exatas,Presencial,Iniciativa Privada,6,72,1,0
471,201,2025-04-17T00:00:00.000000000,RS,98,33,Sem vínculo,0.0,Exatas,Presencial,Desempregado,5,78,0,0
472,204,2025-11-24T00:00:00.000000000,SP,47,25,Sênior,13296.13,Exatas,Presencial,Iniciativa Privada,5,43,0,0
473,303,2025-03-06T00:00:00.000000000,MG,31,23,Júnior,3487.75,Humanas,Presencial,Autônomo/PJ,5,2,1,0
474,104,2025-12-31T00:00:00.000000000,SP,104,29,Sênior,11838.09,Tecnologia,Presencial,Iniciativa Privada,5,58,1,0
475,403,2026-04-29T00:00:00.000000000,MG,55,30,Pleno,7205.29,Biológicas,Presencial,Setor Público,8,78,1,0
476,304,2025-01-24T00:00:00.000000000,SP,30,25,Pleno,7154.84,Humanas,Presencial,ONG,8,52,1,0
477,401,2026-06-24T00:00:00.000000000,RS,29,23,Pleno,6669.69,Biológicas,Presencial,Iniciativa Privada,9,10,1,0
478,304,2025-03-03T00:00:00.000000000,RS,18,22,Júnior,3700.13,Humanas,Presencial,Autônomo/PJ,4,5,1,0
479,301,2026-05-06T00:00:00.000000000,SP,65,27,Gestão,15980.28,Humanas,Presencial,Setor Público,10,46,0,1
480,104,2025-09-30T00:00:00.000000000,GO,12,24,Júnior,4343.96,Tecnologia,EAD,Setor Público,8,6,1,0
481,304,2025-08-17T00:00:00.000000000,BA,62,26,Sênior,11433.51,Humanas,Híbrido,Iniciativa Privada,10,67,0,1
482,102,2025-01-20T00:00:00.000000000,SC,41,28,Pleno,6327.3,Tecnologia,Híbrido,ONG,10,84,0,1
483,301,2025-01-03T00:00:00.000000000,SC,50,31,Sênior,10375.12,Humanas,Presencial,Iniciativa Privada,5,0,1,0
484,102,2026-02-25T00:00:00.000000000,SP,25,23,Pleno,5506.57,Tecnologia,EAD,Iniciativa Privada,5,55,1,0
485,101,2025-11-03T00:00:00.000000000,MG,70,32,Gestão,17467.16,Tecnologia,Presencial,ONG,8,86,0,0
486,102,2026-03-08T00:00:00.000000000,SP,13,24,Júnior,5420.78,Tecnologia,Presencial,Autônomo/PJ,7,76,1,0
487,103,2025-05-16T00:00:00.000000000,SP,115,35,Sênior,9594.53,Tecnologia,EAD,Iniciativa Privada,9,42,0,0
488,104,2026-05-30T00:00:00.000000000,BA,21,25,Pleno,5974.82,Tecnologia,EAD,Iniciativa Privada,10,27,0,0
489,401,2025-07-12T00:00:00.000000000,SP,19,24,Júnior,2125.9,Biológicas,Presencial,Iniciativa Privada,10,28,1,0
490,101,2026-02-19T00:00:00.000000000,PR,81,28,Sênior,12530.31,Tecnologia,Presencial,Iniciativa Privada,4,17,1,0
491,304,2025-04-28T00:00:00.000000000,SC,92,31,Sênior,10109.48,Humanas,Presencial,Iniciativa Privada,6,86,1,0
492,101,2025-07-28T00:00:00.000000000,RS,20,26,Júnior,2474.23,Tecnologia,EAD,Setor Público,9,91,1,0
493,201,2025-02-03T00:00:00.000000000,BA,97,28,Sênior,11097.72,Exatas,Híbrido,Iniciativa Privada,4,72,0,0
494,102,2025-11-14T00:00:00.000000000,SP,103,35,Sênior,13572.79,Tecnologia,Presencial,Autônomo/PJ,4,61,0,0
495,101,2025-04-30T00:00:00.000000000,SP,71,32,Sênior,11429.48,Tecnologia,Híbrido,Autônomo/PJ,4,5,1,0
496,103,2026-06-09T00:00:00.000000000,RJ,37,30,Pleno,6752.43,Tecnologia,Presencial,Iniciativa Privada,9,15,1,0
497,203,2025-03-30T00:00:00.000000000,SP,92,30,Gestão,17453.55,Exatas,Híbrido,Iniciativa Privada,10,100,1,0
498,104,2026-05-27T00:00:00.000000000,SP,68,32,Sênior,11059.01,Tecnologia,EAD,Iniciativa Privada,9,0,0,0
499,401,2025-02-16T00:00:00.000000000,SP,91,33,Gestão,14749.43,Biológicas,Presencial,Iniciativa Privada,8,21,1,1
500,204,2026-06-06T00:00:00.000000000,PR,56,31,Júnior,4356.96,Exatas,Presencial,Autônomo/PJ,10,45,0,0
501,403,2025-10-11T00:00:00.000000000,MG,30,24,Pleno,5479.73,Biológicas,Presencial,Iniciativa Privada,4,61,0,0
502,401,2026-01-12T00:00:00.000000000,SP,63,30,Sênior,13318.15,Biológicas,Híbrido,Setor Público,5,22,1,0
503,301,2025-05-14T00:00:00.000000000,MG,68,32,Sênior,10075.62,Humanas,Presencial,Iniciativa Privada,4,20,1,0
504,404,2025-09-05T00:00:00.000000000,SP,67,32,Sênior,11149.74,Biológicas,EAD,Iniciativa Privada,5,50,1,0
505,103,2025-11-14T00:00:00.000000000,SP,27,26,Pleno,6292.46,Tecnologia,Presencial,Iniciativa Privada,8,94,0,1
506,401,2026-03-12T00:00:00.000000000,PR,63,30,Sênior,11637.46,Biológicas,Híbrido,Iniciativa Privada,8,37,0,0
507,104,2025-06-25T00:00:00.000000000,MG,63,32,Sênior,11765.97,Tecnologia,Presencial,Iniciativa Privada,4,27,1,0
508,203,2025-12-17T00:00:00.000000000,PR,91,30,Gestão,14920.57,Exatas,Presencial,Iniciativa Privada,9,43,0,0
509,304,2025-05-23T00:00:00.000000000,SP,54,25,Sênior,11156.32,Humanas,Presencial,ONG,5,90,1,0
510,402,2026-02-02T00:00:00.000000000,SC,57,30,Sênior,10898.3,Biológicas,Presencial,Autônomo/PJ,5,38,0,0
511,401,2026-01-04T00:00:00.000000000,MG,47,26,Pleno,5205.52,Biológicas,Presencial,Iniciativa Privada,5,41,0,0
512,102,2026-05-16T00:00:00.000000000,MG,75,26,Sênior,12511.8,Tecnologia,EAD,Iniciativa Privada,5,41,0,0
513,203,2026-01-05T00:00:00.000000000,MG,20,24,Júnior,4554.48,Exatas,Presencial,Iniciativa Privada,6,59,1,0
514,302,2026-01-17T00:00:00.000000000,RS,59,28,Pleno,5838.2,Humanas,Presencial,Iniciativa Privada,8,56,1,0
515,302,2025-03-27T00:00:00.000000000,MG,112,33,Pleno,7148.6,Humanas,Presencial,Iniciativa Privada,5,76,1,0
516,103,2026-04-05T00:00:00.000000000,MG,65,32,Sênior,13235.57,Tecnologia,Presencial,Iniciativa Privada,6,95,1,0
517,204,2025-11-21T00:00:00.000000000,BA,106,31,Sênior,11168.4,Exatas,Presencial,Iniciativa Privada,6,6,0,0
518,402,2026-06-06T00:00:00.000000000,PR,102,32,Gestão,17276.17,Biológicas,EAD,Iniciativa Privada,8,50,0,0
519,304,2026-05-04T00:00:00.000000000,RJ,13,22,Júnior,2399.27,Humanas,Presencial,Iniciativa Privada,7,96,0,0
520,202,2026-02-01T00:00:00.000000000,PR,58,29,Sênior,9218.97,Exatas,Presencial,Iniciativa Privada,4,76,1,0
521,304,2025-12-21T00:00:00.000000000,SP,65,28,Gestão,18253.58,Humanas,EAD,Autônomo/PJ,8,31,1,1
522,203,2025-10-15T00:00:00.000000000,SP,113,35,Gestão,14609.72,Exatas,Presencial,Iniciativa Privada,7,6,1,0
523,402,2026-04-04T00:00:00.000000000,MG,113,30,Pleno,5701.26,Biológicas,EAD,Iniciativa Privada,9,75,1,1
524,203,2026-06-20T00:00:00.000000000,GO,10,27,Júnior,3198.73,Exatas,Presencial,Setor Público,4,39,0,0
525,202,2025-10-18T00:00:00.000000000,GO,108,34,Gestão,15384.18,Exatas,Presencial,ONG,4,14,0,0
526,403,2025-06-17T00:00:00.000000000,SP,73,32,Gestão,17356.09,Biológicas,EAD,ONG,4,58,1,0
527,103,2026-03-04T00:00:00.000000000,RJ,11,27,Júnior,4174.16,Tecnologia,Presencial,Autônomo/PJ,6,84,0,0
528,402,2026-05-05T00:00:00.000000000,SP,114,35,Sênior,11815.16,Biológicas,Presencial,Iniciativa Privada,5,11,0,0
529,302,2025-12-21T00:00:00.000000000,BA,101,35,Sênior,11713.77,Humanas,EAD,Setor Público,4,76,0,0
530,402,2025-07-15T00:00:00.000000000,BA,99,34,Sênior,11308.11,Biológicas,Presencial,Autônomo/PJ,10,41,1,0
531,101,2026-06-29T00:00:00.000000000,MG,52,29,Sênior,11057.72,Tecnologia,Presencial,Iniciativa Privada,5,38,0,0
532,304,2025-01-11T00:00:00.000000000,SC,104,29,Sênior,12746.8,Humanas,Híbrido,Iniciativa Privada,4,62,0,0
533,401,2025-09-13T00:00:00.000000000,PR,60,31,Pleno,7577.04,Biológicas,EAD,ONG,6,1,0,0
534,301,2026-01-31T00:00:00.000000000,MG,45,29,Pleno,5287.2,Humanas,Presencial,Iniciativa Privada,9,28,0,0
535,103,2026-02-13T00:00:00.000000000,SP,57,26,Pleno,5788.75,Tecnologia,EAD,Iniciativa Privada,4,60,0,0
536,102,2025-12-28T00:00:00.000000000,RJ,21,24,Júnior,4330.92,Tecnologia,Presencial,Iniciativa Privada,8,28,0,0
537,204,2025-09-16T00:00:00.000000000,MG,18,26,Júnior,3937.08,Exatas,Presencial,Iniciativa Privada,10,99,0,1
538,203,2025-01-03T00:00:00.000000000,MG,119,36,Gestão,16846.98,Exatas,EAD,Iniciativa Privada,7,37,1,0
539,301,2025-03-25T00:00:00.000000000,SP,111,34,Sênior,10015.19,Humanas,Presencial,Setor Público,4,6,0,0
540,202,2025-06-05T00:00:00.000000000,GO,35,26,Pleno,6545.83,Exatas,Presencial,Autônomo/PJ,10,29,0,0
541,403,2025-06-25T00:00:00.000000000,SP,24,29,Pleno,5798.33,Biológicas,Presencial,Iniciativa Privada,7,86,0,0
542,202,2026-04-17T00:00:00.000000000,RJ,22,26,Júnior,1500.0,Exatas,Híbrido,ONG,7,91,1,0
543,103,2026-02-28T00:00:00.000000000,MG,68,26,Sênior,14185.42,Tecnologia,Presencial,Iniciativa Privada,10,55,1,0
544,102,2025-05-14T00:00:00.000000000,MG,24,29,Pleno,3854.55,Tecnologia,Presencial,Iniciativa Privada,6,86,1,0
545,301,2026-01-15T00:00:00.000000000,MG,97,35,Gestão,15738.93,Humanas,Presencial,Autônomo/PJ,9,35,1,1
546,204,2025-10-04T00:00:00.000000000,SP,63,30,Gestão,18276.74,Exatas,Presencial,Autônomo/PJ,7,41,0,0
547,201,2025-08-24T00:00:00.000000000,SP,60,32,Sênior,13156.04,Exatas,Presencial,Setor Público,6,92,1,0
548,304,2025-01-13T00:00:00.000000000,MG,95,29,Sênior,11740.84,Humanas,Híbrido,ONG,9,3,1,0
549,202,2025-12-08T00:00:00.000000000,MG,106,31,Gestão,17152.41,Exatas,Presencial,Autônomo/PJ,4,83,1,0
550,403,2025-02-04T00:00:00.000000000,SP,95,34,Sênior,10738.09,Biológicas,Presencial,ONG,5,4,0,0
551,401,2026-07-13T00:00:00.000000000,PR,67,28,Gestão,17626.17,Biológicas,Presencial,Iniciativa Privada,6,45,0,0
552,104,2025-08-02T00:00:00.000000000,RJ,28,27,Pleno,7424.35,Tecnologia,EAD,Autônomo/PJ,7,74,1,0
553,401,2026-02-16T00:00:00.000000000,MG,14,27,Sem vínculo,0.0,Biológicas,Presencial,Desempregado,7,1,1,0
554,304,2026-02-09T00:00:00.000000000,SC,17,21,Júnior,5367.06,Humanas,EAD,Autônomo/PJ,4,53,0,0
555,201,2026-05-09T00:00:00.000000000,SP,6,20,Júnior,1843.16,Exatas,Híbrido,Iniciativa Privada,10,87,1,0
556,204,2025-06-08T00:00:00.000000000,SP,63,31,Gestão,16376.98,Exatas,Presencial,Iniciativa Privada,6,58,0,0
557,404,2025-04-20T00:00:00.000000000,PR,6,26,Júnior,2188.09,Biológicas,Híbrido,Setor Público,4,32,1,0
558,402,2026-07-03T00:00:00.000000000,MG,116,35,Gestão,16751.44,Biológicas,Presencial,Iniciativa Privada,6,21,1,0
559,204,2026-06-10T00:00:00.000000000,MG,39,24,Sem vínculo,0.0,Exatas,Presencial,Desempregado,5,46,1,0
560,102,2025-12-13T00:00:00.000000000,SC,101,28,Pleno,7150.86,Tecnologia,EAD,Iniciativa Privada,8,5,0,0
561,304,2025-10-06T00:00:00.000000000,SC,53,30,Pleno,6654.74,Humanas,EAD,Iniciativa Privada,4,23,1,0
562,103,2026-04-24T00:00:00.000000000,BA,94,28,Sem vínculo,0.0,Tecnologia,EAD,Desempregado,7,92,0,0
563,303,2025-04-21T00:00:00.000000000,RJ,109,33,Sênior,11466.39,Humanas,Presencial,Iniciativa Privada,4,48,1,0
564,403,2026-03-07T00:00:00.000000000,RJ,114,36,Sênior,9982.73,Biológicas,Híbrido,Iniciativa Privada,10,95,0,1
565,204,2026-06-26T00:00:00.000000000,RJ,6,21,Júnior,1518.32,Exatas,EAD,Setor Público,6,93,1,0
566,102,2025-04-25T00:00:00.000000000,SP,21,21,Júnior,4061.24,Tecnologia,Presencial,Setor Público,4,50,1,0
567,302,2025-03-31T00:00:00.000000000,MG,66,30,Sênior,10697.48,Humanas,Híbrido,Iniciativa Privada,5,40,1,0
568,104,2025-07-31T00:00:00.000000000,SP,108,33,Sem vínculo,0.0,Tecnologia,Híbrido,Desempregado,6,66,1,0
569,103,2026-07-04T00:00:00.000000000,GO,69,25,Sênior,11142.7,Tecnologia,Presencial,Iniciativa Privada,10,88,0,0
570,303,2026-06-23T00:00:00.000000000,MG,68,32,Sênior,10760.89,Humanas,EAD,Setor Público,10,91,0,1
571,402,2025-12-26T00:00:00.000000000,MG,74,27,Sênior,9711.2,Biológicas,EAD,Iniciativa Privada,9,78,1,0
572,303,2026-05-01T00:00:00.000000000,SP,27,24,Pleno,6767.26,Humanas,EAD,Setor Público,10,80,0,1
573,201,2026-01-07T00:00:00.000000000,SP,98,31,Gestão,17472.66,Exatas,Presencial,Iniciativa Privada,7,1,1,0
574,302,2025-08-03T00:00:00.000000000,SP,72,33,Pleno,7737.48,Humanas,EAD,Iniciativa Privada,7,90,0,0
575,103,2025-01-15T00:00:00.000000000,RJ,81,26,Sênior,10769.26,Tecnologia,Híbrido,Iniciativa Privada,6,99,0,0
576,402,2025-09-16T00:00:00.000000000,SP,31,28,Sênior,10795.15,Biológicas,Presencial,Autônomo/PJ,9,77,0,1
577,301,2026-04-08T00:00:00.000000000,MG,21,22,Júnior,2247.99,Humanas,EAD,Iniciativa Privada,5,42,1,0
578,402,2025-04-30T00:00:00.000000000,RS,56,30,Júnior,4441.05,Biológicas,Presencial,Setor Público,10,31,1,0
579,402,2025-05-08T00:00:00.000000000,RS,106,34,Gestão,17632.28,Biológicas,Presencial,Autônomo/PJ,4,11,1,0
580,202,2026-06-07T00:00:00.000000000,MG,91,33,Sênior,9502.0,Exatas,Presencial,Iniciativa Privada,8,22,0,0
581,402,2025-11-21T00:00:00.000000000,SP,62,31,Sênior,11880.82,Biológicas,EAD,Iniciativa Privada,7,15,0,0
582,401,2025-11-16T00:00:00.000000000,RS,34,28,Júnior,4791.81,Biológicas,Presencial,Iniciativa Privada,5,43,1,0
583,304,2026-05-21T00:00:00.000000000,RS,83,30,Gestão,16617.23,Humanas,Presencial,Setor Público,10,1,0,1
584,102,2026-06-10T00:00:00.000000000,SP,97,28,Gestão,15328.58,Tecnologia,Presencial,Iniciativa Privada,5,6,1,0
585,302,2025-02-19T00:00:00.000000000,PR,74,33,Sênior,13232.93,Humanas,Presencial,Iniciativa Privada,5,20,1,0
586,103,2025-03-10T00:00:00.000000000,SP,52,24,Sênior,10642.28,Tecnologia,Presencial,Setor Público,4,57,1,0
587,302,2026-01-26T00:00:00.000000000,SC,118,36,Sênior,9503.39,Humanas,EAD,Setor Público,5,94,1,0
588,103,2026-01-18T00:00:00.000000000,BA,99,31,Sênior,10241.58,Tecnologia,EAD,Iniciativa Privada,5,22,0,0
589,304,2025-01-16T00:00:00.000000000,SP,115,30,Gestão,16565.8,Humanas,Presencial,Iniciativa Privada,6,59,1,1
590,401,2026-03-15T00:00:00.000000000,RS,67,27,Sênior,10776.48,Biológicas,Presencial,Autônomo/PJ,6,24,0,0
591,101,2026-07-22T00:00:00.000000000,MG,74,30,Sem vínculo,0.0,Tecnologia,EAD,Desempregado,5,34,1,0
592,304,2025-05-12T00:00:00.000000000,BA,81,27,Sênior,11469.7,Humanas,Presencial,ONG,5,98,1,0
593,101,2026-07-14T00:00:00.000000000,RJ,21,25,Pleno,6717.02,Tecnologia,Híbrido,Setor Público,6,44,1,0
594,304,2025-09-05T00:00:00.000000000,SC,95,34,Gestão,16898.51,Humanas,Presencial,Iniciativa Privada,4,6,0,0
595,304,2025-09-30T00:00:00.000000000,SP,95,27,Sênior,10948.17,Humanas,Presencial,Iniciativa Privada,6,68,1,0
596,104,2025-12-15T00:00:00.000000000,SP,53,30,Pleno,5313.57,Tecnologia,Presencial,Iniciativa Privada,10,31,1,0
597,201,2026-04-29T00:00:00.000000000,SP,90,30,Gestão,15999.43,Exatas,Presencial,Iniciativa Privada,6,52,1,0
598,403,2026-07-04T00:00:00.000000000,BA,44,26,Pleno,6867.32,Biológicas,Presencial,Setor Público,6,68,1,0
599,204,2025-12-23T00:00:00.000000000,SC,105,33,Sênior,11532.56,Exatas,Presencial,Iniciativa Privada,6,24,1,0
600,302,2025-11-14T00:00:00.000000000,RS,38,25,Pleno,7842.53,Humanas,Presencial,Iniciativa Privada,8,94,1,1
601,301,2025-02-17T00:00:00.000000000,GO,99,31,Sem vínculo,0.0,Humanas,Presencial,Desempregado,7,83,1,0
602,104,2025-01-10T00:00:00.000000000,SP,106,34,Gestão,16687.96,Tecnologia,Presencial,Iniciativa Privada,10,85,1,0
603,404,2025-08-21T00:00:00.000000000,SP,28,22,Pleno,5926.96,Biológicas,Híbrido,Iniciativa Privada,10,76,1,0
604,202,2025-02-05T00:00:00.000000000,SP,15,23,Júnior,2231.96,Exatas,EAD,Iniciativa Privada,4,1,1,0
605,203,2026-02-17T00:00:00.000000000,SP,74,33,Sênior,12228.16,Exatas,EAD,Setor Público,9,85,0,0
606,103,2026-04-07T00:00:00.000000000,SP,105,29,Gestão,17699.29,Tecnologia,EAD,Setor Público,4,60,1,0
607,203,2025-01-04T00:00:00.000000000,RJ,39,30,Júnior,5400.38,Exatas,Presencial,Iniciativa Privada,10,8,1,0
608,304,2025-02-13T00:00:00.000000000,SP,57,30,Pleno,6997.91,Humanas,EAD,Iniciativa Privada,5,50,0,0
609,304,2026-07-22T00:00:00.000000000,SP,100,34,Gestão,17557.86,Humanas,Presencial,Autônomo/PJ,8,1,0,0
610,304,2026-07-08T00:00:00.000000000,SP,15,24,Júnior,4807.51,Humanas,Presencial,Autônomo/PJ,5,44,1,0
611,301,2025-09-12T00:00:00.000000000,SP,24,24,Sem vínculo,0.0,Humanas,Presencial,Desempregado,4,31,1,0
612,202,2025-04-24T00:00:00.000000000,BA,63,25,Gestão,16735.73,Exatas,EAD,Autônomo/PJ,4,71,0,0
613,204,2026-02-01T00:00:00.000000000,PR,101,35,Gestão,17902.24,Exatas,EAD,Setor Público,9,79,1,0
614,402,2025-06-23T00:00:00.000000000,BA,6,25,Júnior,5790.32,Biológicas,Presencial,Iniciativa Privada,9,96,0,1
615,402,2025-09-12T00:00:00.000000000,RJ,74,33,Gestão,18081.75,Biológicas,Presencial,Iniciativa Privada,5,74,0,0
616,203,2026-04-11T00:00:00.000000000,SP,114,33,Gestão,16067.76,Exatas,Presencial,Iniciativa Privada,7,31,0,0
617,301,2025-10-04T00:00:00.000000000,PR,9,24,Júnior,2458.9,Humanas,Presencial,Setor Público,5,7,1,0
618,104,2026-04-09T00:00:00.000000000,SP,21,21,Júnior,3032.64,Tecnologia,Híbrido,Autônomo/PJ,7,95,0,0
619,103,2026-05-17T00:00:00.000000000,SP,29,22,Júnior,3465.21,Tecnologia,Presencial,Iniciativa Privada,7,84,0,0
620,303,2026-03-17T00:00:00.000000000,SP,85,31,Gestão,16397.69,Humanas,Presencial,Iniciativa Privada,6,88,0,0
621,204,2025-03-10T00:00:00.000000000,SP,7,25,Júnior,3887.46,Exatas,Presencial,Iniciativa Privada,4,19,0,0
622,102,2026-05-24T00:00:00.000000000,SP,118,31,Sem vínculo,0.0,Tecnologia,Presencial,Desempregado,6,64,0,0
623,303,2025-11-22T00:00:00.000000000,SP,97,32,Pleno,5260.81,Humanas,Presencial,Setor Público,4,20,0,0
624,402,2025-03-08T00:00:00.000000000,MG,37,23,Pleno,6279.31,Biológicas,Híbrido,Autônomo/PJ,6,6,0,0
625,401,2025-10-31T00:00:00.000000000,SP,96,31,Gestão,15623.59,Biológicas,Híbrido,Autônomo/PJ,7,88,1,1
626,202,2026-04-29T00:00:00.000000000,SP,89,28,Sem vínculo,0.0,Exatas,Híbrido,Desempregado,6,8,0,0
627,201,2026-07-02T00:00:00.000000000,SC,29,27,Pleno,7649.76,Exatas,EAD,Autônomo/PJ,8,85,1,0
628,102,2026-02-21T00:00:00.000000000,SP,17,27,Pleno,4917.63,Tecnologia,EAD,Autônomo/PJ,6,1,0,0
629,303,2025-06-08T00:00:00.000000000,SP,55,29,Pleno,5088.06,Humanas,Híbrido,Iniciativa Privada,9,18,1,0
630,403,2025-05-29T00:00:00.000000000,RS,40,26,Pleno,7723.84,Biológicas,Híbrido,Iniciativa Privada,9,59,0,0
631,401,2025-01-27T00:00:00.000000000,SP,38,26,Pleno,7058.32,Biológicas,Híbrido,Iniciativa Privada,6,69,1,0
632,304,2025-09-05T00:00:00.000000000,SP,38,29,Pleno,6111.6,Humanas,Híbrido,Iniciativa Privada,6,58,0,0
633,101,2025-04-11T00:00:00.000000000,RJ,66,32,Sem vínculo,0.0,Tecnologia,EAD,Desempregado,8,68,1,0
634,201,2025-04-06T00:00:00.000000000,SP,56,24,Pleno,6627.87,Exatas,Presencial,Iniciativa Privada,4,44,0,0
635,202,2026-01-19T00:00:00.000000000,MG,48,28,Sênior,11224.6,Exatas,Presencial,ONG,6,61,0,0
636,402,2025-10-09T00:00:00.000000000,SC,106,35,Sênior,12098.45,Biológicas,EAD,Iniciativa Privada,4,9,1,0
637,101,2025-11-18T00:00:00.000000000,SP,17,23,Júnior,1500.0,Tecnologia,Presencial,Iniciativa Privada,9,64,1,0
638,203,2026-01-31T00:00:00.000000000,MG,72,31,Sem vínculo,0.0,Exatas,EAD,Desempregado,5,25,1,0
639,102,2025-10-05T00:00:00.000000000,RJ,70,31,Sênior,12076.62,Tecnologia,EAD,Iniciativa Privada,7,89,1,0
640,304,2026-06-13T00:00:00.000000000,SP,38,28,Pleno,5757.13,Humanas,EAD,Iniciativa Privada,5,59,0,0
641,302,2025-09-20T00:00:00.000000000,MG,45,30,Sênior,13843.04,Humanas,Presencial,Iniciativa Privada,8,17,1,0
642,302,2025-10-20T00:00:00.000000000,SP,79,29,Gestão,15666.93,Humanas,Presencial,Setor Público,8,58,1,0
643,304,2025-10-21T00:00:00.000000000,RJ,48,28,Pleno,7372.63,Humanas,Presencial,Iniciativa Privada,4,20,0,0
644,301,2026-01-30T00:00:00.000000000,SP,49,29,Pleno,6352.29,Humanas,Presencial,Setor Público,4,45,1,0
645,104,2026-05-28T00:00:00.000000000,RJ,34,24,Pleno,4627.59,Tecnologia,EAD,Setor Público,10,11,1,0
646,201,2025-06-29T00:00:00.000000000,SP,18,24,Pleno,8029.36,Exatas,Presencial,Autônomo/PJ,10,77,0,1
647,401,2025-08-23T00:00:00.000000000,SC,17,23,Júnior,4479.16,Biológicas,Presencial,Autônomo/PJ,6,31,0,0
648,101,2025-12-03T00:00:00.000000000,SP,100,32,Gestão,18195.04,Tecnologia,Presencial,Iniciativa Privada,10,38,0,0
649,104,2025-01-08T00:00:00.000000000,RJ,51,29,Pleno,9342.18,Tecnologia,EAD,Iniciativa Privada,5,98,1,0
650,201,2026-03-19T00:00:00.000000000,RJ,7,21,Júnior,3014.19,Exatas,Presencial,Autônomo/PJ,4,80,1,0
651,203,2026-06-23T00:00:00.000000000,PR,119,36,Gestão,17648.85,Exatas,EAD,Iniciativa Privada,9,54,1,0
652,204,2025-04-01T00:00:00.000000000,MG,40,28,Pleno,6949.77,Exatas,Presencial,Iniciativa Privada,4,54,1,0
653,203,2025-09-29T00:00:00.000000000,MG,92,34,Gestão,14527.32,Exatas,Presencial,Iniciativa Privada,10,9,0,0
654,401,2025-01-05T00:00:00.000000000,PR,86,31,Pleno,3791.13,Biológicas,EAD,ONG,9,34,0,0
655,302,2025-08-07T00:00:00.000000000,RS,95,32,Gestão,16884.99,Humanas,Híbrido,Iniciativa Privada,4,79,1,0
656,101,2025-04-28T00:00:00.000000000,SP,13,28,Pleno,7710.16,Tecnologia,Presencial,Iniciativa Privada,10,5,1,0
657,303,2025-04-25T00:00:00.000000000,RJ,98,34,Gestão,18560.3,Humanas,EAD,Setor Público,7,67,0,0
658,403,2025-09-20T00:00:00.000000000,SC,31,29,Pleno,7949.74,Biológicas,EAD,Setor Público,4,61,0,0
659,404,2025-11-02T00:00:00.000000000,BA,79,31,Gestão,14422.53,Biológicas,EAD,Iniciativa Privada,7,8,0,0
660,202,2026-02-26T00:00:00.000000000,RS,95,27,Gestão,18822.55,Exatas,Presencial,Iniciativa Privada,8,28,0,0
661,104,2025-07-26T00:00:00.000000000,SP,39,28,Pleno,6843.66,Tecnologia,EAD,Autônomo/PJ,6,70,0,0
662,403,2025-10-30T00:00:00.000000000,SP,110,34,Sem vínculo,0.0,Biológicas,Híbrido,Desempregado,5,79,0,0
663,301,2025-04-22T00:00:00.000000000,RJ,12,28,Júnior,1582.34,Humanas,EAD,Setor Público,4,5,0,0
664,202,2026-02-21T00:00:00.000000000,PR,73,28,Gestão,16222.59,Exatas,EAD,Iniciativa Privada,7,43,1,0
665,101,2026-07-09T00:00:00.000000000,RJ,63,26,Gestão,19786.95,Tecnologia,Presencial,Iniciativa Privada,10,63,1,0
666,301,2025-10-12T00:00:00.000000000,RJ,119,31,Gestão,15268.0,Humanas,Presencial,ONG,4,66,1,0
667,102,2025-07-04T00:00:00.000000000,SC,114,36,Gestão,16657.62,Tecnologia,EAD,Autônomo/PJ,4,43,1,0
668,104,2025-08-09T00:00:00.000000000,SP,80,28,Gestão,17931.11,Tecnologia,Presencial,Iniciativa Privada,7,77,1,0
669,101,2026-03-20T00:00:00.000000000,RS,34,25,Pleno,7316.66,Tecnologia,Híbrido,Iniciativa Privada,4,13,1,0
670,203,2025-04-27T00:00:00.000000000,RJ,41,23,Pleno,7676.13,Exatas,Híbrido,Autônomo/PJ,5,8,0,0
671,201,2025-03-11T00:00:00.000000000,SP,94,29,Pleno,6604.17,Exatas,EAD,Iniciativa Privada,9,99,1,1
672,102,2025-03-11T00:00:00.000000000,RJ,26,28,Pleno,8632.8,Tecnologia,Híbrido,Iniciativa Privada,9,22,0,0
673,102,2026-03-03T00:00:00.000000000,PR,41,27,Pleno,5146.59,Tecnologia,Presencial,Iniciativa Privada,9,56,0,0
674,102,2026-07-22T00:00:00.000000000,SP,15,27,Júnior,2317.93,Tecnologia,Híbrido,Iniciativa Privada,10,56,1,0
675,104,2026-03-19T00:00:00.000000000,SP,106,32,Sênior,10533.45,Tecnologia,Presencial,Iniciativa Privada,9,14,0,0
676,201,2025-05-17T00:00:00.000000000,BA,78,31,Gestão,18788.15,Exatas,Presencial,Autônomo/PJ,8,63,1,0
677,104,2026-05-19T00:00:00.000000000,SP,29,25,Júnior,4268.11,Tecnologia,EAD,Iniciativa Privada,6,6,1,0
678,104,2025-05-11T00:00:00.000000000,MG,69,25,Sênior,10281.11,Tecnologia,Presencial,Iniciativa Privada,4,19,0,0
679,202,2025-08-06T00:00:00.000000000,MG,104,34,Sênior,11167.31,Exatas,Híbrido,Iniciativa Privada,7,63,0,0
680,102,2025-06-20T00:00:00.000000000,RJ,54,24,Pleno,7098.14,Tecnologia,Presencial,Iniciativa Privada,5,18,0,0
681,104,2026-04-20T00:00:00.000000000,MG,104,34,Sênior,11281.79,Tecnologia,Híbrido,Iniciativa Privada,4,5,1,0
682,401,2025-05-09T00:00:00.000000000,SP,117,34,Sênior,8575.04,Biológicas,Presencial,Iniciativa Privada,8,50,0,0
683,203,2025-02-26T00:00:00.000000000,MG,41,27,Pleno,8298.99,Exatas,EAD,Autônomo/PJ,8,38,0,0
684,404,2025-06-30T00:00:00.000000000,SP,87,28,Sênior,10668.6,Biológicas,EAD,Iniciativa Privada,7,64,0,0
685,201,2025-09-03T00:00:00.000000000,MG,118,32,Sênior,12875.94,Exatas,EAD,Iniciativa Privada,4,70,0,0
686,402,2025-05-24T00:00:00.000000000,SP,108,35,Sênior,12044.99,Biológicas,Presencial,Iniciativa Privada,9,98,1,1
687,102,2025-02-20T00:00:00.000000000,MG,101,34,Gestão,16949.94,Tecnologia,EAD,Iniciativa Privada,4,24,0,0
688,301,2026-01-03T00:00:00.000000000,SP,29,27,Pleno,4481.58,Humanas,Presencial,ONG,4,22,1,0
689,203,2026-04-04T00:00:00.000000000,SP,28,25,Júnior,3964.64,Exatas,EAD,Iniciativa Privada,8,88,1,0
690,402,2025-08-06T00:00:00.000000000,SP,67,29,Sem vínculo,0.0,Biológicas,EAD,Desempregado,4,57,1,0
691,202,2026-07-21T00:00:00.000000000,SP,101,32,Sênior,13688.72,Exatas,Presencial,Iniciativa Privada,9,10,1,0
692,402,2025-09-14T00:00:00.000000000,SC,42,29,Pleno,6048.52,Biológicas,Presencial,Autônomo/PJ,4,33,1,0
693,201,2025-06-05T00:00:00.000000000,SP,17,22,Júnior,3590.6,Exatas,Presencial,Iniciativa Privada,10,30,1,0
694,304,2026-07-19T00:00:00.000000000,GO,118,30,Gestão,15640.27,Humanas,Híbrido,Setor Público,10,37,1,1
695,402,2026-03-18T00:00:00.000000000,BA,60,25,Sênior,9917.47,Biológicas,Presencial,Iniciativa Privada,4,45,1,0
696,404,2025-01-25T00:00:00.000000000,MG,18,24,Júnior,3364.51,Biológicas,EAD,Iniciativa Privada,4,11,0,0
697,303,2026-06-20T00:00:00.000000000,SP,28,25,Pleno,6195.96,Humanas,EAD,Autônomo/PJ,9,8,1,0
698,102,2025-03-01T00:00:00.000000000,SP,94,31,Sênior,11592.71,Tecnologia,Híbrido,Autônomo/PJ,10,12,0,0
699,102,2026-04-12T00:00:00.000000000,PR,104,28,Sênior,8575.13,Tecnologia,Presencial,Iniciativa Privada,9,63,0,0
700,103,2026-03-10T00:00:00.000000000,SP,110,34,Gestão,15418.68,Tecnologia,Presencial,Iniciativa Privada,7,19,1,0
701,102,2025-03-07T00:00:00.000000000,SP,35,25,Pleno,6871.16,Tecnologia,EAD,Iniciativa Privada,8,58,0,0
702,104,2026-07-19T00:00:00.000000000,MG,22,21,Júnior,2369.42,Tecnologia,EAD,Autônomo/PJ,6,84,1,0
703,201,2025-04-16T00:00:00.000000000,SC,118,29,Sênior,11731.64,Exatas,Presencial,Iniciativa Privada,10,21,0,0
704,404,2025-04-06T00:00:00.000000000,PR,67,31,Sênior,11481.36,Biológicas,Presencial,Iniciativa Privada,7,64,1,0
705,101,2026-07-05T00:00:00.000000000,SP,89,31,Gestão,15053.49,Tecnologia,Presencial,Setor Público,9,59,1,0
706,201,2025-06-17T00:00:00.000000000,MG,117,29,Sênior,13024.73,Exatas,Presencial,ONG,4,40,1,0
707,204,2025-02-11T00:00:00.000000000,SP,94,34,Gestão,18306.28,Exatas,EAD,Setor Público,6,80,0,0
708,404,2025-04-14T00:00:00.000000000,SP,91,28,Pleno,8124.0,Biológicas,EAD,Autônomo/PJ,5,44,0,0
709,104,2025-07-23T00:00:00.000000000,RS,18,28,Júnior,2954.34,Tecnologia,Presencial,Autônomo/PJ,6,3,1,0
710,204,2026-06-04T00:00:00.000000000,SP,64,26,Gestão,15770.44,Exatas,Presencial,Iniciativa Privada,7,69,0,0
711,403,2025-10-09T00:00:00.000000000,SP,24,24,Pleno,7478.43,Biológicas,Presencial,Iniciativa Privada,8,44,0,1
712,102,2025-02-12T00:00:00.000000000,SP,54,28,Júnior,4396.24,Tecnologia,EAD,Autônomo/PJ,7,57,1,0
713,301,2025-04-20T00:00:00.000000000,RS,105,34,Gestão,19425.32,Humanas,EAD,Iniciativa Privada,8,82,1,1
714,404,2025-07-29T00:00:00.000000000,PR,17,26,Sem vínculo,0.0,Biológicas,Presencial,Desempregado,8,93,0,0
715,104,2025-02-18T00:00:00.000000000,MG,66,32,Gestão,15654.67,Tecnologia,Presencial,Iniciativa Privada,9,22,1,0
716,404,2025-04-25T00:00:00.000000000,PR,110,36,Sênior,12903.23,Biológicas,Presencial,Iniciativa Privada,8,31,1,0
717,403,2025-06-04T00:00:00.000000000,SP,24,24,Sem vínculo,0.0,Biológicas,Híbrido,Desempregado,5,62,0,0
718,104,2026-05-18T00:00:00.000000000,RJ,81,27,Gestão,16459.5,Tecnologia,EAD,Setor Público,6,92,0,0
719,104,2025-03-12T00:00:00.000000000,SP,14,27,Júnior,3011.76,Tecnologia,Presencial,Iniciativa Privada,7,7,1,0
720,304,2026-06-03T00:00:00.000000000,SP,76,28,Sênior,12961.63,Humanas,Presencial,Autônomo/PJ,7,84,1,1
721,402,2025-12-02T00:00:00.000000000,RJ,33,26,Júnior,4741.61,Biológicas,Híbrido,Setor Público,8,80,0,0
722,103,2025-03-08T00:00:00.000000000,GO,83,32,Gestão,16799.01,Tecnologia,EAD,Iniciativa Privada,9,80,0,0
723,304,2026-05-08T00:00:00.000000000,SP,100,32,Gestão,16514.42,Humanas,Presencial,Iniciativa Privada,5,84,1,0
724,101,2025-08-01T00:00:00.000000000,SP,57,24,Pleno,6139.88,Tecnologia,Presencial,Autônomo/PJ,5,78,1,0
725,401,2025-06-30T00:00:00.000000000,SP,88,30,Sênior,12698.9,Biológicas,EAD,ONG,4,90,1,0
726,301,2025-09-05T00:00:00.000000000,SP,116,29,Sênior,12430.29,Humanas,Presencial,Iniciativa Privada,5,24,1,0
727,203,2025-08-02T00:00:00.000000000,GO,21,25,Júnior,3889.13,Exatas,Presencial,ONG,8,32,1,0
728,303,2025-12-25T00:00:00.000000000,RJ,74,33,Sênior,10548.45,Humanas,Híbrido,ONG,8,65,0,0
729,401,2025-09-06T00:00:00.000000000,RJ,104,34,Gestão,16627.86,Biológicas,Híbrido,Iniciativa Privada,10,15,1,1
730,204,2026-05-31T00:00:00.000000000,PR,17,22,Júnior,3845.88,Exatas,Híbrido,Setor Público,6,54,0,0
731,303,2025-03-29T00:00:00.000000000,SP,30,27,Pleno,5238.62,Humanas,Presencial,Iniciativa Privada,8,35,0,0
732,101,2025-06-25T00:00:00.000000000,RJ,57,25,Júnior,5246.51,Tecnologia,Presencial,Iniciativa Privada,6,71,1,0
733,301,2026-03-02T00:00:00.000000000,RJ,90,33,Gestão,14861.16,Humanas,Presencial,Autônomo/PJ,5,79,1,0
734,304,2025-03-22T00:00:00.000000000,MG,105,28,Sênior,13132.2,Humanas,EAD,ONG,4,6,1,0
735,202,2025-05-18T00:00:00.000000000,BA,58,29,Sênior,11416.34,Exatas,EAD,Setor Público,10,68,0,0
736,303,2026-03-09T00:00:00.000000000,PR,28,28,Pleno,8346.08,Humanas,EAD,Iniciativa Privada,9,86,0,1
737,204,2026-04-15T00:00:00.000000000,SP,21,25,Júnior,2619.95,Exatas,Híbrido,Iniciativa Privada,7,7,0,0
738,401,2025-12-16T00:00:00.000000000,SC,62,32,Sênior,13053.65,Biológicas,EAD,Iniciativa Privada,8,2,1,1
739,101,2025-05-06T00:00:00.000000000,SP,44,24,Pleno,8033.64,Tecnologia,Presencial,Iniciativa Privada,5,34,0,0
740,104,2025-11-05T00:00:00.000000000,SP,114,33,Pleno,7507.78,Tecnologia,Presencial,Iniciativa Privada,8,35,0,0
741,403,2025-08-18T00:00:00.000000000,SP,58,29,Pleno,6861.17,Biológicas,Presencial,Setor Público,6,99,1,0
742,402,2026-04-05T00:00:00.000000000,SP,47,28,Pleno,6415.26,Biológicas,Presencial,Iniciativa Privada,5,78,0,0
743,202,2025-12-11T00:00:00.000000000,RJ,63,26,Sênior,11783.43,Exatas,Presencial,Autônomo/PJ,7,29,0,0
744,401,2025-11-06T00:00:00.000000000,MG,44,27,Sênior,12612.92,Biológicas,EAD,Iniciativa Privada,6,14,1,0
745,303,2025-01-20T00:00:00.000000000,GO,19,23,Júnior,5425.55,Humanas,Presencial,Setor Público,5,92,0,0
746,402,2026-07-15T00:00:00.000000000,RJ,100,32,Pleno,7661.31,Biológicas,EAD,Iniciativa Privada,9,67,0,1
747,203,2026-06-25T00:00:00.000000000,RJ,10,25,Júnior,5813.03,Exatas,EAD,Iniciativa Privada,9,97,1,0
748,103,2026-07-14T00:00:00.000000000,SP,40,27,Sênior,12263.15,Tecnologia,Presencial,Iniciativa Privada,7,86,0,0
749,201,2026-04-22T00:00:00.000000000,SP,92,34,Gestão,16056.52,Exatas,Presencial,Iniciativa Privada,9,57,1,0
750,402,2025-09-26T00:00:00.000000000,MG,98,34,Sênior,10524.92,Biológicas,Presencial,ONG,6,98,1,0
751,204,2025-01-03T00:00:00.000000000,RJ,112,29,Gestão,15705.94,Exatas,Presencial,Iniciativa Privada,7,27,1,0
752,401,2025-01-16T00:00:00.000000000,SC,80,33,Sênior,9856.94,Biológicas,EAD,Autônomo/PJ,5,94,1,0
753,302,2025-12-24T00:00:00.000000000,SP,23,23,Sem vínculo,0.0,Humanas,EAD,Desempregado,6,41,0,0
754,202,2025-05-13T00:00:00.000000000,SP,116,32,Sênior,10668.31,Exatas,EAD,Autônomo/PJ,9,96,0,0
755,202,2025-11-08T00:00:00.000000000,RJ,81,32,Sênior,11828.39,Exatas,Presencial,Iniciativa Privada,4,17,0,0
756,302,2026-04-27T00:00:00.000000000,SP,14,21,Sem vínculo,0.0,Humanas,Presencial,Desempregado,8,4,0,0
757,302,2026-06-28T00:00:00.000000000,SP,79,29,Gestão,18308.62,Humanas,EAD,Iniciativa Privada,9,8,0,1
758,103,2025-11-01T00:00:00.000000000,PR,63,26,Gestão,18205.91,Tecnologia,Presencial,Iniciativa Privada,4,83,0,0
759,401,2025-09-26T00:00:00.000000000,SP,113,32,Pleno,8416.71,Biológicas,Presencial,ONG,7,8,1,0
760,203,2026-02-18T00:00:00.000000000,MG,22,27,Pleno,8282.61,Exatas,Híbrido,Setor Público,5,17,0,0
761,404,2025-01-25T00:00:00.000000000,SP,107,32,Pleno,4050.37,Biológicas,Presencial,Iniciativa Privada,10,55,1,0
762,302,2025-11-12T00:00:00.000000000,SP,12,27,Pleno,6617.67,Humanas,EAD,Iniciativa Privada,8,14,0,0
763,201,2026-07-25T00:00:00.000000000,SP,51,31,Pleno,7595.02,Exatas,Presencial,Iniciativa Privada,5,78,1,0
764,202,2025-10-03T00:00:00.000000000,SC,18,24,Júnior,2468.98,Exatas,Presencial,Iniciativa Privada,7,77,1,0
765,401,2026-01-24T00:00:00.000000000,SP,45,28,Pleno,5627.58,Biológicas,Presencial,Iniciativa Privada,5,61,0,0
766,103,2026-03-20T00:00:00.000000000,PR,47,23,Sem vínculo,0.0,Tecnologia,Híbrido,Desempregado,6,34,0,0
767,401,2026-03-03T00:00:00.000000000,SP,14,21,Sem vínculo,0.0,Biológicas,EAD,Desempregado,6,39,1,0
768,204,2025-02-26T00:00:00.000000000,PR,55,27,Júnior,2924.21,Exatas,Presencial,ONG,9,50,0,0
769,404,2026-07-20T00:00:00.000000000,SP,32,22,Pleno,2846.41,Biológicas,Híbrido,Iniciativa Privada,9,59,0,0
770,401,2026-01-03T00:00:00.000000000,MG,71,30,Sênior,9865.02,Biológicas,Presencial,Setor Público,9,99,1,1
771,301,2025-12-08T00:00:00.000000000,MG,10,26,Sem vínculo,0.0,Humanas,Presencial,Desempregado,9,55,0,0
772,201,2025-10-31T00:00:00.000000000,GO,34,22,Pleno,5043.76,Exatas,Presencial,ONG,7,83,1,0
773,201,2026-01-09T00:00:00.000000000,SP,42,26,Pleno,6036.66,Exatas,Presencial,Iniciativa Privada,5,74,0,0
774,404,2025-04-22T00:00:00.000000000,SP,43,25,Pleno,7300.81,Biológicas,Presencial,Iniciativa Privada,9,40,1,0
775,202,2025-01-06T00:00:00.000000000,SP,88,29,Sênior,13546.45,Exatas,Presencial,Iniciativa Privada,7,53,0,0
776,301,2025-10-06T00:00:00.000000000,SC,13,22,Júnior,4021.77,Humanas,Híbrido,Setor Público,10,16,1,0
777,301,2026-01-17T00:00:00.000000000,RJ,117,36,Sênior,11017.77,Humanas,EAD,Setor Público,8,24,0,0
778,204,2025-01-13T00:00:00.000000000,PR,114,29,Sênior,12107.88,Exatas,EAD,Autônomo/PJ,9,92,1,0
779,204,2025-10-30T00:00:00.000000000,SP,70,32,Pleno,6613.18,Exatas,EAD,Iniciativa Privada,5,86,0,0
780,103,2026-07-10T00:00:00.000000000,SP,91,33,Sênior,9732.37,Tecnologia,EAD,Iniciativa Privada,6,8,1,0
781,101,2025-06-09T00:00:00.000000000,SP,22,24,Júnior,3644.05,Tecnologia,Presencial,Iniciativa Privada,4,55,0,0
782,403,2025-06-03T00:00:00.000000000,BA,76,26,Gestão,16748.15,Biológicas,EAD,Iniciativa Privada,10,88,1,1
783,404,2025-06-30T00:00:00.000000000,MG,94,31,Gestão,17579.51,Biológicas,Híbrido,Iniciativa Privada,6,22,0,0
784,104,2026-06-10T00:00:00.000000000,GO,50,29,Júnior,4996.17,Tecnologia,EAD,Setor Público,5,1,0,0
785,402,2025-06-29T00:00:00.000000000,SP,9,20,Júnior,5798.26,Biológicas,Presencial,Iniciativa Privada,5,44,0,0
786,101,2026-01-12T00:00:00.000000000,MG,41,23,Júnior,3288.43,Tecnologia,Presencial,Autônomo/PJ,10,64,1,0
787,203,2025-06-17T00:00:00.000000000,MG,75,33,Sênior,10210.7,Exatas,Híbrido,Iniciativa Privada,5,37,0,0
788,104,2025-08-02T00:00:00.000000000,SP,36,30,Pleno,5308.41,Tecnologia,Presencial,Iniciativa Privada,5,5,1,0
789,404,2025-05-30T00:00:00.000000000,SC,24,24,Júnior,2044.65,Biológicas,EAD,Iniciativa Privada,9,47,1,0
790,403,2025-01-16T00:00:00.000000000,GO,66,30,Gestão,13388.07,Biológicas,Presencial,ONG,8,43,0,0
791,302,2025-04-01T00:00:00.000000000,RS,113,32,Sênior,10318.83,Humanas,Presencial,Iniciativa Privada,4,78,1,0
792,204,2025-04-30T00:00:00.000000000,PR,59,24,Pleno,9571.39,Exatas,EAD,Autônomo/PJ,9,6,0,0
793,201,2025-09-10T00:00:00.000000000,SP,44,25,Sênior,10166.7,Exatas,Presencial,Iniciativa Privada,6,65,1,0
794,304,2025-03-01T00:00:00.000000000,SP,96,35,Gestão,15083.48,Humanas,Presencial,ONG,8,61,1,1
795,101,2025-09-23T00:00:00.000000000,BA,79,27,Pleno,6254.74,Tecnologia,Presencial,Autônomo/PJ,10,29,0,0
796,203,2026-02-13T00:00:00.000000000,SP,95,32,Sênior,12783.19,Exatas,EAD,Iniciativa Privada,7,92,0,0
797,301,2025-01-31T00:00:00.000000000,PR,24,24,Pleno,7131.76,Humanas,Presencial,Setor Público,5,75,0,0
798,203,2025-01-21T00:00:00.000000000,PR,44,25,Sênior,11121.33,Exatas,Presencial,Iniciativa Privada,10,51,1,0
799,101,2025-10-16T00:00:00.000000000,MG,72,32,Sênior,11119.91,Tecnologia,EAD,ONG,6,97,0,0
800,203,2026-06-27T00:00:00.000000000,BA,50,26,Pleno,7293.02,Exatas,Presencial,Iniciativa Privada,7,93,0,0
801,301,2026-05-13T00:00:00.000000000,SP,18,27,Júnior,2243.7,Humanas,Presencial,Iniciativa Privada,4,35,0,0
802,402,2026-04-19T00:00:00.000000000,SP,119,29,Gestão,16197.65,Biológicas,EAD,Autônomo/PJ,6,34,1,0
803,101,2026-02-09T00:00:00.000000000,SP,97,28,Gestão,16655.26,Tecnologia,Presencial,Autônomo/PJ,10,65,0,0
804,201,2026-07-02T00:00:00.000000000,RJ,63,32,Sênior,12734.91,Exatas,Presencial,Iniciativa Privada,8,49,1,0
805,202,2025-05-12T00:00:00.000000000,SP,25,23,Pleno,4817.65,Exatas,Híbrido,Setor Público,9,2,0,0
806,104,2025-11-20T00:00:00.000000000,SP,97,32,Gestão,16500.8,Tecnologia,EAD,Iniciativa Privada,7,75,1,0
807,304,2025-05-12T00:00:00.000000000,SC,77,30,Gestão,15091.08,Humanas,Presencial,Iniciativa Privada,6,3,0,0
808,101,2026-06-05T00:00:00.000000000,GO,66,29,Sênior,11946.82,Tecnologia,EAD,Setor Público,9,54,0,0
809,102,2025-01-30T00:00:00.000000000,SP,110,36,Sênior,10222.91,Tecnologia,Presencial,Iniciativa Privada,9,51,0,0
810,301,2025-10-28T00:00:00.000000000,SP,44,29,Pleno,6235.92,Humanas,Presencial,Iniciativa Privada,9,58,0,0
811,203,2025-01-04T00:00:00.000000000,GO,6,27,Júnior,4877.91,Exatas,Híbrido,Autônomo/PJ,8,70,0,0
812,403,2025-11-21T00:00:00.000000000,SP,8,25,Júnior,4257.49,Biológicas,Presencial,Iniciativa Privada,5,19,1,0
813,201,2026-05-24T00:00:00.000000000,SP,82,31,Gestão,17209.42,Exatas,Híbrido,Setor Público,6,18,0,0
814,204,2025-08-25T00:00:00.000000000,SP,97,29,Sênior,12163.47,Exatas,Presencial,Iniciativa Privada,9,7,0,0
815,104,2026-06-19T00:00:00.000000000,MG,67,30,Sênior,12455.41,Tecnologia,Presencial,Iniciativa Privada,5,66,0,0
816,101,2025-01-16T00:00:00.000000000,SP,68,29,Gestão,14845.61,Tecnologia,Presencial,Iniciativa Privada,9,26,1,0
817,401,2026-06-18T00:00:00.000000000,BA,118,33,Gestão,15980.57,Biológicas,Presencial,Setor Público,7,78,0,0
818,303,2026-03-22T00:00:00.000000000,RJ,30,29,Sênior,10976.69,Humanas,EAD,Autônomo/PJ,10,7,0,1
819,104,2026-05-18T00:00:00.000000000,RJ,61,27,Pleno,6486.15,Tecnologia,EAD,Iniciativa Privada,7,17,0,0
820,301,2025-08-18T00:00:00.000000000,SP,38,28,Sênior,10393.39,Humanas,EAD,Iniciativa Privada,7,28,1,0
821,403,2025-04-17T00:00:00.000000000,RJ,43,30,Sem vínculo,0.0,Biológicas,EAD,Desempregado,5,45,1,0
822,104,2026-01-24T00:00:00.000000000,MG,11,20,Júnior,1768.45,Tecnologia,EAD,Iniciativa Privada,5,35,1,0
823,102,2025-09-20T00:00:00.000000000,PR,63,25,Gestão,16012.27,Tecnologia,Híbrido,ONG,9,2,1,0
824,103,2026-07-17T00:00:00.000000000,PR,49,26,Pleno,7282.74,Tecnologia,Presencial,Iniciativa Privada,8,8,1,0
825,404,2025-03-06T00:00:00.000000000,MG,50,26,Sênior,8702.9,Biológicas,EAD,Autônomo/PJ,6,9,1,0
826,104,2025-09-22T00:00:00.000000000,GO,37,25,Pleno,5540.05,Tecnologia,Presencial,Iniciativa Privada,8,83,1,0
827,103,2025-12-04T00:00:00.000000000,SC,50,31,Pleno,5447.11,Tecnologia,EAD,ONG,10,65,0,1
828,202,2025-10-28T00:00:00.000000000,PR,66,25,Sênior,10325.09,Exatas,Híbrido,Autônomo/PJ,5,0,0,0
829,303,2026-01-13T00:00:00.000000000,SP,52,28,Sênior,12291.92,Humanas,Presencial,Iniciativa Privada,10,90,1,1
830,404,2025-06-24T00:00:00.000000000,SP,26,24,Pleno,5467.16,Biológicas,Presencial,Iniciativa Privada,6,3,0,0
831,201,2025-06-01T00:00:00.000000000,SP,85,28,Gestão,15756.61,Exatas,Híbrido,Autônomo/PJ,10,47,1,0
832,201,2026-04-21T00:00:00.000000000,MG,90,33,Sênior,12130.34,Exatas,Presencial,Setor Público,10,100,1,0
833,403,2025-09-23T00:00:00.000000000,RJ,80,33,Gestão,17706.64,Biológicas,Híbrido,Iniciativa Privada,7,95,0,1
834,104,2025-11-25T00:00:00.000000000,RJ,106,30,Gestão,17343.5,Tecnologia,Presencial,Iniciativa Privada,8,17,1,0
835,101,2025-06-12T00:00:00.000000000,RS,41,29,Pleno,5363.62,Tecnologia,EAD,Autônomo/PJ,10,77,0,1
836,304,2026-03-14T00:00:00.000000000,RS,104,31,Sênior,12809.87,Humanas,Híbrido,Iniciativa Privada,8,44,0,0
837,303,2025-12-09T00:00:00.000000000,GO,24,24,Júnior,3854.4,Humanas,Presencial,Setor Público,8,14,1,0
838,201,2026-01-02T00:00:00.000000000,SP,25,22,Júnior,1500.0,Exatas,Presencial,Iniciativa Privada,5,50,1,0
839,104,2026-04-10T00:00:00.000000000,MG,62,30,Gestão,18743.18,Tecnologia,Presencial,ONG,6,60,1,0
840,301,2025-07-18T00:00:00.000000000,SP,23,23,Sem vínculo,0.0,Humanas,Presencial,Desempregado,7,3,1,0
841,303,2026-05-15T00:00:00.000000000,SP,52,31,Sem vínculo,0.0,Humanas,Presencial,Desempregado,5,18,1,0
842,404,2025-01-16T00:00:00.000000000,SP,110,34,Sênior,12762.81,Biológicas,EAD,Iniciativa Privada,7,87,1,1
843,401,2025-10-23T00:00:00.000000000,SP,54,27,Pleno,3425.52,Biológicas,Híbrido,ONG,10,93,0,1
844,103,2026-05-26T00:00:00.000000000,RJ,19,22,Pleno,3593.73,Tecnologia,EAD,Iniciativa Privada,4,76,0,0
845,401,2025-08-27T00:00:00.000000000,SC,20,26,Júnior,2140.97,Biológicas,EAD,Setor Público,4,10,0,0
846,101,2025-10-28T00:00:00.000000000,SP,36,29,Pleno,6288.51,Tecnologia,EAD,Iniciativa Privada,7,27,1,0
847,402,2025-01-06T00:00:00.000000000,PR,6,24,Júnior,3677.75,Biológicas,EAD,Iniciativa Privada,4,56,1,0
848,302,2025-08-08T00:00:00.000000000,RJ,59,26,Sem vínculo,0.0,Humanas,EAD,Desempregado,6,74,1,0
849,203,2026-03-29T00:00:00.000000000,SP,8,23,Pleno,6072.65,Exatas,Presencial,Iniciativa Privada,10,53,0,0
850,302,2026-03-09T00:00:00.000000000,RJ,21,24,Júnior,4805.49,Humanas,Presencial,Setor Público,10,64,0,0
851,103,2026-01-21T00:00:00.000000000,SP,92,32,Gestão,15628.24,Tecnologia,Presencial,Autônomo/PJ,6,46,0,0
852,102,2025-10-22T00:00:00.000000000,MG,62,26,Sênior,11643.81,Tecnologia,EAD,Autônomo/PJ,10,3,1,0
853,101,2025-04-28T00:00:00.000000000,RJ,80,26,Gestão,20338.25,Tecnologia,Presencial,Iniciativa Privada,5,33,1,0
854,403,2026-02-09T00:00:00.000000000,SP,17,23,Júnior,4454.32,Biológicas,Presencial,Iniciativa Privada,7,75,0,0
855,203,2026-07-20T00:00:00.000000000,SP,79,29,Sênior,10559.93,Exatas,Presencial,Autônomo/PJ,10,53,0,0
856,101,2025-01-12T00:00:00.000000000,RJ,101,29,Pleno,7357.16,Tecnologia,Híbrido,Iniciativa Privada,5,87,1,0
857,403,2025-07-28T00:00:00.000000000,GO,21,25,Pleno,6444.56,Biológicas,EAD,Iniciativa Privada,6,60,0,0
858,103,2025-06-14T00:00:00.000000000,SP,77,29,Pleno,6718.55,Tecnologia,Presencial,Iniciativa Privada,10,100,0,1
859,402,2025-10-21T00:00:00.000000000,PR,107,29,Gestão,17262.6,Biológicas,EAD,Iniciativa Privada,6,95,1,1
860,203,2026-06-03T00:00:00.000000000,MG,81,33,Gestão,16702.92,Exatas,Híbrido,ONG,6,82,0,0
861,204,2025-03-19T00:00:00.000000000,GO,29,22,Pleno,6032.79,Exatas,Presencial,Iniciativa Privada,8,92,0,0
862,101,2026-03-10T00:00:00.000000000,SC,33,22,Pleno,4919.8,Tecnologia,Presencial,Setor Público,4,92,1,0
863,402,2026-07-31T00:00:00.000000000,MG,13,24,Júnior,2680.74,Biológicas,EAD,Iniciativa Privada,5,82,0,0
864,102,2025-03-18T00:00:00.000000000,MG,97,34,Sênior,10407.99,Tecnologia,Presencial,Iniciativa Privada,5,19,0,0
865,104,2025-02-17T00:00:00.000000000,RS,41,26,Pleno,7196.99,Tecnologia,Híbrido,Iniciativa Privada,10,2,0,0
866,301,2025-03-23T00:00:00.000000000,SP,95,32,Gestão,17865.81,Humanas,EAD,Iniciativa Privada,10,39,0,1
867,401,2025-07-28T00:00:00.000000000,SP,13,23,Júnior,2525.1,Biológicas,EAD,Iniciativa Privada,6,68,1,0
868,102,2026-03-21T00:00:00.000000000,SP,63,26,Sênior,10077.71,Tecnologia,EAD,Setor Público,10,22,1,0
869,303,2026-06-06T00:00:00.000000000,SC,65,28,Pleno,7355.69,Humanas,Híbrido,Iniciativa Privada,8,68,0,0
870,302,2025-01-29T00:00:00.000000000,SC,55,26,Pleno,4303.6,Humanas,Presencial,Iniciativa Privada,5,93,1,0
871,201,2025-10-31T00:00:00.000000000,SP,33,27,Pleno,4639.16,Exatas,Presencial,Iniciativa Privada,9,31,0,0
872,204,2026-04-10T00:00:00.000000000,MG,97,35,Sênior,11688.97,Exatas,Presencial,Iniciativa Privada,5,23,1,0
873,102,2026-05-17T00:00:00.000000000,RJ,106,35,Sem vínculo,0.0,Tecnologia,EAD,Desempregado,8,50,1,0
874,201,2026-03-22T00:00:00.000000000,SP,46,25,Sênior,10417.06,Exatas,EAD,Iniciativa Privada,6,57,0,0
875,302,2026-05-05T00:00:00.000000000,BA,105,31,Sênior,10332.95,Humanas,EAD,Iniciativa Privada,8,41,0,0
876,103,2026-03-04T00:00:00.000000000,SP,69,25,Sênior,14023.26,Tecnologia,EAD,Iniciativa Privada,4,34,1,0
877,202,2026-07-13T00:00:00.000000000,SP,32,23,Sem vínculo,0.0,Exatas,Presencial,Desempregado,5,31,1,0
878,102,2025-12-25T00:00:00.000000000,MG,68,26,Gestão,17111.2,Tecnologia,Presencial,Iniciativa Privada,4,53,1,0
879,201,2025-04-01T00:00:00.000000000,PR,22,28,Júnior,3326.29,Exatas,Presencial,Autônomo/PJ,5,44,0,0
880,201,2025-02-22T00:00:00.000000000,SP,78,33,Pleno,5106.78,Exatas,EAD,Iniciativa Privada,4,47,0,0
881,401,2025-07-23T00:00:00.000000000,MG,38,23,Sem vínculo,0.0,Biológicas,EAD,Desempregado,5,85,0,0
882,202,2026-07-10T00:00:00.000000000,RJ,89,33,Pleno,4581.51,Exatas,EAD,ONG,9,84,1,1
883,103,2025-06-05T00:00:00.000000000,SP,82,29,Gestão,16535.06,Tecnologia,Presencial,Setor Público,6,91,1,0
884,104,2025-01-02T00:00:00.000000000,SP,97,35,Gestão,17307.66,Tecnologia,Presencial,Iniciativa Privada,9,48,1,0
885,304,2025-12-23T00:00:00.000000000,MG,117,36,Pleno,6966.65,Humanas,Híbrido,Iniciativa Privada,7,33,0,0
886,201,2026-07-23T00:00:00.000000000,SP,34,29,Pleno,5614.18,Exatas,Presencial,Iniciativa Privada,8,15,0,0
887,301,2025-02-27T00:00:00.000000000,GO,18,22,Júnior,1734.26,Humanas,Presencial,Iniciativa Privada,5,10,0,0
888,202,2025-09-11T00:00:00.000000000,SC,51,27,Júnior,5656.55,Exatas,Presencial,Iniciativa Privada,8,96,1,0
889,404,2025-06-29T00:00:00.000000000,BA,40,28,Pleno,6705.35,Biológicas,EAD,Iniciativa Privada,5,18,1,0
890,401,2026-05-08T00:00:00.000000000,SP,11,23,Júnior,5914.38,Biológicas,Presencial,Setor Público,7,91,1,0
891,103,2025-02-04T00:00:00.000000000,BA,87,29,Gestão,20294.19,Tecnologia,Presencial,Iniciativa Privada,6,28,1,0
892,303,2025-03-16T00:00:00.000000000,RJ,74,26,Pleno,7281.15,Humanas,EAD,Iniciativa Privada,6,100,0,0
893,101,2025-10-16T00:00:00.000000000,SP,52,30,Pleno,8494.62,Tecnologia,Presencial,Iniciativa Privada,8,53,1,0
894,201,2026-01-06T00:00:00.000000000,SP,30,29,Sem vínculo,0.0,Exatas,Presencial,Desempregado,9,52,0,0
895,204,2025-11-25T00:00:00.000000000,SP,71,32,Pleno,6574.43,Exatas,EAD,Iniciativa Privada,7,66,0,0
896,304,2025-10-31T00:00:00.000000000,MG,15,24,Júnior,2319.97,Humanas,EAD,Autônomo/PJ,8,81,0,0
897,202,2025-08-09T00:00:00.000000000,RJ,61,31,Sênior,12245.24,Exatas,Presencial,Iniciativa Privada,6,81,0,0
898,404,2025-06-13T00:00:00.000000000,SP,35,29,Pleno,6292.51,Biológicas,Presencial,Iniciativa Privada,4,75,1,0
899,103,2026-04-25T00:00:00.000000000,MG,119,35,Sênior,12986.85,Tecnologia,Presencial,Iniciativa Privada,8,81,1,0
900,103,2026-03-31T00:00:00.000000000,SP,114,34,Gestão,16053.26,Tecnologia,Presencial,Iniciativa Privada,5,31,0,0
901,101,2026-01-10T00:00:00.000000000,MG,10,24,Júnior,3530.07,Tecnologia,EAD,Autônomo/PJ,10,99,1,0
902,304,2025-08-08T00:00:00.000000000,SP,38,23,Pleno,6404.81,Humanas,Presencial,Setor Público,6,82,0,0
903,102,2025-09-11T00:00:00.000000000,SC,70,31,Gestão,17900.6,Tecnologia,Presencial,Iniciativa Privada,5,55,1,0
904,203,2025-07-07T00:00:00.000000000,SC,23,22,Sem vínculo,0.0,Exatas,Presencial,Desempregado,7,62,1,0
905,103,2025-07-10T00:00:00.000000000,RJ,101,30,Sênior,11040.73,Tecnologia,Presencial,Iniciativa Privada,9,3,0,0
906,102,2026-01-24T00:00:00.000000000,SP,116,30,Sem vínculo,0.0,Tecnologia,Presencial,Desempregado,9,10,0,0
907,102,2025-08-03T00:00:00.000000000,SP,54,31,Sem vínculo,0.0,Tecnologia,Híbrido,Desempregado,6,2,1,0
908,103,2026-01-10T00:00:00.000000000,SC,16,26,Júnior,4040.8,Tecnologia,EAD,Iniciativa Privada,6,26,0,0
909,203,2025-03-27T00:00:00.000000000,SP,90,32,Gestão,16722.52,Exatas,Presencial,Iniciativa Privada,9,79,0,0
910,202,2026-04-19T00:00:00.000000000,SP,31,23,Pleno,6322.01,Exatas,Híbrido,Iniciativa Privada,8,43,1,0
911,103,2026-06-15T00:00:00.000000000,SP,68,25,Gestão,17559.22,Tecnologia,Presencial,Setor Público,10,17,1,0
912,301,2025-02-16T00:00:00.000000000,RJ,94,28,Gestão,15703.55,Humanas,Presencial,Iniciativa Privada,9,29,1,0
913,101,2025-03-06T00:00:00.000000000,RJ,91,30,Sem vínculo,0.0,Tecnologia,Híbrido,Desempregado,9,87,1,0
914,202,2026-04-20T00:00:00.000000000,SC,64,32,Gestão,16349.9,Exatas,Presencial,Autônomo/PJ,8,69,1,0
915,304,2025-05-26T00:00:00.000000000,SP,32,29,Pleno,6030.85,Humanas,Híbrido,Iniciativa Privada,5,46,0,0
916,202,2026-01-17T00:00:00.000000000,SP,54,25,Sênior,11737.42,Exatas,EAD,Iniciativa Privada,8,33,1,0
917,402,2025-03-07T00:00:00.000000000,SC,82,28,Gestão,15585.26,Biológicas,Híbrido,Setor Público,4,75,0,0
918,204,2026-06-01T00:00:00.000000000,SC,38,25,Pleno,4801.96,Exatas,EAD,Iniciativa Privada,6,41,0,0
919,404,2025-04-03T00:00:00.000000000,SP,103,35,Sênior,9862.97,Biológicas,Presencial,Autônomo/PJ,9,22,0,0
920,304,2026-03-02T00:00:00.000000000,RJ,110,33,Sênior,14064.07,Humanas,Híbrido,Iniciativa Privada,10,99,1,1
921,401,2026-04-13T00:00:00.000000000,SP,104,30,Gestão,18362.16,Biológicas,Presencial,Iniciativa Privada,7,39,0,1
922,403,2025-04-04T00:00:00.000000000,GO,6,21,Júnior,4865.0,Biológicas,EAD,Iniciativa Privada,6,14,0,0
923,101,2025-05-13T00:00:00.000000000,SP,26,24,Sênior,12962.47,Tecnologia,Presencial,Autônomo/PJ,10,79,1,0
924,103,2026-03-10T00:00:00.000000000,GO,117,36,Gestão,16030.31,Tecnologia,EAD,Iniciativa Privada,9,56,0,0
925,301,2025-12-07T00:00:00.000000000,MG,60,25,Gestão,18885.03,Humanas,EAD,Autônomo/PJ,5,13,0,0
926,203,2025-11-10T00:00:00.000000000,RJ,11,26,Júnior,1671.51,Exatas,EAD,Iniciativa Privada,9,78,0,1
927,401,2025-07-31T00:00:00.000000000,SP,97,30,Gestão,16738.84,Biológicas,EAD,Autônomo/PJ,10,11,1,1
928,104,2026-06-04T00:00:00.000000000,RJ,86,30,Sênior,10487.19,Tecnologia,EAD,Setor Público,8,34,1,0
929,402,2025-06-08T00:00:00.000000000,RJ,74,26,Gestão,19236.95,Biológicas,Presencial,Iniciativa Privada,6,24,0,0
930,101,2025-09-25T00:00:00.000000000,SP,100,32,Gestão,17589.27,Tecnologia,Híbrido,Autônomo/PJ,8,77,1,0
931,103,2026-04-19T00:00:00.000000000,MG,10,23,Júnior,3950.34,Tecnologia,EAD,Iniciativa Privada,9,1,1,0
932,404,2026-02-14T00:00:00.000000000,BA,107,29,Sênior,10464.05,Biológicas,EAD,Iniciativa Privada,5,17,0,0
933,101,2026-04-19T00:00:00.000000000,MG,8,26,Júnior,2721.7,Tecnologia,Híbrido,Iniciativa Privada,10,34,1,0
934,101,2025-12-22T00:00:00.000000000,PR,58,25,Júnior,2500.19,Tecnologia,Presencial,Autônomo/PJ,8,8,1,0
935,104,2025-07-12T00:00:00.000000000,SP,28,28,Sem vínculo,0.0,Tecnologia,Presencial,Desempregado,7,10,0,0
936,401,2025-09-28T00:00:00.000000000,RJ,106,34,Sênior,11559.78,Biológicas,EAD,Setor Público,9,89,0,1
937,302,2025-04-24T00:00:00.000000000,SP,58,25,Pleno,5968.56,Humanas,Presencial,Iniciativa Privada,5,66,1,0
938,401,2026-06-07T00:00:00.000000000,MG,42,26,Pleno,6507.32,Biológicas,Presencial,Autônomo/PJ,6,68,0,0
939,202,2025-02-24T00:00:00.000000000,GO,79,29,Sênior,12565.96,Exatas,Híbrido,Iniciativa Privada,10,95,0,0
940,202,2025-03-06T00:00:00.000000000,MG,79,32,Sem vínculo,0.0,Exatas,Presencial,Desempregado,6,73,0,0
941,104,2025-09-29T00:00:00.000000000,SP,88,30,Sênior,12531.7,Tecnologia,Híbrido,Iniciativa Privada,7,37,0,0
942,101,2026-05-17T00:00:00.000000000,SP,22,27,Sem vínculo,0.0,Tecnologia,Híbrido,Desempregado,4,69,1,0
943,204,2025-12-28T00:00:00.000000000,MG,90,34,Gestão,17772.57,Exatas,Presencial,Autônomo/PJ,8,74,0,0
944,301,2025-05-26T00:00:00.000000000,RJ,83,32,Gestão,18064.73,Humanas,EAD,Autônomo/PJ,9,80,0,1
945,101,2025-07-28T00:00:00.000000000,SC,78,33,Sênior,12800.33,Tecnologia,Presencial,Setor Público,6,58,1,0
946,103,2025-10-13T00:00:00.000000000,SC,115,29,Sênior,13648.56,Tecnologia,EAD,Iniciativa Privada,9,65,1,0
947,101,2025-01-10T00:00:00.000000000,MG,6,25,Pleno,8577.25,Tecnologia,Presencial,Setor Público,7,40,1,0
948,204,2025-07-05T00:00:00.000000000,SP,56,24,Pleno,7328.72,Exatas,Híbrido,Iniciativa Privada,8,23,1,0
949,102,2026-07-28T00:00:00.000000000,SP,50,25,Pleno,8609.17,Tecnologia,Presencial,Setor Público,5,49,1,0
950,101,2026-04-09T00:00:00.000000000,SP,82,31,Sênior,10928.79,Tecnologia,EAD,Setor Público,9,4,1,0
951,103,2025-05-14T00:00:00.000000000,SP,9,22,Júnior,7260.24,Tecnologia,EAD,ONG,7,20,1,0
952,404,2025-06-20T00:00:00.000000000,RJ,67,26,Sênior,14276.24,Biológicas,Presencial,Iniciativa Privada,10,5,0,0
953,101,2025-08-01T00:00:00.000000000,MG,70,29,Sênior,10540.31,Tecnologia,EAD,Iniciativa Privada,5,3,1,0
954,404,2026-06-14T00:00:00.000000000,MG,118,29,Sênior,10546.94,Biológicas,Híbrido,Iniciativa Privada,10,8,1,0
955,203,2026-05-17T00:00:00.000000000,SP,109,32,Sênior,9384.48,Exatas,EAD,Setor Público,5,68,0,0
956,303,2026-07-26T00:00:00.000000000,SP,37,23,Sênior,8939.4,Humanas,EAD,Iniciativa Privada,5,67,0,0
957,104,2025-01-27T00:00:00.000000000,SP,39,26,Pleno,4585.58,Tecnologia,Presencial,Iniciativa Privada,8,8,1,0
958,201,2025-03-09T00:00:00.000000000,SP,97,33,Gestão,18720.36,Exatas,EAD,Autônomo/PJ,4,17,1,0
959,102,2026-02-12T00:00:00.000000000,SC,100,32,Gestão,18342.81,Tecnologia,Presencial,Setor Público,9,58,0,0
960,103,2026-07-06T00:00:00.000000000,SP,77,31,Sênior,12175.42,Tecnologia,Presencial,Iniciativa Privada,5,42,1,0
961,401,2025-04-19T00:00:00.000000000,RJ,44,27,Pleno,4145.93,Biológicas,EAD,Iniciativa Privada,6,79,1,0
962,301,2025-03-15T00:00:00.000000000,SP,31,22,Júnior,1865.63,Humanas,EAD,Autônomo/PJ,8,65,0,0
963,102,2026-08-01T00:00:00.000000000,RS,39,26,Pleno,9425.2,Tecnologia,Presencial,Iniciativa Privada,8,28,0,0
964,203,2025-09-19T00:00:00.000000000,MG,59,29,Júnior,3271.22,Exatas,Presencial,Autônomo/PJ,5,47,1,0
965,203,2026-01-03T00:00:00.000000000,SP,8,24,Pleno,6720.47,Exatas,EAD,Iniciativa Privada,6,50,0,0
966,301,2025-08-25T00:00:00.000000000,RJ,55,30,Pleno,7626.79,Humanas,Presencial,ONG,7,41,0,0
967,301,2026-01-01T00:00:00.000000000,PR,17,22,Júnior,3641.51,Humanas,Presencial,Iniciativa Privada,8,35,0,0
968,102,2025-10-13T00:00:00.000000000,BA,70,26,Sênior,9608.9,Tecnologia,Presencial,Iniciativa Privada,5,75,1,0
969,102,2026-01-13T00:00:00.000000000,SP,59,29,Pleno,6098.68,Tecnologia,Presencial,Setor Público,9,44,0,0
970,203,2026-01-11T00:00:00.000000000,RS,113,32,Sênior,11855.2,Exatas,Híbrido,Setor Público,5,100,0,0
971,204,2025-03-17T00:00:00.000000000,GO,10,26,Júnior,4706.3,Exatas,Híbrido,Iniciativa Privada,9,97,0,1
972,203,2025-01-09T00:00:00.000000000,GO,99,33,Gestão,15535.9,Exatas,Presencial,Autônomo/PJ,9,34,0,0
973,301,2025-07-15T00:00:00.000000000,MG,99,28,Sênior,10117.37,Humanas,Presencial,Iniciativa Privada,4,5,0,0
974,303,2025-10-17T00:00:00.000000000,MG,62,29,Sem vínculo,0.0,Humanas,Híbrido,Desempregado,4,36,0,0
975,204,2025-03-02T00:00:00.000000000,RJ,22,28,Júnior,5961.46,Exatas,Híbrido,Autônomo/PJ,10,35,0,0
976,402,2026-01-24T00:00:00.000000000,PR,117,29,Sênior,10391.32,Biológicas,Presencial,Iniciativa Privada,7,83,0,1
977,104,2026-07-17T00:00:00.000000000,RJ,52,25,Sênior,10399.71,Tecnologia,EAD,Autônomo/PJ,7,15,0,0
978,204,2026-07-18T00:00:00.000000000,MG,28,26,Pleno,7511.37,Exatas,Presencial,Iniciativa Privada,9,71,1,0
979,404,2025-01-08T00:00:00.000000000,RJ,84,32,Sênior,9230.44,Biológicas,Presencial,Iniciativa Privada,7,21,1,0
980,202,2026-01-04T00:00:00.000000000,PR,106,28,Sem vínculo,0.0,Exatas,Presencial,Desempregado,10,68,1,0
981,204,2025-02-14T00:00:00.000000000,SC,90,29,Sênior,12140.36,Exatas,Híbrido,Setor Público,7,68,1,0
982,104,2025-12-10T00:00:00.000000000,SP,19,28,Júnior,5757.77,Tecnologia,EAD,Iniciativa Privada,5,62,1,0
983,404,2026-01-10T00:00:00.000000000,SC,71,28,Gestão,17282.42,Biológicas,Presencial,Iniciativa Privada,5,74,0,0
984,201,2025-01-27T00:00:00.000000000,RJ,80,32,Sênior,9425.97,Exatas,EAD,Iniciativa Privada,5,18,0,0
985,304,2025-07-12T00:00:00.000000000,SC,56,30,Sem vínculo,0.0,Humanas,Presencial,Desempregado,6,80,1,0
986,102,2025-12-23T00:00:00.000000000,RJ,108,32,Gestão,15501.67,Tecnologia,Presencial,Iniciativa Privada,9,100,0,0
987,104,2025-03-03T00:00:00.000000000,SP,43,25,Pleno,8029.56,Tecnologia,Presencial,Iniciativa Privada,7,17,1,0
988,104,2025-03-03T00:00:00.000000000,GO,69,26,Pleno,5438.09,Tecnologia,EAD,Iniciativa Privada,6,72,1,0
989,102,2026-02-26T00:00:00.000000000,SP,103,32,Sênior,10164.05,Tecnologia,Presencial,Iniciativa Privada,8,16,1,0
990,404,2026-07-05T00:00:00.000000000,SC,43,26,Pleno,7101.71,Biológicas,Presencial,Iniciativa Privada,9,40,1,0
991,402,2026-01-15T00:00:00.000000000,RJ,55,26,Pleno,5397.95,Biológicas,Presencial,Iniciativa Privada,10,32,0,0
992,204,2025-10-04T00:00:00.000000000,RJ,103,33,Gestão,16781.88,Exatas,EAD,Iniciativa Privada,8,83,0,0
993,102,2026-03-07T00:00:00.000000000,SP,87,34,Pleno,6314.96,Tecnologia,Presencial,Iniciativa Privada,5,54,0,0
994,104,2025-04-25T00:00:00.000000000,MG,35,28,Sem vínculo,0.0,Tecnologia,Presencial,Desempregado,8,81,0,0
995,304,2025-05-01T00:00:00.000000000,SP,84,34,Sênior,11607.83,Humanas,Presencial,Iniciativa Privada,5,23,1,0
996,101,2026-06-09T00:00:00.000000000,SP,96,30,Sênior,12636.49,Tecnologia,Presencial,Autônomo/PJ,10,76,0,0
997,301,2026-02-20T00:00:00.000000000,SP,56,31,Júnior,1500.0,Humanas,EAD,Autônomo/PJ,9,39,1,0
998,104,2025-06-12T00:00:00.000000000,SP,68,26,Gestão,16661.13,Tecnologia,Híbrido,Autônomo/PJ,9,27,0,0
999,304,2025-12-03T00:00:00.000000000,BA,103,29,Sênior,9505.64,Humanas,Presencial,ONG,10,66,0,1
1000,403,2026-01-14T00:00:00.000000000,BA,57,24,Pleno,6660.89,Biológicas,EAD,Iniciativa Privada,10,99,1,0
1001,202,2025-11-20T00:00:00.000000000,SP,43,26,Pleno,8451.96,Exatas,Presencial,Iniciativa Privada,7,74,1,0
1002,403,2025-06-22T00:00:00.000000000,PR,102,28,Sênior,10936.18,Biológicas,Presencial,Iniciativa Privada,6,38,1,0
1003,301,2025-03-05T00:00:00.000000000,SP,93,34,Sênior,11882.42,Humanas,Presencial,Iniciativa Privada,5,20,1,0
1004,301,2025-04-11T00:00:00.000000000,MG,84,33,Sênior,10696.61,Humanas,EAD,Autônomo/PJ,4,36,0,0
1005,201,2025-11-18T00:00:00.000000000,SC,35,24,Sênior,10940.17,Exatas,Híbrido,Setor Público,10,1,1,0
1006,101,2025-03-07T00:00:00.000000000,GO,111,33,Gestão,15227.84,Tecnologia,EAD,ONG,4,5,1,0
1007,404,2026-07-11T00:00:00.000000000,RJ,56,31,Pleno,6891.81,Biológicas,Presencial,Iniciativa Privada,7,51,0,0
1008,301,2026-04-03T00:00:00.000000000,PR,86,31,Sem vínculo,0.0,Humanas,EAD,Desempregado,10,4,0,0
1009,304,2026-03-29T00:00:00.000000000,SP,10,21,Júnior,2729.77,Humanas,EAD,Iniciativa Privada,6,46,1,0
1010,204,2025-09-16T00:00:00.000000000,BA,34,26,Sênior,11658.28,Exatas,Presencial,Iniciativa Privada,5,42,0,0
1011,101,2026-03-02T00:00:00.000000000,SP,9,24,Júnior,2993.34,Tecnologia,Híbrido,Iniciativa Privada,7,95,1,0
1012,401,2025-06-27T00:00:00.000000000,MG,15,27,Júnior,3177.02,Biológicas,Presencial,Autônomo/PJ,6,100,1,0
1013,102,2025-10-07T00:00:00.000000000,MG,61,29,Sênior,11873.17,Tecnologia,EAD,Iniciativa Privada,4,39,0,0
1014,403,2025-12-10T00:00:00.000000000,MG,22,28,Sem vínculo,0.0,Biológicas,Presencial,Desempregado,5,10,0,0
1015,101,2025-01-17T00:00:00.000000000,SP,79,28,Sem vínculo,0.0,Tecnologia,EAD,Desempregado,6,80,1,0
1016,202,2025-10-23T00:00:00.000000000,GO,22,25,Júnior,3882.27,Exatas,EAD,ONG,8,13,1,0
1017,202,2025-07-21T00:00:00.000000000,SP,89,32,Gestão,18253.4,Exatas,Presencial,Iniciativa Privada,5,1,0,0
1018,403,2025-07-13T00:00:00.000000000,MG,93,31,Sênior,12943.8,Biológicas,Híbrido,ONG,8,38,1,1
1019,404,2025-05-29T00:00:00.000000000,SP,74,30,Gestão,16641.59,Biológicas,Presencial,Autônomo/PJ,9,62,1,0
1020,401,2026-01-10T00:00:00.000000000,SP,39,23,Sênior,12350.74,Biológicas,Presencial,Iniciativa Privada,9,62,0,1
1021,203,2025-02-04T00:00:00.000000000,RJ,11,22,Júnior,2437.36,Exatas,Híbrido,Iniciativa Privada,9,17,1,0
1022,101,2026-01-04T00:00:00.000000000,RJ,58,31,Júnior,3064.09,Tecnologia,Presencial,Iniciativa Privada,7,96,1,0
1023,302,2025-01-29T00:00:00.000000000,SP,71,26,Gestão,17079.22,Humanas,Presencial,Iniciativa Privada,6,93,0,1
1024,202,2025-08-09T00:00:00.000000000,SP,82,26,Gestão,15625.53,Exatas,EAD,Iniciativa Privada,9,78,1,0
1025,304,2025-02-22T00:00:00.000000000,RJ,112,36,Sem vínculo,0.0,Humanas,EAD,Desempregado,10,92,1,0
1026,302,2025-12-19T00:00:00.000000000,PR,48,27,Júnior,3454.69,Humanas,Híbrido,Iniciativa Privada,6,89,0,0
1027,202,2026-01-27T00:00:00.000000000,RS,117,31,Sênior,11660.83,Exatas,EAD,Iniciativa Privada,6,0,0,0
1028,303,2025-03-17T00:00:00.000000000,SP,80,31,Sem vínculo,0.0,Humanas,EAD,Desempregado,6,16,1,0
1029,401,2026-05-09T00:00:00.000000000,SP,116,31,Gestão,16219.68,Biológicas,Híbrido,Iniciativa Privada,5,53,0,0
1030,401,2026-06-06T00:00:00.000000000,SP,28,25,Sênior,12355.53,Biológicas,EAD,ONG,10,38,1,1
1031,203,2025-04-27T00:00:00.000000000,SP,60,28,Gestão,13190.3,Exatas,Presencial,Iniciativa Privada,8,47,0,0
1032,304,2025-10-07T00:00:00.000000000,MG,85,30,Gestão,16619.18,Humanas,EAD,Setor Público,8,65,1,1
1033,201,2025-06-24T00:00:00.000000000,MG,100,34,Pleno,7995.47,Exatas,Presencial,Iniciativa Privada,7,14,1,0
1034,102,2025-10-22T00:00:00.000000000,SP,80,27,Sênior,13361.54,Tecnologia,Presencial,Setor Público,9,21,0,0
1035,101,2026-03-27T00:00:00.000000000,SP,21,25,Júnior,2882.98,Tecnologia,EAD,Iniciativa Privada,7,19,0,0
1036,102,2026-06-02T00:00:00.000000000,SP,13,23,Júnior,3014.54,Tecnologia,Híbrido,Autônomo/PJ,6,92,1,0
1037,104,2025-01-21T00:00:00.000000000,SC,9,27,Pleno,5674.04,Tecnologia,Presencial,Iniciativa Privada,4,88,1,0
1038,103,2025-03-14T00:00:00.000000000,BA,109,35,Sênior,9998.02,Tecnologia,Presencial,ONG,4,42,1,0
1039,401,2025-02-05T00:00:00.000000000,SP,9,27,Júnior,5445.89,Biológicas,Presencial,Iniciativa Privada,10,55,1,0
1040,203,2026-05-22T00:00:00.000000000,SP,61,29,Pleno,5576.41,Exatas,Presencial,Iniciativa Privada,6,23,0,0
1041,201,2025-08-21T00:00:00.000000000,RS,30,26,Sênior,11572.16,Exatas,Presencial,Setor Público,9,97,1,0
1042,202,2026-05-12T00:00:00.000000000,GO,72,31,Sênior,12662.13,Exatas,EAD,Iniciativa Privada,8,42,0,0
1043,203,2025-07-25T00:00:00.000000000,RJ,101,31,Sênior,12682.1,Exatas,Presencial,Autônomo/PJ,7,20,0,0
1044,101,2026-03-02T00:00:00.000000000,SP,72,27,Sem vínculo,0.0,Tecnologia,Presencial,Desempregado,5,47,0,0
1045,102,2025-02-13T00:00:00.000000000,SP,32,27,Pleno,6925.02,Tecnologia,Híbrido,Autônomo/PJ,4,65,0,0
1046,403,2025-04-01T00:00:00.000000000,MG,98,28,Sênior,12548.06,Biológicas,EAD,Iniciativa Privada,10,15,1,0
1047,303,2026-04-15T00:00:00.000000000,SP,37,29,Pleno,6906.2,Humanas,Presencial,Setor Público,7,39,0,0
1048,201,2026-04-12T00:00:00.000000000,SP,55,30,Pleno,7853.53,Exatas,Presencial,Setor Público,4,20,1,0
1049,201,2026-03-30T00:00:00.000000000,MG,66,26,Sênior,12743.68,Exatas,Presencial,Autônomo/PJ,8,51,1,0
1050,101,2025-11-29T00:00:00.000000000,SP,56,28,Pleno,4494.24,Tecnologia,Híbrido,Iniciativa Privada,8,100,1,0
1051,202,2026-05-22T00:00:00.000000000,PR,24,29,Pleno,7521.01,Exatas,Presencial,Iniciativa Privada,6,7,1,0
1052,201,2026-04-15T00:00:00.000000000,SP,26,28,Pleno,5163.48,Exatas,Híbrido,Iniciativa Privada,6,77,1,0
1053,303,2025-01-21T00:00:00.000000000,SP,10,21,Júnior,3815.18,Humanas,EAD,Iniciativa Privada,4,54,0,0
1054,103,2025-08-16T00:00:00.000000000,MG,87,33,Gestão,15257.53,Tecnologia,EAD,Iniciativa Privada,4,85,1,0
1055,401,2026-01-11T00:00:00.000000000,SP,97,34,Gestão,16797.32,Biológicas,Presencial,Iniciativa Privada,7,81,0,1
1056,101,2025-05-10T00:00:00.000000000,BA,47,26,Sênior,11073.87,Tecnologia,Híbrido,Autônomo/PJ,6,57,0,0
1057,204,2026-02-18T00:00:00.000000000,RJ,66,25,Sem vínculo,0.0,Exatas,Presencial,Desempregado,10,4,1,0
1058,303,2025-03-12T00:00:00.000000000,SP,27,25,Pleno,6230.65,Humanas,Presencial,Setor Público,10,41,1,1
1059,202,2026-02-08T00:00:00.000000000,PR,26,22,Pleno,6564.09,Exatas,Presencial,Iniciativa Privada,8,29,0,0
1060,204,2026-07-16T00:00:00.000000000,SP,75,32,Sênior,9925.41,Exatas,EAD,Iniciativa Privada,9,94,1,0
1061,101,2026-02-01T00:00:00.000000000,GO,6,25,Sem vínculo,0.0,Tecnologia,Presencial,Desempregado,7,8,0,0
1062,201,2025-12-03T00:00:00.000000000,SP,10,27,Sem vínculo,0.0,Exatas,Híbrido,Desempregado,7,94,1,0
1063,103,2026-05-20T00:00:00.000000000,RJ,110,33,Sem vínculo,0.0,Tecnologia,Presencial,Desempregado,5,94,1,0
1064,101,2025-10-03T00:00:00.000000000,SP,17,27,Pleno,7913.97,Tecnologia,EAD,Autônomo/PJ,10,40,0,0
1065,102,2025-01-13T00:00:00.000000000,RJ,95,27,Gestão,14051.47,Tecnologia,Presencial,Iniciativa Privada,9,50,1,0
1066,303,2025-01-03T00:00:00.000000000,SC,51,24,Pleno,7593.83,Humanas,Presencial,Autônomo/PJ,8,56,0,0
1067,101,2025-08-12T00:00:00.000000000,SC,39,23,Pleno,5729.6,Tecnologia,Presencial,Iniciativa Privada,7,72,1,0
1068,103,2025-06-24T00:00:00.000000000,SP,54,30,Sênior,11612.51,Tecnologia,Híbrido,Iniciativa Privada,9,100,1,0
1069,201,2026-01-20T00:00:00.000000000,SP,83,27,Gestão,18106.34,Exatas,Presencial,Autônomo/PJ,5,60,0,0
1070,401,2025-08-29T00:00:00.000000000,SC,95,32,Sênior,11901.88,Biológicas,EAD,Iniciativa Privada,9,5,1,0
1071,301,2026-07-01T00:00:00.000000000,GO,50,25,Pleno,6099.59,Humanas,Presencial,Iniciativa Privada,6,25,0,0
1072,402,2025-01-14T00:00:00.000000000,SP,32,26,Pleno,6403.68,Biológicas,EAD,Iniciativa Privada,8,73,0,1
1073,202,2025-07-14T00:00:00.000000000,RJ,78,32,Gestão,16601.6,Exatas,Presencial,Iniciativa Privada,6,5,1,0
1074,203,2026-02-01T00:00:00.000000000,SP,31,22,Sênior,12784.14,Exatas,Presencial,ONG,5,52,0,0
1075,301,2026-03-07T00:00:00.000000000,RS,52,29,Pleno,7828.08,Humanas,EAD,Iniciativa Privada,10,60,0,1
1076,101,2025-11-02T00:00:00.000000000,SP,91,32,Sênior,10467.44,Tecnologia,Presencial,Iniciativa Privada,8,32,1,0
1077,102,2025-11-30T00:00:00.000000000,SP,116,31,Sênior,12491.43,Tecnologia,Presencial,Iniciativa Privada,4,44,0,0
1078,101,2026-02-14T00:00:00.000000000,PR,61,29,Gestão,18927.08,Tecnologia,Presencial,Iniciativa Privada,4,93,1,0
1079,102,2025-01-03T00:00:00.000000000,SP,99,35,Sênior,12069.88,Tecnologia,EAD,Iniciativa Privada,4,39,1,0
1080,301,2026-07-06T00:00:00.000000000,RJ,112,36,Sênior,10744.15,Humanas,Presencial,Setor Público,9,23,1,0
1081,203,2026-03-28T00:00:00.000000000,RJ,68,30,Sênior,9913.69,Exatas,Presencial,Iniciativa Privada,7,91,1,0
1082,101,2026-05-10T00:00:00.000000000,SP,53,30,Júnior,3724.02,Tecnologia,EAD,Autônomo/PJ,9,44,0,0
1083,401,2026-02-21T00:00:00.000000000,SP,66,25,Sem vínculo,0.0,Biológicas,Presencial,Desempregado,9,37,1,0
1084,204,2026-01-26T00:00:00.000000000,RJ,86,27,Gestão,15169.02,Exatas,EAD,Setor Público,9,28,1,0
1085,202,2026-01-08T00:00:00.000000000,SP,31,27,Pleno,6396.0,Exatas,EAD,Iniciativa Privada,9,78,1,1
1086,401,2025-02-21T00:00:00.000000000,MG,41,24,Júnior,2839.91,Biológicas,Híbrido,Iniciativa Privada,10,7,1,0
1087,101,2026-01-11T00:00:00.000000000,SC,6,24,Júnior,3407.55,Tecnologia,Presencial,ONG,4,63,1,0
1088,304,2026-01-30T00:00:00.000000000,PR,13,21,Pleno,3086.65,Humanas,EAD,Iniciativa Privada,7,86,1,0
1089,204,2025-05-22T00:00:00.000000000,SP,118,34,Gestão,18014.18,Exatas,Presencial,Autônomo/PJ,7,72,1,0
1090,302,2025-03-27T00:00:00.000000000,SP,104,28,Gestão,17359.77,Humanas,Presencial,ONG,5,50,1,1
1091,404,2026-04-09T00:00:00.000000000,SP,57,31,Sem vínculo,0.0,Biológicas,Presencial,Desempregado,4,74,0,0
1092,203,2025-02-15T00:00:00.000000000,SP,84,32,Sem vínculo,0.0,Exatas,Presencial,Desempregado,8,5,0,0
1093,104,2025-08-26T00:00:00.000000000,RJ,52,28,Sênior,12743.83,Tecnologia,Presencial,Setor Público,9,46,1,0
1094,103,2025-01-10T00:00:00.000000000,MG,61,30,Gestão,20145.71,Tecnologia,EAD,Iniciativa Privada,7,48,1,0
1095,102,2026-07-27T00:00:00.000000000,SP,91,29,Sem vínculo,0.0,Tecnologia,Presencial,Desempregado,5,75,1,0
1096,302,2026-06-14T00:00:00.000000000,SP,19,26,Júnior,4004.02,Humanas,Presencial,Iniciativa Privada,7,97,1,0
1097,102,2025-06-27T00:00:00.000000000,SP,95,32,Gestão,17220.83,Tecnologia,Presencial,Iniciativa Privada,8,84,0,0
1098,102,2025-01-06T00:00:00.000000000,MG,33,28,Júnior,4924.46,Tecnologia,Presencial,Setor Público,8,31,0,0
1099,302,2025-11-03T00:00:00.000000000,SP,92,34,Gestão,16438.12,Humanas,Presencial,Setor Público,4,53,0,0
1100,103,2026-07-02T00:00:00.000000000,MG,83,30,Sênior,11586.9,Tecnologia,Presencial,ONG,10,35,0,0
1101,403,2025-11-23T00:00:00.000000000,SP,93,33,Sênior,11581.5,Biológicas,Presencial,Setor Público,7,88,1,0
1102,102,2025-12-22T00:00:00.000000000,RS,7,25,Júnior,4579.74,Tecnologia,EAD,Iniciativa Privada,10,98,0,1
1103,104,2026-01-30T00:00:00.000000000,RS,114,33,Sem vínculo,0.0,Tecnologia,Presencial,Desempregado,8,97,1,0
1104,101,2025-10-27T00:00:00.000000000,SP,31,24,Pleno,4464.73,Tecnologia,EAD,Autônomo/PJ,6,18,0,0
1105,402,2026-06-10T00:00:00.000000000,SP,19,25,Júnior,3019.69,Biológicas,Híbrido,Setor Público,8,36,0,0
1106,204,2025-10-12T00:00:00.000000000,RJ,64,25,Gestão,18953.66,Exatas,Presencial,Iniciativa Privada,8,16,0,0
1107,101,2025-11-26T00:00:00.000000000,SP,61,31,Gestão,16742.36,Tecnologia,Presencial,Iniciativa Privada,7,79,1,0
1108,202,2025-02-19T00:00:00.000000000,MG,12,25,Júnior,5261.23,Exatas,Presencial,Setor Público,9,15,1,0
1109,302,2026-01-13T00:00:00.000000000,SC,8,27,Júnior,4698.53,Humanas,Presencial,Iniciativa Privada,8,57,0,0
1110,103,2026-06-22T00:00:00.000000000,MG,116,31,Sênior,12919.55,Tecnologia,EAD,Iniciativa Privada,5,43,0,0
1111,301,2025-05-24T00:00:00.000000000,SC,28,25,Pleno,7875.52,Humanas,Presencial,Autônomo/PJ,9,67,1,0
1112,101,2025-03-01T00:00:00.000000000,SP,115,34,Gestão,16688.9,Tecnologia,Presencial,Iniciativa Privada,8,48,1,0
1113,104,2025-03-16T00:00:00.000000000,SP,112,33,Gestão,17636.55,Tecnologia,Presencial,Iniciativa Privada,6,93,0,0
1114,203,2025-01-03T00:00:00.000000000,PR,116,34,Sênior,9631.45,Exatas,Presencial,Iniciativa Privada,8,50,1,0
1115,103,2026-07-29T00:00:00.000000000,SP,114,30,Pleno,7137.92,Tecnologia,Presencial,Iniciativa Privada,4,97,0,0
1116,403,2026-03-24T00:00:00.000000000,MG,23,21,Pleno,9380.88,Biológicas,Presencial,Autônomo/PJ,7,4,1,0
1117,103,2025-10-02T00:00:00.000000000,SP,43,29,Pleno,7531.09,Tecnologia,Presencial,Iniciativa Privada,6,96,0,0
1118,301,2026-06-14T00:00:00.000000000,SP,104,28,Gestão,16027.98,Humanas,EAD,Iniciativa Privada,5,57,1,0
1119,101,2025-08-03T00:00:00.000000000,BA,20,22,Júnior,2870.94,Tecnologia,Presencial,Setor Público,10,45,0,0
1120,402,2026-04-30T00:00:00.000000000,SP,69,26,Sem vínculo,0.0,Biológicas,EAD,Desempregado,8,54,1,0
1121,102,2025-11-25T00:00:00.000000000,BA,94,33,Pleno,7722.45,Tecnologia,Presencial,Setor Público,8,72,1,0
1122,403,2025-09-12T00:00:00.000000000,BA,106,32,Gestão,16389.12,Biológicas,Presencial,Iniciativa Privada,10,16,0,1
1123,103,2026-01-22T00:00:00.000000000,PR,33,23,Pleno,2844.29,Tecnologia,Presencial,Iniciativa Privada,10,11,0,0
1124,303,2025-05-06T00:00:00.000000000,MG,79,29,Gestão,15297.96,Humanas,EAD,ONG,10,23,0,1
1125,202,2026-07-04T00:00:00.000000000,MG,44,28,Pleno,6797.33,Exatas,Presencial,Iniciativa Privada,5,55,1,0
1126,204,2025-11-20T00:00:00.000000000,RS,62,30,Sênior,12704.07,Exatas,Presencial,Setor Público,10,54,1,0
1127,104,2025-07-23T00:00:00.000000000,SP,22,23,Júnior,2416.15,Tecnologia,Presencial,Iniciativa Privada,8,75,0,0
1128,402,2025-06-21T00:00:00.000000000,RJ,108,36,Gestão,16752.03,Biológicas,Híbrido,Iniciativa Privada,10,78,1,1
1129,102,2025-08-05T00:00:00.000000000,MG,91,28,Gestão,17035.85,Tecnologia,EAD,Autônomo/PJ,4,15,0,0
1130,302,2025-09-02T00:00:00.000000000,RJ,95,28,Sênior,11805.65,Humanas,Presencial,Autônomo/PJ,9,86,0,1
1131,202,2025-12-02T00:00:00.000000000,RJ,49,27,Sênior,10391.34,Exatas,Presencial,Setor Público,9,81,0,0
1132,402,2025-10-25T00:00:00.000000000,SP,30,22,Pleno,4870.6,Biológicas,Presencial,Iniciativa Privada,6,21,0,0
1133,302,2025-07-01T00:00:00.000000000,MG,22,21,Pleno,7710.03,Humanas,Presencial,Iniciativa Privada,8,43,0,0
1134,103,2025-11-30T00:00:00.000000000,RS,18,26,Júnior,2695.52,Tecnologia,EAD,Setor Público,5,94,1,0
1135,203,2026-05-26T00:00:00.000000000,SP,89,32,Sênior,10510.67,Exatas,EAD,Setor Público,10,42,1,0
1136,103,2026-01-18T00:00:00.000000000,GO,30,26,Júnior,3778.94,Tecnologia,Presencial,Iniciativa Privada,5,78,1,0
1137,103,2025-07-18T00:00:00.000000000,MG,73,32,Sênior,10847.41,Tecnologia,EAD,Iniciativa Privada,6,20,1,0
1138,102,2025-11-28T00:00:00.000000000,SC,15,28,Júnior,3798.56,Tecnologia,Presencial,Iniciativa Privada,4,7,1,0
1139,404,2025-06-14T00:00:00.000000000,MG,72,29,Sem vínculo,0.0,Biológicas,Presencial,Desempregado,6,48,0,0
1140,401,2025-08-30T00:00:00.000000000,PR,110,35,Sênior,10440.35,Biológicas,Presencial,Autônomo/PJ,8,99,1,1
1141,102,2025-08-15T00:00:00.000000000,SP,114,35,Sem vínculo,0.0,Tecnologia,Presencial,Desempregado,9,5,1,0
1142,201,2026-07-10T00:00:00.000000000,SC,23,23,Júnior,2500.84,Exatas,Presencial,Iniciativa Privada,4,80,1,0
1143,104,2026-03-27T00:00:00.000000000,SP,116,35,Sem vínculo,0.0,Tecnologia,EAD,Desempregado,4,46,1,0
1144,103,2025-07-15T00:00:00.000000000,RS,105,30,Gestão,17107.3,Tecnologia,Presencial,Iniciativa Privada,5,35,1,0
1145,104,2025-07-23T00:00:00.000000000,BA,116,35,Gestão,15704.12,Tecnologia,Presencial,Iniciativa Privada,4,91,0,0
1146,302,2026-04-03T00:00:00.000000000,SP,91,30,Sênior,11701.41,Humanas,Híbrido,Autônomo/PJ,8,22,0,0
1147,403,2025-09-14T00:00:00.000000000,SP,39,25,Pleno,5145.46,Biológicas,Híbrido,Iniciativa Privada,10,30,1,0
1148,102,2026-06-13T00:00:00.000000000,PR,116,29,Pleno,7069.94,Tecnologia,EAD,Iniciativa Privada,8,74,0,1
1149,103,2025-09-29T00:00:00.000000000,SP,13,23,Júnior,1876.81,Tecnologia,EAD,Iniciativa Privada,10,61,0,0
1150,101,2025-01-09T00:00:00.000000000,RS,45,25,Pleno,6411.9,Tecnologia,EAD,Iniciativa Privada,8,83,1,0
1151,401,2025-07-20T00:00:00.000000000,SP,118,32,Sênior,9035.79,Biológicas,EAD,Setor Público,9,95,1,1
1152,101,2025-02-28T00:00:00.000000000,SP,113,32,Gestão,16274.51,Tecnologia,Presencial,Setor Público,7,80,1,0
1153,204,2026-01-28T00:00:00.000000000,BA,88,29,Pleno,6196.94,Exatas,Presencial,Autônomo/PJ,4,56,1,0
1154,402,2025-04-29T00:00:00.000000000,MG,47,30,Pleno,5016.92,Biológicas,Presencial,Setor Público,4,69,0,0
1155,104,2026-07-07T00:00:00.000000000,SC,46,24,Pleno,6747.78,Tecnologia,Presencial,Setor Público,8,64,1,0
1156,201,2026-02-03T00:00:00.000000000,SP,106,35,Sênior,11694.82,Exatas,Presencial,Iniciativa Privada,10,36,0,0
1157,102,2025-11-27T00:00:00.000000000,MG,11,23,Júnior,1500.0,Tecnologia,EAD,Iniciativa Privada,5,67,1,0
1158,401,2025-09-24T00:00:00.000000000,MG,57,31,Sem vínculo,0.0,Biológicas,Presencial,Desempregado,9,94,1,0
1159,104,2026-06-04T00:00:00.000000000,MG,31,29,Sênior,11120.8,Tecnologia,Presencial,Iniciativa Privada,4,74,1,0
1160,404,2026-04-25T00:00:00.000000000,MG,69,29,Gestão,17013.26,Biológicas,Presencial,Setor Público,7,16,1,0
1161,404,2025-05-14T00:00:00.000000000,MG,103,32,Gestão,15602.3,Biológicas,Presencial,Iniciativa Privada,4,6,0,0
1162,301,2025-12-21T00:00:00.000000000,RJ,64,25,Sênior,11620.75,Humanas,EAD,Autônomo/PJ,6,51,1,0
1163,202,2026-05-13T00:00:00.000000000,SP,61,31,Sênior,12859.44,Exatas,EAD,Autônomo/PJ,7,34,1,0
1164,302,2025-04-17T00:00:00.000000000,PR,64,27,Gestão,16497.36,Humanas,EAD,Iniciativa Privada,5,1,0,0
1165,101,2025-10-17T00:00:00.000000000,SP,114,30,Gestão,17148.36,Tecnologia,Presencial,Iniciativa Privada,7,39,1,0
1166,102,2025-05-27T00:00:00.000000000,MG,75,26,Sênior,11936.29,Tecnologia,Presencial,Setor Público,7,36,1,0
1167,101,2025-11-23T00:00:00.000000000,SP,106,30,Gestão,18219.06,Tecnologia,EAD,Iniciativa Privada,4,56,0,0
1168,302,2026-02-19T00:00:00.000000000,MG,38,30,Júnior,4374.35,Humanas,Presencial,Iniciativa Privada,7,100,1,0
1169,403,2025-07-29T00:00:00.000000000,PR,58,27,Júnior,4866.12,Biológicas,Presencial,Autônomo/PJ,8,9,1,0
1170,403,2025-10-23T00:00:00.000000000,SP,27,26,Pleno,8839.95,Biológicas,Presencial,Iniciativa Privada,9,75,0,0
1171,304,2026-02-02T00:00:00.000000000,SP,26,27,Júnior,3683.99,Humanas,Híbrido,ONG,7,80,1,0
1172,303,2025-04-13T00:00:00.000000000,SP,75,27,Gestão,16709.78,Humanas,Híbrido,Iniciativa Privada,4,45,1,0
1173,403,2026-05-23T00:00:00.000000000,MG,75,33,Gestão,15713.34,Biológicas,Presencial,Iniciativa Privada,8,89,1,1
1174,403,2025-07-28T00:00:00.000000000,SC,117,34,Sênior,10899.44,Biológicas,Presencial,Setor Público,5,4,1,0
1175,201,2026-03-04T00:00:00.000000000,SP,9,24,Júnior,3339.94,Exatas,EAD,Iniciativa Privada,6,4,1,0
1176,103,2026-01-28T00:00:00.000000000,PR,99,35,Gestão,17298.99,Tecnologia,Presencial,Iniciativa Privada,7,26,1,0
1177,203,2025-04-19T00:00:00.000000000,SP,80,32,Sênior,12066.61,Exatas,Presencial,Iniciativa Privada,8,4,0,0
1178,204,2025-12-14T00:00:00.000000000,RJ,67,31,Sênior,10887.09,Exatas,Presencial,Iniciativa Privada,8,60,0,0
1179,303,2025-02-19T00:00:00.000000000,GO,67,30,Sênior,10172.08,Humanas,Presencial,Iniciativa Privada,5,7,0,0
1180,403,2025-04-15T00:00:00.000000000,SP,99,31,Sênior,9649.39,Biológicas,Presencial,Iniciativa Privada,5,30,1,0
1181,402,2026-02-24T00:00:00.000000000,RJ,100,35,Gestão,18191.53,Biológicas,Presencial,Iniciativa Privada,6,96,1,1
1182,204,2026-01-08T00:00:00.000000000,SP,29,24,Sênior,13065.46,Exatas,Híbrido,Iniciativa Privada,6,20,0,0
1183,104,2025-01-27T00:00:00.000000000,SP,60,32,Gestão,17861.42,Tecnologia,Presencial,Setor Público,4,98,0,0
1184,104,2025-09-30T00:00:00.000000000,SP,14,24,Júnior,4666.71,Tecnologia,Presencial,Setor Público,6,20,1,0
1185,104,2025-12-06T00:00:00.000000000,SP,8,27,Pleno,5158.49,Tecnologia,EAD,Iniciativa Privada,6,50,1,0
1186,204,2025-10-28T00:00:00.000000000,MG,36,28,Sênior,12583.34,Exatas,Presencial,Autônomo/PJ,10,78,0,0
1187,404,2026-04-25T00:00:00.000000000,RJ,45,26,Pleno,5939.3,Biológicas,Híbrido,Autônomo/PJ,8,99,0,0
1188,201,2026-06-28T00:00:00.000000000,RJ,106,32,Pleno,7696.58,Exatas,Presencial,Setor Público,7,58,1,0
1189,203,2026-07-11T00:00:00.000000000,SP,41,24,Pleno,6094.46,Exatas,Híbrido,Setor Público,10,1,0,1
1190,104,2025-09-22T00:00:00.000000000,SP,29,25,Pleno,5333.4,Tecnologia,Presencial,Iniciativa Privada,10,29,1,0
1191,203,2026-06-26T00:00:00.000000000,MG,100,35,Sênior,9723.57,Exatas,EAD,ONG,10,57,1,0
1192,403,2025-06-15T00:00:00.000000000,BA,11,24,Júnior,6656.75,Biológicas,EAD,Iniciativa Privada,7,91,1,0
1193,301,2025-11-12T00:00:00.000000000,SP,71,26,Sênior,12073.91,Humanas,Híbrido,Iniciativa Privada,9,80,1,1
1194,104,2025-01-01T00:00:00.000000000,RS,89,33,Gestão,16438.01,Tecnologia,EAD,Autônomo/PJ,6,19,0,0
1195,402,2025-09-18T00:00:00.000000000,MG,97,30,Sênior,13559.85,Biológicas,EAD,Iniciativa Privada,10,39,1,1
1196,101,2025-03-04T00:00:00.000000000,MG,80,31,Gestão,17759.5,Tecnologia,EAD,Iniciativa Privada,9,28,1,0
1197,302,2026-04-28T00:00:00.000000000,RJ,9,27,Júnior,5001.06,Humanas,EAD,Setor Público,9,4,1,0
1198,103,2025-11-17T00:00:00.000000000,SP,84,34,Sênior,9865.93,Tecnologia,Híbrido,Setor Público,4,88,1,0
1199,303,2025-07-20T00:00:00.000000000,SP,11,26,Pleno,7936.11,Humanas,Presencial,Autônomo/PJ,4,9,1,0
1200,101,2025-08-10T00:00:00.000000000,MG,118,31,Gestão,16739.07,Tecnologia,Presencial,Autônomo/PJ,7,82,0,0
1201,301,2025-06-01T00:00:00.000000000,SP,99,34,Gestão,14862.08,Humanas,Presencial,Iniciativa Privada,5,60,0,0
1202,302,2026-04-07T00:00:00.000000000,GO,107,28,Sênior,13892.35,Humanas,Presencial,Iniciativa Privada,8,0,1,0
1203,104,2025-08-05T00:00:00.000000000,RJ,56,30,Pleno,6838.75,Tecnologia,EAD,Setor Público,6,46,0,0
1204,402,2025-07-15T00:00:00.000000000,SP,67,29,Sênior,12507.87,Biológicas,Presencial,Iniciativa Privada,8,97,0,1
1205,101,2025-07-21T00:00:00.000000000,PR,62,26,Gestão,17159.3,Tecnologia,Presencial,Setor Público,10,56,1,0
1206,402,2025-08-22T00:00:00.000000000,SP,71,32,Gestão,17052.26,Biológicas,EAD,Iniciativa Privada,6,13,1,0
1207,201,2025-05-21T00:00:00.000000000,RJ,84,33,Sênior,11857.34,Exatas,EAD,Iniciativa Privada,6,24,1,0
1208,302,2026-05-13T00:00:00.000000000,MG,80,33,Sênior,11213.85,Humanas,EAD,Iniciativa Privada,9,89,1,1
1209,301,2026-07-09T00:00:00.000000000,GO,13,24,Júnior,2381.18,Humanas,Presencial,Setor Público,7,20,1,0
1210,101,2025-02-26T00:00:00.000000000,PR,31,24,Sênior,12171.65,Tecnologia,Híbrido,Iniciativa Privada,8,15,0,0
1211,101,2026-05-19T00:00:00.000000000,MG,56,30,Pleno,8212.77,Tecnologia,Presencial,Iniciativa Privada,8,73,1,1
1212,204,2025-05-22T00:00:00.000000000,MG,50,25,Pleno,8088.9,Exatas,EAD,Iniciativa Privada,5,31,1,0
1213,402,2026-06-23T00:00:00.000000000,GO,49,28,Pleno,5154.72,Biológicas,Presencial,Iniciativa Privada,5,44,0,0
1214,402,2025-04-16T00:00:00.000000000,SP,10,20,Júnior,5136.04,Biológicas,Presencial,Iniciativa Privada,8,63,1,0
1215,102,2025-06-14T00:00:00.000000000,SP,75,33,Gestão,16302.5,Tecnologia,Híbrido,Iniciativa Privada,5,83,0,0
1216,201,2025-08-03T00:00:00.000000000,SP,31,24,Pleno,5536.12,Exatas,EAD,Iniciativa Privada,5,72,1,0
1217,302,2025-03-12T00:00:00.000000000,SP,73,31,Sênior,9215.2,Humanas,Presencial,Iniciativa Privada,6,59,1,0
1218,202,2025-03-31T00:00:00.000000000,MG,24,23,Pleno,6427.4,Exatas,EAD,Iniciativa Privada,7,97,0,0
1219,401,2025-08-16T00:00:00.000000000,MG,89,32,Sênior,11434.02,Biológicas,Presencial,Setor Público,10,94,0,1
1220,103,2025-03-20T00:00:00.000000000,MG,102,29,Sênior,11857.24,Tecnologia,Presencial,ONG,6,18,1,0
1221,201,2025-12-15T00:00:00.000000000,SP,25,23,Sênior,10511.37,Exatas,EAD,Iniciativa Privada,9,46,1,0
1222,302,2025-09-03T00:00:00.000000000,PR,118,33,Gestão,16885.61,Humanas,EAD,Iniciativa Privada,5,94,0,1
1223,101,2025-09-29T00:00:00.000000000,SP,17,25,Pleno,5824.45,Tecnologia,Híbrido,Iniciativa Privada,6,63,1,0
1224,303,2026-02-07T00:00:00.000000000,MG,52,28,Júnior,3854.73,Humanas,Presencial,Setor Público,6,29,0,0
1225,101,2025-04-26T00:00:00.000000000,MG,6,26,Pleno,7830.29,Tecnologia,EAD,Iniciativa Privada,4,46,0,0
1226,202,2026-03-11T00:00:00.000000000,SP,95,30,Gestão,18379.25,Exatas,Presencial,Iniciativa Privada,6,87,1,0
1227,303,2026-06-14T00:00:00.000000000,SP,19,22,Júnior,5047.15,Humanas,Presencial,Setor Público,6,32,1,0
1228,104,2026-03-18T00:00:00.000000000,SP,69,27,Sênior,9977.26,Tecnologia,Presencial,Iniciativa Privada,7,81,1,0
1229,102,2025-06-21T00:00:00.000000000,SC,43,28,Júnior,3088.94,Tecnologia,Híbrido,Setor Público,8,20,1,0
1230,403,2025-01-16T00:00:00.000000000,GO,42,27,Pleno,5753.85,Biológicas,Presencial,Iniciativa Privada,4,94,1,0
1231,403,2025-02-25T00:00:00.000000000,MG,16,27,Júnior,1500.0,Biológicas,Presencial,Autônomo/PJ,4,62,1,0
1232,404,2025-04-13T00:00:00.000000000,SP,105,32,Sênior,11598.49,Biológicas,EAD,Iniciativa Privada,4,41,1,0
1233,401,2025-10-11T00:00:00.000000000,RJ,82,31,Sênior,12079.67,Biológicas,Presencial,ONG,9,60,0,1
1234,101,2026-06-01T00:00:00.000000000,PR,112,34,Pleno,8000.61,Tecnologia,Híbrido,Autônomo/PJ,4,42,1,0
1235,102,2025-10-05T00:00:00.000000000,PR,8,27,Júnior,3436.52,Tecnologia,Presencial,Iniciativa Privada,7,67,0,0
1236,104,2025-09-26T00:00:00.000000000,SP,38,24,Pleno,7456.98,Tecnologia,EAD,Iniciativa Privada,8,25,0,0
1237,401,2026-02-04T00:00:00.000000000,SP,11,24,Júnior,1500.0,Biológicas,Presencial,Iniciativa Privada,9,32,0,0
1238,304,2026-05-18T00:00:00.000000000,PR,55,29,Júnior,1500.0,Humanas,Presencial,Autônomo/PJ,7,32,1,0
1239,301,2025-03-27T00:00:00.000000000,SP,15,24,Júnior,2762.77,Humanas,EAD,Autônomo/PJ,4,48,0,0
1240,403,2025-11-16T00:00:00.000000000,SP,10,23,Júnior,3655.0,Biológicas,EAD,Iniciativa Privada,8,83,0,0
1241,201,2025-02-01T00:00:00.000000000,SP,28,26,Pleno,6039.99,Exatas,Presencial,ONG,7,40,1,0
1242,104,2025-12-02T00:00:00.000000000,RJ,15,27,Júnior,4480.38,Tecnologia,Presencial,Iniciativa Privada,8,71,1,0
1243,103,2025-02-20T00:00:00.000000000,RS,49,29,Pleno,8697.65,Tecnologia,Presencial,Iniciativa Privada,9,35,1,0
1244,103,2025-03-20T00:00:00.000000000,BA,7,27,Sem vínculo,0.0,Tecnologia,Presencial,Desempregado,7,71,1,0
1245,103,2025-06-23T00:00:00.000000000,MG,18,22,Júnior,4181.72,Tecnologia,Presencial,Autônomo/PJ,10,94,1,1
1246,204,2026-05-16T00:00:00.000000000,RJ,45,24,Pleno,6024.34,Exatas,Presencial,Iniciativa Privada,8,21,1,0
1247,302,2026-07-29T00:00:00.000000000,SP,7,26,Júnior,2590.65,Humanas,Presencial,Autônomo/PJ,7,46,0,0
1248,102,2025-03-17T00:00:00.000000000,RJ,89,34,Sem vínculo,0.0,Tecnologia,Presencial,Desempregado,4,82,1,0
1249,302,2025-11-12T00:00:00.000000000,SP,70,26,Gestão,15306.98,Humanas,Presencial,Autônomo/PJ,4,19,0,0
1250,204,2026-01-08T00:00:00.000000000,MG,68,32,Gestão,16924.32,Exatas,Presencial,Autônomo/PJ,4,86,1,0
1251,403,2025-03-22T00:00:00.000000000,SP,106,28,Gestão,19193.78,Biológicas,EAD,Autônomo/PJ,9,23,1,1
1252,302,2025-03-12T00:00:00.000000000,SP,78,30,Sênior,11749.74,Humanas,EAD,Iniciativa Privada,10,42,1,1
1253,404,2025-03-12T00:00:00.000000000,SP,22,22,Júnior,3388.52,Biológicas,Presencial,Autônomo/PJ,7,87,1,0
1254,102,2025-02-15T00:00:00.000000000,SP,14,24,Júnior,3850.22,Tecnologia,Presencial,Iniciativa Privada,8,99,1,0
1255,101,2025-02-16T00:00:00.000000000,SP,80,31,Pleno,7126.37,Tecnologia,Presencial,ONG,8,72,1,0
1256,202,2026-02-26T00:00:00.000000000,SP,20,28,Júnior,1500.0,Exatas,EAD,Iniciativa Privada,5,15,0,0
1257,102,2025-05-29T00:00:00.000000000,BA,29,29,Pleno,9551.65,Tecnologia,EAD,Setor Público,6,26,1,0
1258,203,2025-05-10T00:00:00.000000000,RJ,43,25,Pleno,3430.05,Exatas,Presencial,Iniciativa Privada,10,44,0,0
1259,104,2026-04-01T00:00:00.000000000,RJ,40,29,Pleno,6178.51,Tecnologia,Híbrido,Iniciativa Privada,10,36,0,0
1260,203,2026-05-20T00:00:00.000000000,RS,99,30,Sênior,11865.2,Exatas,Presencial,Iniciativa Privada,4,12,1,0
1261,403,2025-09-01T00:00:00.000000000,BA,100,29,Sem vínculo,0.0,Biológicas,EAD,Desempregado,4,50,1,0
1262,103,2026-04-19T00:00:00.000000000,MG,54,26,Sem vínculo,0.0,Tecnologia,Presencial,Desempregado,4,1,0,0
1263,403,2026-01-17T00:00:00.000000000,SC,74,28,Sênior,11207.43,Biológicas,Presencial,Iniciativa Privada,5,75,1,0
1264,103,2025-04-13T00:00:00.000000000,SP,67,25,Sem vínculo,0.0,Tecnologia,Presencial,Desempregado,5,96,1,0
1265,102,2026-05-04T00:00:00.000000000,SP,65,32,Gestão,17092.86,Tecnologia,EAD,Autônomo/PJ,5,86,1,0
1266,203,2025-02-06T00:00:00.000000000,RJ,113,32,Gestão,16241.98,Exatas,Presencial,Setor Público,4,58,0,0
1267,403,2026-07-03T00:00:00.000000000,MG,55,30,Júnior,2894.83,Biológicas,EAD,Iniciativa Privada,8,13,1,0
1268,304,2026-06-04T00:00:00.000000000,MG,83,29,Sem vínculo,0.0,Humanas,EAD,Desempregado,4,48,1,0
1269,301,2025-11-29T00:00:00.000000000,SP,80,26,Gestão,16873.8,Humanas,Presencial,Setor Público,10,29,0,1
1270,102,2026-02-01T00:00:00.000000000,SP,14,21,Júnior,4374.13,Tecnologia,EAD,ONG,5,97,1,0
1271,102,2025-10-23T00:00:00.000000000,MG,39,25,Pleno,6619.98,Tecnologia,Presencial,Autônomo/PJ,5,8,0,0
1272,102,2025-04-17T00:00:00.000000000,SP,81,30,Pleno,7788.83,Tecnologia,Presencial,Autônomo/PJ,6,78,0,0
1273,103,2026-06-14T00:00:00.000000000,MG,104,35,Gestão,17789.13,Tecnologia,EAD,Setor Público,7,23,0,0
1274,403,2025-03-24T00:00:00.000000000,MG,40,28,Pleno,7809.01,Biológicas,EAD,Iniciativa Privada,6,40,0,0
1275,403,2025-10-15T00:00:00.000000000,PR,6,27,Júnior,3089.73,Biológicas,Presencial,Iniciativa Privada,6,59,1,0
1276,104,2026-04-06T00:00:00.000000000,PR,45,28,Pleno,5388.63,Tecnologia,Presencial,Iniciativa Privada,4,88,1,0
1277,301,2025-08-03T00:00:00.000000000,RS,69,27,Sênior,10313.15,Humanas,Presencial,Iniciativa Privada,7,99,1,0
1278,203,2025-10-08T00:00:00.000000000,RJ,27,27,Sênior,11830.25,Exatas,Presencial,Setor Público,10,31,0,0
1279,101,2026-04-04T00:00:00.000000000,PR,65,25,Sênior,10018.07,Tecnologia,Híbrido,Setor Público,7,46,0,0
1280,204,2025-12-10T00:00:00.000000000,MG,69,28,Sênior,13118.68,Exatas,Presencial,ONG,4,20,0,0
1281,202,2025-07-13T00:00:00.000000000,SP,98,33,Sênior,10083.98,Exatas,Híbrido,Iniciativa Privada,8,41,1,0
1282,303,2025-06-07T00:00:00.000000000,SP,77,33,Sênior,13003.37,Humanas,Híbrido,Iniciativa Privada,9,69,1,0
1283,101,2026-04-10T00:00:00.000000000,SP,16,27,Pleno,6007.11,Tecnologia,Presencial,Iniciativa Privada,10,88,0,1
1284,401,2025-04-14T00:00:00.000000000,RJ,110,31,Gestão,17208.62,Biológicas,Presencial,Iniciativa Privada,4,1,0,0
1285,203,2025-02-03T00:00:00.000000000,MG,106,32,Gestão,18792.89,Exatas,EAD,Iniciativa Privada,8,30,1,0
1286,102,2025-04-12T00:00:00.000000000,SC,19,23,Pleno,5636.13,Tecnologia,Presencial,Autônomo/PJ,10,55,1,0
1287,102,2025-11-21T00:00:00.000000000,SP,65,26,Gestão,16877.35,Tecnologia,Presencial,Iniciativa Privada,8,29,0,0
1288,302,2025-05-21T00:00:00.000000000,SP,35,24,Pleno,6778.91,Humanas,Presencial,Autônomo/PJ,7,62,1,0
1289,304,2026-04-19T00:00:00.000000000,BA,40,23,Pleno,6441.21,Humanas,Presencial,Iniciativa Privada,4,14,0,0
1290,301,2025-01-31T00:00:00.000000000,SP,90,30,Sênior,9707.83,Humanas,Presencial,ONG,4,17,1,0
1291,101,2025-03-04T00:00:00.000000000,RJ,42,26,Pleno,7371.51,Tecnologia,Presencial,Autônomo/PJ,7,31,1,0
1292,101,2026-07-14T00:00:00.000000000,MG,10,26,Sem vínculo,0.0,Tecnologia,EAD,Desempregado,6,13,1,0
1293,204,2025-03-28T00:00:00.000000000,RJ,88,32,Sênior,11604.09,Exatas,Híbrido,ONG,4,61,1,0
1294,101,2025-10-31T00:00:00.000000000,SP,83,26,Sem vínculo,0.0,Tecnologia,Presencial,Desempregado,9,81,0,0
1295,304,2025-03-02T00:00:00.000000000,SP,31,23,Pleno,5330.17,Humanas,Presencial,ONG,10,98,1,0
1296,102,2026-01-31T00:00:00.000000000,SP,67,25,Sênior,11593.22,Tecnologia,Presencial,Setor Público,9,51,0,0
1297,103,2025-11-30T00:00:00.000000000,MG,9,22,Júnior,4090.44,Tecnologia,Presencial,Iniciativa Privada,5,21,0,0
1298,101,2026-02-15T00:00:00.000000000,RJ,94,27,Sênior,11631.84,Tecnologia,EAD,Iniciativa Privada,5,13,1,0
1299,201,2025-10-11T00:00:00.000000000,SP,114,29,Sênior,13203.9,Exatas,EAD,Iniciativa Privada,4,77,0,0
1300,302,2026-04-11T00:00:00.000000000,MG,47,29,Júnior,1500.0,Humanas,Presencial,Setor Público,8,33,1,0
1301,403,2025-03-21T00:00:00.000000000,SC,94,28,Gestão,16041.14,Biológicas,EAD,Iniciativa Privada,9,85,1,1
1302,404,2025-03-18T00:00:00.000000000,SP,23,23,Pleno,7226.02,Biológicas,EAD,ONG,9,79,0,1
1303,303,2026-06-24T00:00:00.000000000,RJ,45,27,Sem vínculo,0.0,Humanas,Presencial,Desempregado,7,55,0,0
1304,102,2025-12-27T00:00:00.000000000,MG,77,32,Gestão,16484.41,Tecnologia,EAD,Iniciativa Privada,10,52,1,0
1305,302,2025-03-18T00:00:00.000000000,SP,44,27,Sênior,9565.7,Humanas,Presencial,Iniciativa Privada,9,48,0,0
1306,103,2026-05-24T00:00:00.000000000,SP,109,35,Sem vínculo,0.0,Tecnologia,EAD,Desempregado,8,62,1,0
1307,304,2025-06-13T00:00:00.000000000,MG,19,24,Júnior,5505.79,Humanas,Presencial,Iniciativa Privada,5,15,0,0
1308,304,2025-01-09T00:00:00.000000000,RS,37,30,Sênior,10490.01,Humanas,Presencial,Autônomo/PJ,5,79,0,0
1309,301,2025-06-24T00:00:00.000000000,SC,56,30,Júnior,2911.32,Humanas,EAD,Iniciativa Privada,10,39,1,0
1310,104,2026-04-07T00:00:00.000000000,MG,43,28,Sênior,11482.6,Tecnologia,EAD,Setor Público,7,37,1,0
1311,403,2025-11-03T00:00:00.000000000,PR,102,28,Sênior,13432.16,Biológicas,EAD,Iniciativa Privada,5,17,1,0
1312,302,2025-09-02T00:00:00.000000000,SP,28,25,Pleno,6592.3,Humanas,Presencial,ONG,10,22,1,0
1313,301,2025-05-02T00:00:00.000000000,MG,68,26,Sênior,10875.56,Humanas,EAD,Setor Público,6,47,1,0
1314,101,2025-07-04T00:00:00.000000000,RJ,20,25,Pleno,10061.24,Tecnologia,Presencial,Iniciativa Privada,5,81,0,0
1315,202,2025-02-01T00:00:00.000000000,SP,102,35,Gestão,17515.11,Exatas,EAD,Iniciativa Privada,9,45,0,0
1316,104,2026-07-23T00:00:00.000000000,PR,30,29,Pleno,6746.66,Tecnologia,EAD,Iniciativa Privada,8,21,0,0
1317,202,2025-11-06T00:00:00.000000000,MG,22,27,Sem vínculo,0.0,Exatas,Presencial,Desempregado,8,53,1,0
1318,204,2026-01-07T00:00:00.000000000,SP,102,28,Gestão,15177.53,Exatas,Presencial,Autônomo/PJ,6,39,0,0
1319,402,2025-02-25T00:00:00.000000000,GO,116,30,Sênior,12081.44,Biológicas,EAD,Iniciativa Privada,10,29,1,1
1320,103,2025-09-30T00:00:00.000000000,SP,71,30,Gestão,18206.21,Tecnologia,EAD,Iniciativa Privada,8,54,1,0
1321,304,2026-04-09T00:00:00.000000000,SP,83,27,Gestão,15317.03,Humanas,Híbrido,Iniciativa Privada,10,55,1,1
1322,103,2026-04-01T00:00:00.000000000,SP,58,24,Júnior,5334.11,Tecnologia,Presencial,Autônomo/PJ,8,41,0,0
1323,201,2025-09-06T00:00:00.000000000,PR,109,34,Sênior,14653.49,Exatas,EAD,Autônomo/PJ,10,41,1,0
1324,402,2025-03-19T00:00:00.000000000,PR,109,30,Sênior,13516.1,Biológicas,EAD,Iniciativa Privada,8,61,1,0
1325,301,2026-06-18T00:00:00.000000000,SP,56,29,Pleno,5637.83,Humanas,EAD,Autônomo/PJ,4,81,1,0
1326,201,2025-04-18T00:00:00.000000000,MG,44,29,Pleno,8394.96,Exatas,EAD,Setor Público,6,52,0,0
1327,101,2025-09-30T00:00:00.000000000,SP,56,30,Sem vínculo,0.0,Tecnologia,Presencial,Desempregado,10,81,0,0
1328,201,2025-01-15T00:00:00.000000000,PR,75,26,Sem vínculo,0.0,Exatas,Presencial,Desempregado,6,52,1,0
1329,102,2026-01-05T00:00:00.000000000,RJ,11,20,Júnior,4440.78,Tecnologia,Presencial,Autônomo/PJ,5,63,1,0
1330,201,2025-10-31T00:00:00.000000000,RJ,72,31,Sênior,11248.17,Exatas,Presencial,Autônomo/PJ,9,0,1,0
1331,102,2025-07-24T00:00:00.000000000,GO,12,23,Júnior,5067.67,Tecnologia,Presencial,Iniciativa Privada,6,78,1,0
1332,302,2025-04-23T00:00:00.000000000,SP,56,27,Pleno,7155.96,Humanas,Presencial,Autônomo/PJ,10,68,0,1
1333,103,2025-09-10T00:00:00.000000000,SP,77,33,Sênior,11629.14,Tecnologia,Presencial,Iniciativa Privada,7,26,1,0
1334,104,2026-03-17T00:00:00.000000000,MG,47,24,Júnior,2995.51,Tecnologia,Presencial,Iniciativa Privada,6,16,1,0
1335,304,2025-07-05T00:00:00.000000000,BA,69,26,Sênior,10704.97,Humanas,EAD,Iniciativa Privada,10,62,0,1
1336,402,2025-08-15T00:00:00.000000000,SP,20,23,Júnior,3847.67,Biológicas,Presencial,Autônomo/PJ,7,40,1,0
1337,403,2026-06-12T00:00:00.000000000,SP,116,31,Pleno,6166.92,Biológicas,Presencial,Iniciativa Privada,8,57,0,0
1338,402,2025-12-20T00:00:00.000000000,SP,34,24,Pleno,7154.82,Biológicas,EAD,Iniciativa Privada,9,56,1,0
1339,102,2025-01-01T00:00:00.000000000,RJ,38,27,Pleno,8077.33,Tecnologia,Presencial,Iniciativa Privada,10,95,1,1
1340,102,2026-07-07T00:00:00.000000000,SP,99,32,Gestão,16991.86,Tecnologia,EAD,Iniciativa Privada,7,37,0,0
1341,403,2026-07-14T00:00:00.000000000,MG,108,34,Gestão,16397.48,Biológicas,Presencial,Iniciativa Privada,9,89,0,1
1342,404,2026-02-24T00:00:00.000000000,BA,32,26,Pleno,7176.04,Biológicas,EAD,Autônomo/PJ,9,65,1,0
1343,303,2025-06-10T00:00:00.000000000,RJ,41,29,Pleno,6104.63,Humanas,Presencial,Autônomo/PJ,4,91,1,0
1344,101,2025-06-10T00:00:00.000000000,SP,34,28,Sênior,12260.16,Tecnologia,Presencial,Iniciativa Privada,10,44,1,0
1345,103,2025-05-08T00:00:00.000000000,RJ,43,23,Pleno,5057.92,Tecnologia,Presencial,ONG,9,22,0,0
1346,403,2025-05-31T00:00:00.000000000,SP,62,32,Sênior,12559.41,Biológicas,Presencial,Autônomo/PJ,8,19,1,0
1347,103,2026-03-20T00:00:00.000000000,RS,102,33,Gestão,17925.2,Tecnologia,EAD,Iniciativa Privada,10,35,1,0
1348,303,2026-04-16T00:00:00.000000000,RJ,106,35,Gestão,17027.38,Humanas,EAD,Autônomo/PJ,10,41,1,0
1349,404,2026-04-08T00:00:00.000000000,SP,32,23,Sem vínculo,0.0,Biológicas,EAD,Desempregado,7,21,0,0
1350,301,2025-01-30T00:00:00.000000000,MG,60,28,Sênior,11892.76,Humanas,Presencial,Iniciativa Privada,9,59,1,1
1351,104,2026-04-18T00:00:00.000000000,RJ,38,23,Pleno,7417.33,Tecnologia,EAD,Iniciativa Privada,8,10,0,0
1352,104,2026-07-11T00:00:00.000000000,MG,73,27,Sem vínculo,0.0,Tecnologia,Presencial,Desempregado,4,27,0,0
1353,103,2025-03-21T00:00:00.000000000,SP,91,28,Sênior,13432.01,Tecnologia,Presencial,Setor Público,8,44,1,0
1354,302,2025-02-08T00:00:00.000000000,SC,71,30,Gestão,15891.8,Humanas,Presencial,Iniciativa Privada,8,21,0,0
1355,202,2025-08-28T00:00:00.000000000,GO,15,23,Júnior,4037.34,Exatas,EAD,Setor Público,6,80,0,0
1356,104,2026-07-11T00:00:00.000000000,MG,10,22,Júnior,1868.33,Tecnologia,Híbrido,Iniciativa Privada,5,62,1,0
1357,104,2025-12-03T00:00:00.000000000,BA,79,33,Gestão,15837.61,Tecnologia,Presencial,ONG,7,30,0,0
1358,103,2025-10-07T00:00:00.000000000,SP,102,28,Gestão,18628.07,Tecnologia,Híbrido,Iniciativa Privada,5,10,1,0
1359,404,2025-04-26T00:00:00.000000000,RJ,43,25,Pleno,5091.9,Biológicas,EAD,Iniciativa Privada,4,35,0,0
1360,403,2025-09-26T00:00:00.000000000,MG,18,22,Júnior,4206.73,Biológicas,Presencial,Setor Público,4,77,0,0
1361,202,2025-12-01T00:00:00.000000000,MG,36,25,Sênior,10903.38,Exatas,EAD,Iniciativa Privada,8,34,0,0
1362,402,2025-11-08T00:00:00.000000000,RJ,52,28,Pleno,4934.87,Biológicas,Presencial,Iniciativa Privada,5,22,1,0
1363,301,2025-02-22T00:00:00.000000000,SP,105,30,Sênior,10328.91,Humanas,EAD,Setor Público,7,28,1,0
1364,302,2025-03-09T00:00:00.000000000,SP,114,30,Gestão,16078.46,Humanas,EAD,Autônomo/PJ,10,22,1,0
1365,304,2025-02-03T00:00:00.000000000,SP,93,34,Gestão,18309.01,Humanas,Presencial,Iniciativa Privada,7,99,0,1
1366,302,2026-01-21T00:00:00.000000000,SP,57,29,Júnior,2585.87,Humanas,Híbrido,Setor Público,10,15,1,0
1367,103,2025-09-06T00:00:00.000000000,PR,61,25,Sênior,10913.96,Tecnologia,Presencial,Iniciativa Privada,8,83,1,0
1368,202,2025-04-21T00:00:00.000000000,SP,20,24,Pleno,6120.63,Exatas,EAD,Iniciativa Privada,7,88,1,0
1369,401,2025-04-04T00:00:00.000000000,SP,34,24,Pleno,6103.57,Biológicas,Presencial,Iniciativa Privada,6,18,1,0
1370,102,2026-02-14T00:00:00.000000000,MG,13,27,Júnior,4972.8,Tecnologia,EAD,Iniciativa Privada,10,89,1,1
1371,103,2025-06-28T00:00:00.000000000,MG,10,26,Júnior,1500.0,Tecnologia,EAD,Autônomo/PJ,5,95,1,0
1372,103,2025-02-16T00:00:00.000000000,RS,34,29,Pleno,7764.74,Tecnologia,EAD,Iniciativa Privada,4,62,0,0
1373,104,2026-01-11T00:00:00.000000000,MG,52,25,Júnior,3488.46,Tecnologia,Presencial,Autônomo/PJ,7,49,0,0
1374,102,2025-07-21T00:00:00.000000000,SP,73,29,Pleno,7346.77,Tecnologia,Híbrido,Iniciativa Privada,10,84,1,1
1375,303,2026-03-21T00:00:00.000000000,SC,81,29,Sem vínculo,0.0,Humanas,Presencial,Desempregado,7,72,0,0
1376,101,2025-10-24T00:00:00.000000000,RJ,50,28,Sênior,10443.65,Tecnologia,Presencial,Setor Público,7,42,0,0
1377,104,2025-11-04T00:00:00.000000000,SP,7,23,Júnior,2711.77,Tecnologia,Presencial,Autônomo/PJ,8,18,0,0
1378,401,2026-05-08T00:00:00.000000000,MG,32,28,Pleno,6459.0,Biológicas,EAD,Iniciativa Privada,4,84,1,0
1379,302,2025-12-04T00:00:00.000000000,GO,100,33,Gestão,16042.72,Humanas,Presencial,Iniciativa Privada,10,17,1,1
1380,102,2025-03-07T00:00:00.000000000,SP,41,24,Pleno,5290.12,Tecnologia,Presencial,Iniciativa Privada,5,5,0,0
1381,202,2026-02-26T00:00:00.000000000,SP,41,24,Sem vínculo,0.0,Exatas,EAD,Desempregado,7,34,1,0
1382,304,2026-06-24T00:00:00.000000000,SP,31,24,Pleno,4533.84,Humanas,EAD,Iniciativa Privada,6,13,1,0
1383,303,2026-05-08T00:00:00.000000000,SP,48,26,Sênior,10693.26,Humanas,Presencial,Setor Público,9,63,1,1
1384,104,2025-11-13T00:00:00.000000000,RJ,32,24,Pleno,6302.53,Tecnologia,Presencial,Autônomo/PJ,10,8,0,0
1385,401,2025-03-16T00:00:00.000000000,MG,74,32,Sênior,11261.98,Biológicas,Presencial,Iniciativa Privada,8,34,1,0
1386,304,2025-02-28T00:00:00.000000000,SP,25,28,Pleno,6576.74,Humanas,Híbrido,Autônomo/PJ,5,1,0,0
1387,401,2026-01-21T00:00:00.000000000,GO,16,28,Júnior,3974.21,Biológicas,EAD,Setor Público,7,5,0,0
1388,104,2025-01-15T00:00:00.000000000,PR,79,32,Sênior,9429.4,Tecnologia,EAD,Autônomo/PJ,5,98,0,0
1389,103,2025-08-19T00:00:00.000000000,MG,109,35,Gestão,17517.84,Tecnologia,EAD,Iniciativa Privada,8,24,0,0
1390,101,2025-07-18T00:00:00.000000000,SC,43,29,Pleno,6244.03,Tecnologia,Presencial,Iniciativa Privada,10,72,1,0
1391,102,2025-12-20T00:00:00.000000000,SP,11,26,Júnior,4437.01,Tecnologia,Presencial,Iniciativa Privada,9,49,1,0
1392,102,2025-02-04T00:00:00.000000000,RJ,77,31,Sênior,10099.13,Tecnologia,Presencial,Autônomo/PJ,6,94,0,0
1393,104,2025-06-11T00:00:00.000000000,MG,28,28,Pleno,7559.68,Tecnologia,Presencial,Setor Público,10,6,0,0
1394,302,2026-04-16T00:00:00.000000000,SC,52,31,Pleno,8572.25,Humanas,Híbrido,Iniciativa Privada,7,62,0,0
1395,101,2026-06-15T00:00:00.000000000,PR,95,30,Sem vínculo,0.0,Tecnologia,Presencial,Desempregado,6,27,0,0
1396,102,2026-02-27T00:00:00.000000000,SP,51,27,Júnior,4032.61,Tecnologia,Híbrido,Iniciativa Privada,8,1,0,0
1397,403,2025-12-14T00:00:00.000000000,GO,112,33,Pleno,4639.69,Biológicas,Híbrido,ONG,6,64,0,0
1398,103,2025-05-27T00:00:00.000000000,SP,17,26,Sem vínculo,0.0,Tecnologia,EAD,Desempregado,8,100,0,0
1399,204,2026-01-09T00:00:00.000000000,RS,95,29,Sênior,10601.07,Exatas,EAD,ONG,9,58,1,0
1400,301,2026-02-20T00:00:00.000000000,BA,18,21,Júnior,2526.79,Humanas,Presencial,Autônomo/PJ,6,23,0,0
1401,403,2026-05-09T00:00:00.000000000,SP,109,35,Sênior,11239.5,Biológicas,Presencial,Iniciativa Privada,5,61,1,0
1402,403,2026-07-13T00:00:00.000000000,PR,67,29,Gestão,17934.85,Biológicas,EAD,Iniciativa Privada,10,98,0,1
1403,201,2025-09-13T00:00:00.000000000,SP,87,27,Gestão,15735.78,Exatas,Presencial,Autônomo/PJ,5,70,1,0
1404,402,2025-04-13T00:00:00.000000000,RJ,94,34,Sênior,13148.05,Biológicas,Presencial,Iniciativa Privada,8,37,0,1
1405,202,2025-05-01T00:00:00.000000000,RJ,102,31,Sênior,12208.27,Exatas,EAD,Iniciativa Privada,5,92,0,0
1406,304,2026-02-23T00:00:00.000000000,MG,116,33,Gestão,17414.91,Humanas,Híbrido,Autônomo/PJ,9,61,0,1
1407,102,2025-12-16T00:00:00.000000000,GO,109,36,Sênior,10106.73,Tecnologia,Híbrido,Iniciativa Privada,6,64,1,0
1408,301,2025-02-11T00:00:00.000000000,MG,65,29,Sem vínculo,0.0,Humanas,Presencial,Desempregado,10,50,1,0
1409,203,2026-01-02T00:00:00.000000000,RJ,48,25,Pleno,8713.22,Exatas,Híbrido,Autônomo/PJ,6,93,1,0
1410,302,2025-01-29T00:00:00.000000000,SC,81,33,Pleno,8731.79,Humanas,EAD,Autônomo/PJ,10,51,0,0
1411,304,2025-01-14T00:00:00.000000000,BA,113,32,Sênior,10648.67,Humanas,EAD,Autônomo/PJ,7,95,0,0
1412,102,2026-04-30T00:00:00.000000000,SP,105,31,Gestão,15989.8,Tecnologia,Presencial,ONG,8,73,1,0
1413,101,2025-07-08T00:00:00.000000000,BA,117,34,Gestão,16539.51,Tecnologia,EAD,Autônomo/PJ,5,97,1,0
1414,304,2025-10-22T00:00:00.000000000,SP,73,30,Gestão,17270.73,Humanas,EAD,Setor Público,9,62,0,1
1415,102,2025-07-02T00:00:00.000000000,SC,10,26,Júnior,1582.47,Tecnologia,EAD,Iniciativa Privada,8,10,0,0
1416,104,2026-07-02T00:00:00.000000000,SP,42,26,Sênior,10177.02,Tecnologia,Presencial,ONG,5,47,1,0
1417,301,2025-02-06T00:00:00.000000000,SP,77,30,Sênior,11915.67,Humanas,EAD,Autônomo/PJ,7,100,1,1
1418,403,2025-01-14T00:00:00.000000000,RJ,111,34,Gestão,18108.0,Biológicas,Híbrido,Iniciativa Privada,6,53,0,1
1419,101,2025-06-08T00:00:00.000000000,MG,118,35,Sênior,12054.88,Tecnologia,Híbrido,Iniciativa Privada,10,90,0,0
1420,201,2026-05-09T00:00:00.000000000,SP,97,35,Gestão,17982.44,Exatas,Presencial,Setor Público,6,49,0,0
1421,101,2025-11-25T00:00:00.000000000,SP,36,28,Pleno,7597.01,Tecnologia,Presencial,Iniciativa Privada,9,73,1,0
1422,201,2025-03-24T00:00:00.000000000,MG,14,22,Sem vínculo,0.0,Exatas,Presencial,Desempregado,4,37,1,0
1423,103,2026-07-10T00:00:00.000000000,GO,56,30,Sem vínculo,0.0,Tecnologia,EAD,Desempregado,8,85,1,0
1424,303,2026-07-14T00:00:00.000000000,SP,34,26,Sênior,12682.1,Humanas,EAD,Iniciativa Privada,5,87,1,0
1425,304,2026-07-23T00:00:00.000000000,SP,83,29,Sênior,11963.58,Humanas,Presencial,Setor Público,4,7,1,0
1426,102,2025-01-22T00:00:00.000000000,RJ,45,26,Júnior,2863.51,Tecnologia,Híbrido,Iniciativa Privada,8,5,0,0
1427,303,2025-05-12T00:00:00.000000000,SP,46,27,Pleno,4114.52,Humanas,EAD,Autônomo/PJ,10,67,0,0
1428,203,2026-04-10T00:00:00.000000000,SC,91,31,Sênior,12950.02,Exatas,Presencial,Iniciativa Privada,5,68,0,0
1429,102,2026-04-01T00:00:00.000000000,SC,16,25,Júnior,3695.43,Tecnologia,Presencial,Setor Público,7,5,1,0
1430,203,2025-10-29T00:00:00.000000000,MG,28,24,Pleno,6680.77,Exatas,Presencial,Iniciativa Privada,8,31,1,0
1431,201,2025-09-24T00:00:00.000000000,SP,6,26,Júnior,4661.97,Exatas,EAD,Iniciativa Privada,5,37,1,0
1432,101,2026-01-30T00:00:00.000000000,PR,51,27,Pleno,4839.21,Tecnologia,Presencial,Iniciativa Privada,10,56,1,1
1433,302,2025-04-30T00:00:00.000000000,MG,106,34,Sênior,11769.4,Humanas,EAD,Iniciativa Privada,6,83,0,0
1434,304,2025-09-03T00:00:00.000000000,SC,26,27,Sênior,10817.37,Humanas,EAD,Setor Público,8,99,0,1
1435,404,2026-07-22T00:00:00.000000000,MG,95,30,Gestão,17098.96,Biológicas,Presencial,Iniciativa Privada,5,63,1,0
1436,202,2025-02-07T00:00:00.000000000,PR,115,31,Sênior,13444.93,Exatas,Presencial,Iniciativa Privada,9,53,0,0
1437,102,2025-09-02T00:00:00.000000000,MG,41,27,Pleno,6033.75,Tecnologia,EAD,ONG,6,13,1,0
1438,401,2025-01-21T00:00:00.000000000,RJ,59,25,Pleno,6837.91,Biológicas,Presencial,Autônomo/PJ,10,63,0,1
1439,104,2025-04-20T00:00:00.000000000,BA,92,31,Gestão,17126.25,Tecnologia,Híbrido,ONG,6,49,0,0
1440,303,2026-01-29T00:00:00.000000000,RJ,62,32,Sem vínculo,0.0,Humanas,Presencial,Desempregado,4,46,0,0
1441,401,2026-02-14T00:00:00.000000000,MG,6,24,Júnior,4499.57,Biológicas,Presencial,Iniciativa Privada,5,53,1,0
1442,302,2025-01-08T00:00:00.000000000,SP,68,27,Gestão,17637.72,Humanas,EAD,Iniciativa Privada,4,18,0,0
1443,204,2026-03-20T00:00:00.000000000,MG,59,30,Sênior,10365.47,Exatas,EAD,Setor Público,9,74,0,0
1444,403,2025-11-24T00:00:00.000000000,MG,60,28,Sênior,13240.55,Biológicas,Presencial,ONG,10,38,0,1
1445,303,2025-10-17T00:00:00.000000000,SP,45,27,Sem vínculo,0.0,Humanas,Presencial,Desempregado,4,64,0,0
1446,201,2026-05-26T00:00:00.000000000,SP,20,24,Pleno,6623.1,Exatas,EAD,Iniciativa Privada,7,98,1,0
1447,304,2025-12-27T00:00:00.000000000,MG,26,22,Pleno,5364.87,Humanas,Presencial,Iniciativa Privada,4,82,1,0
1448,104,2025-08-07T00:00:00.000000000,PR,52,29,Pleno,5020.75,Tecnologia,Presencial,Iniciativa Privada,4,59,1,0
1449,202,2026-02-10T00:00:00.000000000,RJ,78,32,Gestão,17802.66,Exatas,EAD,Autônomo/PJ,10,32,0,0
1450,404,2025-08-08T00:00:00.000000000,SP,58,27,Pleno,7903.37,Biológicas,EAD,Setor Público,7,31,1,0
1451,104,2025-04-17T00:00:00.000000000,MG,14,22,Júnior,4592.94,Tecnologia,EAD,Iniciativa Privada,7,35,0,0
1452,201,2025-10-13T00:00:00.000000000,SP,79,31,Gestão,16771.56,Exatas,Presencial,Iniciativa Privada,8,23,0,0
1453,204,2025-01-08T00:00:00.000000000,RJ,57,31,Júnior,3351.62,Exatas,Presencial,Setor Público,4,42,1,0
1454,203,2025-07-08T00:00:00.000000000,SP,62,32,Gestão,17701.24,Exatas,EAD,Autônomo/PJ,6,70,0,0
1455,201,2025-03-22T00:00:00.000000000,SP,31,23,Júnior,2346.42,Exatas,EAD,Iniciativa Privada,7,70,1,0
1456,401,2025-04-18T00:00:00.000000000,SP,46,27,Pleno,7907.58,Biológicas,EAD,ONG,5,45,1,0
1457,102,2025-11-17T00:00:00.000000000,SP,40,28,Pleno,7360.47,Tecnologia,Presencial,Setor Público,8,46,0,0
1458,304,2025-12-12T00:00:00.000000000,SP,68,28,Gestão,16219.43,Humanas,Presencial,Autônomo/PJ,10,68,1,1
1459,302,2025-11-24T00:00:00.000000000,SP,30,27,Pleno,6569.0,Humanas,EAD,Autônomo/PJ,8,13,1,0
1460,203,2026-07-09T00:00:00.000000000,RJ,95,31,Sênior,11438.86,Exatas,Presencial,Iniciativa Privada,4,44,0,0
1461,101,2025-10-29T00:00:00.000000000,RJ,80,28,Gestão,16413.76,Tecnologia,Presencial,Iniciativa Privada,9,51,0,0
1462,201,2025-07-19T00:00:00.000000000,SP,43,29,Pleno,7805.13,Exatas,Presencial,Autônomo/PJ,6,89,0,0
1463,401,2026-02-23T00:00:00.000000000,SC,7,21,Júnior,1500.0,Biológicas,Híbrido,Iniciativa Privada,9,49,1,0
1464,103,2025-02-08T00:00:00.000000000,SP,12,25,Júnior,4480.11,Tecnologia,Híbrido,Autônomo/PJ,9,64,1,0
1465,303,2025-11-03T00:00:00.000000000,RJ,87,29,Sênior,12767.51,Humanas,Presencial,Autônomo/PJ,10,76,1,1
1466,402,2025-01-04T00:00:00.000000000,SP,96,33,Sênior,11569.83,Biológicas,Presencial,Autônomo/PJ,7,63,0,0
1467,302,2025-03-18T00:00:00.000000000,SP,39,28,Júnior,1500.0,Humanas,Presencial,Iniciativa Privada,5,22,1,0
1468,302,2026-04-13T00:00:00.000000000,MG,96,32,Gestão,15553.13,Humanas,Presencial,Iniciativa Privada,4,83,1,0
1469,404,2025-06-28T00:00:00.000000000,MG,22,24,Júnior,2719.41,Biológicas,Presencial,Setor Público,10,70,0,0
1470,101,2025-10-03T00:00:00.000000000,RS,48,29,Pleno,6722.15,Tecnologia,Presencial,Iniciativa Privada,6,69,1,0
1471,301,2025-06-01T00:00:00.000000000,MG,64,28,Gestão,18177.5,Humanas,EAD,Autônomo/PJ,4,58,0,0
1472,202,2025-06-13T00:00:00.000000000,BA,113,32,Sênior,10244.85,Exatas,Presencial,Autônomo/PJ,4,72,1,0
1473,201,2025-10-17T00:00:00.000000000,SP,56,30,Pleno,6683.47,Exatas,EAD,Iniciativa Privada,8,91,1,0
1474,202,2026-01-13T00:00:00.000000000,SP,59,27,Pleno,4545.49,Exatas,EAD,Autônomo/PJ,9,73,1,1
1475,104,2025-11-06T00:00:00.000000000,SP,29,22,Júnior,5035.97,Tecnologia,Presencial,Iniciativa Privada,5,53,1,0
1476,104,2026-01-24T00:00:00.000000000,SP,30,28,Pleno,5144.39,Tecnologia,Presencial,Iniciativa Privada,5,98,1,0
1477,103,2025-07-02T00:00:00.000000000,RJ,76,28,Sem vínculo,0.0,Tecnologia,Híbrido,Desempregado,5,70,1,0
1478,104,2025-11-02T00:00:00.000000000,MG,57,26,Sem vínculo,0.0,Tecnologia,EAD,Desempregado,5,88,1,0
1479,102,2025-03-13T00:00:00.000000000,SP,75,31,Gestão,16956.81,Tecnologia,Presencial,Iniciativa Privada,7,93,0,0
1480,404,2025-08-07T00:00:00.000000000,GO,93,32,Sem vínculo,0.0,Biológicas,Presencial,Desempregado,7,25,1,0
1481,103,2025-06-22T00:00:00.000000000,SC,38,26,Sênior,11660.29,Tecnologia,Híbrido,Iniciativa Privada,5,43,1,0
1482,201,2025-09-29T00:00:00.000000000,SP,54,30,Júnior,3666.23,Exatas,Presencial,Iniciativa Privada,10,75,0,1
1483,302,2026-04-13T00:00:00.000000000,SP,34,28,Sênior,10132.66,Humanas,Presencial,Iniciativa Privada,6,12,1,0
1484,101,2025-09-26T00:00:00.000000000,SP,68,25,Sem vínculo,0.0,Tecnologia,Híbrido,Desempregado,7,53,1,0
1485,403,2025-01-20T00:00:00.000000000,SP,112,32,Gestão,16595.66,Biológicas,EAD,Iniciativa Privada,7,39,0,0
1486,403,2026-08-01T00:00:00.000000000,SP,27,22,Pleno,5203.46,Biológicas,EAD,Setor Público,10,3,0,0
1487,103,2026-05-18T00:00:00.000000000,RJ,31,29,Pleno,6591.23,Tecnologia,Presencial,Setor Público,10,52,1,0
1488,401,2025-05-27T00:00:00.000000000,SP,33,25,Pleno,5603.28,Biológicas,Presencial,Autônomo/PJ,10,0,0,0
1489,301,2026-03-05T00:00:00.000000000,SP,119,30,Sênior,11387.37,Humanas,EAD,Iniciativa Privada,6,5,0,0
1490,101,2025-06-14T00:00:00.000000000,BA,90,28,Sênior,11872.83,Tecnologia,EAD,Iniciativa Privada,5,54,1,0
1491,301,2025-11-06T00:00:00.000000000,MG,54,28,Pleno,6289.2,Humanas,Presencial,Iniciativa Privada,10,65,1,1
1492,303,2026-06-02T00:00:00.000000000,GO,76,29,Gestão,16608.63,Humanas,Híbrido,Setor Público,4,90,1,0
1493,303,2025-01-14T00:00:00.000000000,SP,86,33,Sênior,10656.56,Humanas,Presencial,Autônomo/PJ,10,17,1,1
1494,302,2025-05-12T00:00:00.000000000,SP,89,32,Sênior,11323.04,Humanas,Presencial,Setor Público,7,28,0,0
1495,102,2026-03-15T00:00:00.000000000,MG,110,31,Sênior,10334.49,Tecnologia,Presencial,Autônomo/PJ,4,52,1,0
1496,401,2025-09-20T00:00:00.000000000,SP,54,28,Pleno,7041.38,Biológicas,EAD,Iniciativa Privada,4,32,0,0
1497,404,2025-08-13T00:00:00.000000000,SP,25,27,Pleno,6670.71,Biológicas,EAD,ONG,6,2,1,0
1498,304,2025-09-15T00:00:00.000000000,MG,91,28,Gestão,16984.16,Humanas,EAD,Setor Público,5,19,1,0
1499,103,2025-08-22T00:00:00.000000000,MG,97,31,Gestão,19042.15,Tecnologia,Presencial,Iniciativa Privada,9,3,1,0
1500,203,2025-12-02T00:00:00.000000000,RJ,68,29,Gestão,18677.02,Exatas,Híbrido,Iniciativa Privada,4,81,0,0
1501,303,2026-02-13T00:00:00.000000000,RJ,66,28,Gestão,15470.44,Humanas,Presencial,Autônomo/PJ,5,7,0,0
1502,402,2025-01-24T00:00:00.000000000,RJ,109,30,Sênior,12041.86,Biológicas,Presencial,ONG,8,85,0,0
1503,402,2025-09-28T00:00:00.000000000,SP,54,28,Pleno,6271.12,Biológicas,EAD,Iniciativa Privada,9,85,0,1
1504,403,2025-04-05T00:00:00.000000000,SP,76,27,Sênior,11787.99,Biológicas,Presencial,Autônomo/PJ,9,82,0,1
1505,203,2025-05-22T00:00:00.000000000,SP,6,20,Júnior,2860.21,Exatas,Presencial,Iniciativa Privada,9,27,1,0
1506,403,2025-03-22T00:00:00.000000000,SP,101,29,Pleno,6304.16,Biológicas,Presencial,Iniciativa Privada,5,65,0,0
1507,104,2025-10-01T00:00:00.000000000,BA,18,27,Júnior,2818.13,Tecnologia,Presencial,Setor Público,6,72,1,0
1508,202,2025-10-03T00:00:00.000000000,MG,99,34,Sênior,9978.7,Exatas,Presencial,Setor Público,10,98,0,0
1509,104,2026-04-10T00:00:00.000000000,PR,92,30,Gestão,18770.45,Tecnologia,Presencial,Autônomo/PJ,6,85,1,0
1510,404,2025-07-27T00:00:00.000000000,SP,56,26,Pleno,4181.26,Biológicas,Presencial,Iniciativa Privada,8,25,0,0
1511,403,2025-10-23T00:00:00.000000000,SP,61,26,Sênior,9760.63,Biológicas,Presencial,Iniciativa Privada,10,33,1,1
1512,103,2025-02-08T00:00:00.000000000,SP,88,32,Gestão,15610.77,Tecnologia,EAD,Iniciativa Privada,10,70,1,0
1513,201,2025-10-15T00:00:00.000000000,SP,67,31,Gestão,18363.79,Exatas,Presencial,Iniciativa Privada,6,93,0,0
1514,401,2025-05-04T00:00:00.000000000,SP,37,30,Pleno,6415.48,Biológicas,EAD,Iniciativa Privada,5,48,1,0
1515,204,2025-10-10T00:00:00.000000000,PR,35,24,Pleno,5216.08,Exatas,EAD,Iniciativa Privada,9,88,1,0
1516,202,2025-06-29T00:00:00.000000000,MG,34,22,Pleno,6142.7,Exatas,EAD,Iniciativa Privada,5,48,1,0
1517,203,2025-04-07T00:00:00.000000000,RJ,54,28,Pleno,7666.81,Exatas,EAD,Iniciativa Privada,9,72,0,1
1518,303,2025-07-10T00:00:00.000000000,RJ,50,28,Sênior,13180.53,Humanas,Presencial,Setor Público,5,26,1,0
1519,404,2025-03-15T00:00:00.000000000,GO,98,34,Gestão,16903.49,Biológicas,Presencial,Iniciativa Privada,10,64,1,1
1520,201,2026-03-23T00:00:00.000000000,SP,35,24,Sênior,11232.17,Exatas,EAD,Iniciativa Privada,6,32,1,0
1521,102,2026-05-12T00:00:00.000000000,SP,21,27,Júnior,3014.04,Tecnologia,EAD,Setor Público,5,71,1,0
1522,101,2026-07-15T00:00:00.000000000,SP,45,27,Pleno,5027.56,Tecnologia,Presencial,Iniciativa Privada,7,48,0,0
1523,101,2026-04-29T00:00:00.000000000,PR,24,29,Pleno,6762.98,Tecnologia,Presencial,Setor Público,9,62,1,1
1524,201,2025-04-26T00:00:00.000000000,BA,23,22,Júnior,2435.04,Exatas,EAD,Iniciativa Privada,10,31,1,0
1525,401,2026-06-19T00:00:00.000000000,SP,6,22,Júnior,2680.95,Biológicas,EAD,Iniciativa Privada,10,18,0,0
1526,303,2025-04-08T00:00:00.000000000,RS,83,29,Sênior,12416.84,Humanas,EAD,Iniciativa Privada,9,99,0,1
1527,403,2025-11-24T00:00:00.000000000,SC,52,25,Júnior,4626.74,Biológicas,Presencial,Iniciativa Privada,8,49,1,0
1528,401,2026-02-11T00:00:00.000000000,SP,119,30,Sênior,9249.55,Biológicas,Presencial,Setor Público,7,21,0,0
1529,202,2025-11-09T00:00:00.000000000,SP,71,26,Sem vínculo,0.0,Exatas,Presencial,Desempregado,5,89,1,0
1530,204,2025-05-28T00:00:00.000000000,RJ,97,31,Gestão,17767.04,Exatas,Presencial,Iniciativa Privada,6,66,1,0
1531,302,2025-12-08T00:00:00.000000000,BA,118,36,Gestão,17183.3,Humanas,Híbrido,Iniciativa Privada,8,8,0,1
1532,102,2026-05-10T00:00:00.000000000,SP,119,29,Sênior,12640.53,Tecnologia,Presencial,Autônomo/PJ,7,34,1,0
1533,302,2025-01-23T00:00:00.000000000,PR,99,35,Gestão,16941.53,Humanas,Presencial,Iniciativa Privada,5,70,1,0
1534,201,2025-04-15T00:00:00.000000000,SP,43,30,Pleno,6194.61,Exatas,Presencial,Autônomo/PJ,10,78,0,1
1535,303,2026-07-12T00:00:00.000000000,PR,56,31,Pleno,6724.14,Humanas,EAD,Iniciativa Privada,10,3,1,0
1536,202,2025-08-10T00:00:00.000000000,RJ,68,30,Sem vínculo,0.0,Exatas,Presencial,Desempregado,6,36,0,0
1537,101,2025-01-15T00:00:00.000000000,MG,9,26,Júnior,1944.07,Tecnologia,EAD,Iniciativa Privada,5,27,0,0
1538,302,2025-03-19T00:00:00.000000000,SC,6,24,Pleno,7304.75,Humanas,Híbrido,Iniciativa Privada,9,8,1,0
1539,202,2025-11-18T00:00:00.000000000,SC,13,27,Júnior,3057.05,Exatas,Presencial,ONG,7,34,0,0
1540,101,2025-08-29T00:00:00.000000000,RS,34,24,Sênior,10691.06,Tecnologia,Presencial,Setor Público,7,24,1,0
1541,303,2025-01-18T00:00:00.000000000,SP,60,32,Sênior,10365.44,Humanas,EAD,Iniciativa Privada,8,8,1,0
1542,103,2026-03-30T00:00:00.000000000,MG,108,29,Sênior,12021.7,Tecnologia,EAD,Autônomo/PJ,10,60,0,0
1543,404,2026-03-19T00:00:00.000000000,SP,8,22,Júnior,4756.53,Biológicas,Presencial,Setor Público,6,51,0,0
1544,101,2025-10-04T00:00:00.000000000,RJ,37,29,Sênior,12084.26,Tecnologia,Presencial,Iniciativa Privada,4,96,0,0
1545,304,2026-02-28T00:00:00.000000000,RJ,15,25,Júnior,3456.3,Humanas,EAD,Setor Público,5,16,1,0
1546,204,2026-04-21T00:00:00.000000000,RJ,79,29,Gestão,17034.29,Exatas,Presencial,Iniciativa Privada,6,75,1,0
1547,104,2025-01-27T00:00:00.000000000,RJ,88,33,Sênior,11132.03,Tecnologia,Presencial,Autônomo/PJ,4,8,1,0
1548,203,2026-05-29T00:00:00.000000000,BA,115,30,Sem vínculo,0.0,Exatas,EAD,Desempregado,6,53,1,0
1549,301,2026-04-09T00:00:00.000000000,SP,39,29,Pleno,3940.58,Humanas,Presencial,Iniciativa Privada,5,4,0,0
1550,104,2025-12-29T00:00:00.000000000,MG,102,29,Gestão,18232.67,Tecnologia,EAD,Iniciativa Privada,5,62,0,0
1551,101,2026-01-18T00:00:00.000000000,SP,92,30,Gestão,16764.17,Tecnologia,Presencial,Iniciativa Privada,8,46,0,0
1552,301,2026-06-09T00:00:00.000000000,SP,60,31,Gestão,18100.68,Humanas,Presencial,Iniciativa Privada,7,89,1,1
1553,103,2026-01-17T00:00:00.000000000,SP,97,28,Sem vínculo,0.0,Tecnologia,EAD,Desempregado,7,18,1,0
1554,304,2025-07-03T00:00:00.000000000,GO,37,23,Sênior,10770.31,Humanas,Presencial,Iniciativa Privada,7,98,0,1
1555,404,2025-07-13T00:00:00.000000000,RS,55,26,Júnior,5509.09,Biológicas,EAD,Iniciativa Privada,8,65,0,0
1556,101,2026-04-07T00:00:00.000000000,GO,12,24,Júnior,3336.18,Tecnologia,Presencial,Autônomo/PJ,7,44,1,0
1557,202,2025-02-25T00:00:00.000000000,BA,98,35,Sênior,12039.27,Exatas,Presencial,ONG,6,70,0,0
1558,203,2025-08-18T00:00:00.000000000,SP,13,21,Júnior,1500.0,Exatas,Presencial,Iniciativa Privada,7,72,0,0
1559,303,2026-05-04T00:00:00.000000000,SP,70,31,Gestão,17942.84,Humanas,EAD,Setor Público,7,85,0,1
1560,103,2025-01-28T00:00:00.000000000,MG,62,28,Gestão,15633.66,Tecnologia,Presencial,Setor Público,9,32,0,0
1561,203,2025-07-03T00:00:00.000000000,RJ,72,30,Sem vínculo,0.0,Exatas,Presencial,Desempregado,5,79,1,0
1562,104,2026-03-01T00:00:00.000000000,RJ,93,28,Gestão,18698.56,Tecnologia,Presencial,Setor Público,8,42,0,0
1563,104,2026-01-10T00:00:00.000000000,SP,92,33,Sênior,11496.42,Tecnologia,EAD,Setor Público,8,87,1,0
1564,202,2025-02-10T00:00:00.000000000,MG,64,26,Gestão,15692.69,Exatas,Presencial,Iniciativa Privada,10,71,0,0
1565,103,2026-04-29T00:00:00.000000000,MG,77,27,Gestão,16782.31,Tecnologia,Híbrido,Iniciativa Privada,7,93,1,0
1566,103,2025-09-17T00:00:00.000000000,SP,59,31,Pleno,7020.4,Tecnologia,Híbrido,Setor Público,9,25,1,0
1567,101,2026-03-17T00:00:00.000000000,RJ,116,32,Sem vínculo,0.0,Tecnologia,Presencial,Desempregado,10,44,0,0
1568,104,2025-03-25T00:00:00.000000000,MG,106,31,Pleno,7481.05,Tecnologia,Presencial,ONG,10,34,0,0
1569,103,2025-02-15T00:00:00.000000000,MG,72,28,Sem vínculo,0.0,Tecnologia,Híbrido,Desempregado,4,80,0,0
1570,102,2026-03-16T00:00:00.000000000,SP,56,25,Pleno,7292.25,Tecnologia,Presencial,Iniciativa Privada,5,52,0,0
1571,102,2026-06-03T00:00:00.000000000,PR,102,30,Sênior,12379.42,Tecnologia,Híbrido,Autônomo/PJ,7,9,1,0
1572,304,2026-03-14T00:00:00.000000000,SP,97,35,Gestão,16164.66,Humanas,Presencial,Autônomo/PJ,4,40,0,0
1573,102,2025-05-16T00:00:00.000000000,SP,116,30,Sênior,10205.27,Tecnologia,Presencial,Setor Público,10,16,0,0
1574,302,2025-07-02T00:00:00.000000000,PR,13,23,Júnior,2925.03,Humanas,Híbrido,Iniciativa Privada,6,70,1,0
1575,204,2025-06-21T00:00:00.000000000,MG,39,25,Pleno,4858.08,Exatas,Presencial,Iniciativa Privada,9,65,1,0
1576,303,2026-06-23T00:00:00.000000000,SP,40,27,Pleno,4566.8,Humanas,Presencial,ONG,9,10,0,0
1577,103,2025-04-30T00:00:00.000000000,MG,101,30,Pleno,5757.45,Tecnologia,EAD,Iniciativa Privada,5,62,0,0
1578,402,2025-10-08T00:00:00.000000000,MG,93,30,Sem vínculo,0.0,Biológicas,Híbrido,Desempregado,9,66,0,0
1579,302,2025-11-04T00:00:00.000000000,PR,83,28,Sênior,13304.02,Humanas,Presencial,Iniciativa Privada,8,45,0,0
1580,103,2025-10-04T00:00:00.000000000,PR,37,24,Sênior,13020.89,Tecnologia,Híbrido,Autônomo/PJ,4,19,0,0
1581,104,2026-06-14T00:00:00.000000000,MG,51,26,Pleno,4903.03,Tecnologia,EAD,Setor Público,7,12,1,0
1582,302,2025-10-22T00:00:00.000000000,RJ,112,29,Gestão,16453.61,Humanas,Híbrido,Autônomo/PJ,4,86,0,0
1583,401,2025-02-22T00:00:00.000000000,SP,21,26,Júnior,4233.29,Biológicas,EAD,Iniciativa Privada,8,16,1,0
1584,204,2026-03-08T00:00:00.000000000,SP,73,27,Sem vínculo,0.0,Exatas,EAD,Desempregado,6,92,0,0
1585,202,2025-02-21T00:00:00.000000000,RJ,42,23,Júnior,3380.11,Exatas,EAD,Setor Público,4,31,1,0
1586,102,2025-03-13T00:00:00.000000000,MG,59,31,Sênior,11867.74,Tecnologia,Presencial,Iniciativa Privada,7,98,0,0
1587,201,2025-01-28T00:00:00.000000000,RJ,90,28,Sênior,9046.99,Exatas,Híbrido,Setor Público,4,98,1,0
1588,101,2026-04-14T00:00:00.000000000,SP,19,24,Júnior,4269.07,Tecnologia,Presencial,Iniciativa Privada,9,97,0,1
1589,203,2026-07-01T00:00:00.000000000,SP,100,33,Sênior,12126.83,Exatas,Presencial,Iniciativa Privada,6,84,0,0
1590,104,2026-02-05T00:00:00.000000000,RJ,60,30,Sênior,9083.6,Tecnologia,EAD,Iniciativa Privada,4,15,1,0
1591,104,2025-07-20T00:00:00.000000000,SP,53,27,Pleno,5337.12,Tecnologia,Presencial,ONG,6,22,0,0
1592,303,2026-04-11T00:00:00.000000000,PR,87,32,Gestão,15781.91,Humanas,EAD,Iniciativa Privada,10,10,1,1
1593,304,2026-07-14T00:00:00.000000000,SP,12,24,Júnior,1888.0,Humanas,EAD,Setor Público,6,13,1,0
1594,104,2026-01-14T00:00:00.000000000,MG,79,26,Sênior,9424.47,Tecnologia,Presencial,Iniciativa Privada,10,66,0,0
1595,404,2025-06-26T00:00:00.000000000,GO,12,28,Júnior,2015.09,Biológicas,Presencial,Iniciativa Privada,5,70,1,0
1596,104,2025-02-21T00:00:00.000000000,SP,38,27,Sem vínculo,0.0,Tecnologia,Presencial,Desempregado,5,44,0,0
1597,204,2025-03-20T00:00:00.000000000,RJ,28,23,Sênior,10825.45,Exatas,Híbrido,Setor Público,7,74,0,0
1598,301,2026-01-20T00:00:00.000000000,SP,90,30,Sem vínculo,0.0,Humanas,EAD,Desempregado,7,32,1,0
1599,304,2026-07-30T00:00:00.000000000,MG,24,23,Sênior,11543.99,Humanas,Presencial,Iniciativa Privada,7,82,1,0
1600,401,2025-01-08T00:00:00.000000000,MG,117,36,Sênior,11045.57,Biológicas,Híbrido,Iniciativa Privada,6,44,0,0
1601,104,2025-08-02T00:00:00.000000000,RJ,24,22,Pleno,7922.86,Tecnologia,Presencial,ONG,6,53,1,0
1602,103,2025-01-25T00:00:00.000000000,RJ,41,27,Pleno,4816.74,Tecnologia,Presencial,Setor Público,10,50,0,1
1603,302,2026-03-26T00:00:00.000000000,RS,34,29,Sênior,9103.63,Humanas,Presencial,Iniciativa Privada,5,86,1,0
1604,101,2026-04-02T00:00:00.000000000,SP,65,25,Gestão,16534.45,Tecnologia,Presencial,Iniciativa Privada,9,22,0,0
1605,104,2026-04-06T00:00:00.000000000,SP,87,32,Pleno,4181.94,Tecnologia,EAD,Autônomo/PJ,10,28,0,0
1606,203,2025-07-17T00:00:00.000000000,RS,7,21,Júnior,2408.27,Exatas,Presencial,Iniciativa Privada,10,5,0,0
1607,202,2025-04-04T00:00:00.000000000,MG,6,26,Júnior,3583.44,Exatas,EAD,Setor Público,6,38,1,0
1608,201,2026-03-13T00:00:00.000000000,RS,52,28,Pleno,6808.47,Exatas,EAD,Iniciativa Privada,10,4,1,0
1609,102,2026-06-11T00:00:00.000000000,MG,74,31,Pleno,5473.14,Tecnologia,Presencial,Iniciativa Privada,5,95,0,0
1610,103,2026-01-13T00:00:00.000000000,SC,25,29,Sem vínculo,0.0,Tecnologia,EAD,Desempregado,4,39,1,0
1611,101,2025-04-14T00:00:00.000000000,RJ,16,25,Júnior,3981.01,Tecnologia,Presencial,Iniciativa Privada,7,89,1,0
1612,202,2025-02-08T00:00:00.000000000,PR,111,34,Gestão,15226.8,Exatas,EAD,Iniciativa Privada,7,77,0,0
1613,104,2026-04-03T00:00:00.000000000,GO,7,20,Júnior,3698.29,Tecnologia,Presencial,Autônomo/PJ,8,81,1,0
1614,401,2025-12-30T00:00:00.000000000,MG,72,29,Sênior,9394.67,Biológicas,Presencial,Iniciativa Privada,9,20,0,0
1615,102,2025-05-15T00:00:00.000000000,SP,92,28,Gestão,20186.91,Tecnologia,Presencial,Iniciativa Privada,5,58,0,0
1616,403,2026-01-09T00:00:00.000000000,SP,17,23,Júnior,4586.32,Biológicas,Híbrido,Setor Público,8,88,0,0
1617,203,2025-08-20T00:00:00.000000000,SP,25,24,Pleno,5367.75,Exatas,EAD,Iniciativa Privada,7,19,0,0
1618,101,2025-02-08T00:00:00.000000000,SP,10,20,Júnior,3394.23,Tecnologia,Híbrido,Iniciativa Privada,8,23,1,0
1619,102,2025-02-16T00:00:00.000000000,SP,42,30,Pleno,5090.38,Tecnologia,Presencial,Iniciativa Privada,4,2,1,0
1620,101,2025-02-05T00:00:00.000000000,MG,43,24,Pleno,7025.55,Tecnologia,Híbrido,Setor Público,10,85,0,1
1621,201,2025-04-05T00:00:00.000000000,MG,99,35,Sênior,12729.08,Exatas,Presencial,Setor Público,8,71,1,0
1622,202,2025-12-27T00:00:00.000000000,RJ,14,22,Júnior,4822.06,Exatas,EAD,Setor Público,4,56,1,0
1623,302,2026-06-09T00:00:00.000000000,MG,103,28,Gestão,18233.21,Humanas,Presencial,Iniciativa Privada,7,92,1,1
1624,204,2025-05-26T00:00:00.000000000,SP,58,25,Pleno,7538.05,Exatas,Presencial,Setor Público,6,70,1,0
1625,302,2026-01-03T00:00:00.000000000,SP,49,27,Sem vínculo,0.0,Humanas,EAD,Desempregado,10,69,0,0
1626,303,2025-03-06T00:00:00.000000000,SP,104,35,Gestão,17217.83,Humanas,EAD,Iniciativa Privada,5,69,1,0
1627,101,2025-08-16T00:00:00.000000000,RJ,91,27,Gestão,16887.78,Tecnologia,EAD,Autônomo/PJ,10,75,0,0
1628,401,2026-06-04T00:00:00.000000000,SP,113,32,Gestão,16585.29,Biológicas,Presencial,Setor Público,8,62,0,1
1629,303,2026-07-09T00:00:00.000000000,SP,29,23,Pleno,5482.78,Humanas,EAD,ONG,10,85,1,1
1630,402,2025-06-30T00:00:00.000000000,RJ,86,27,Sem vínculo,0.0,Biológicas,Presencial,Desempregado,9,46,1,0
1631,103,2026-05-16T00:00:00.000000000,SC,79,27,Sênior,10983.11,Tecnologia,Presencial,Iniciativa Privada,4,89,0,0
1632,403,2025-06-04T00:00:00.000000000,SP,35,29,Pleno,5864.08,Biológicas,Híbrido,Iniciativa Privada,9,88,0,0
1633,404,2026-06-19T00:00:00.000000000,MG,64,25,Gestão,15319.6,Biológicas,Presencial,Iniciativa Privada,7,18,0,0
1634,303,2026-03-11T00:00:00.000000000,MG,115,30,Sênior,11077.57,Humanas,Híbrido,Iniciativa Privada,9,99,0,1
1635,201,2025-04-09T00:00:00.000000000,PR,92,34,Sênior,11187.38,Exatas,Presencial,Iniciativa Privada,9,98,1,0
1636,403,2026-01-07T00:00:00.000000000,GO,101,31,Gestão,15550.83,Biológicas,Híbrido,Autônomo/PJ,7,12,1,0
1637,401,2026-07-17T00:00:00.000000000,SP,86,33,Sênior,12326.8,Biológicas,EAD,Iniciativa Privada,6,88,0,0
1638,301,2025-12-28T00:00:00.000000000,SP,119,32,Gestão,17156.59,Humanas,Presencial,Iniciativa Privada,10,44,0,1
1639,201,2025-04-22T00:00:00.000000000,RS,86,28,Sênior,9926.57,Exatas,Presencial,Setor Público,9,31,1,0
1640,402,2026-03-29T00:00:00.000000000,RJ,19,21,Júnior,3592.32,Biológicas,EAD,Iniciativa Privada,9,29,0,0
1641,104,2025-06-18T00:00:00.000000000,MG,14,23,Sem vínculo,0.0,Tecnologia,EAD,Desempregado,9,84,0,0
1642,101,2025-05-19T00:00:00.000000000,MG,45,26,Júnior,2756.3,Tecnologia,Presencial,Autônomo/PJ,7,41,0,0
1643,401,2025-08-19T00:00:00.000000000,MG,71,28,Sênior,11055.06,Biológicas,EAD,Iniciativa Privada,9,71,0,1
1644,402,2025-08-27T00:00:00.000000000,GO,114,36,Sênior,11351.42,Biológicas,Presencial,Iniciativa Privada,10,41,0,1
1645,401,2025-09-10T00:00:00.000000000,BA,30,27,Júnior,4887.13,Biológicas,EAD,Iniciativa Privada,7,6,0,0
1646,203,2026-03-12T00:00:00.000000000,PR,108,31,Gestão,16284.77,Exatas,Híbrido,Autônomo/PJ,6,2,1,0
1647,203,2026-07-15T00:00:00.000000000,SP,78,27,Sênior,11770.72,Exatas,Presencial,Iniciativa Privada,7,36,1,0
1648,404,2026-02-26T00:00:00.000000000,RS,27,28,Pleno,5572.59,Biológicas,EAD,Setor Público,9,2,1,0
1649,101,2025-10-30T00:00:00.000000000,SP,112,29,Pleno,7272.2,Tecnologia,Presencial,Autônomo/PJ,10,17,1,0
1650,302,2025-03-13T00:00:00.000000000,SP,115,34,Sênior,11807.33,Humanas,Presencial,Iniciativa Privada,4,41,1,0
1651,203,2025-09-20T00:00:00.000000000,RS,9,21,Júnior,3150.27,Exatas,Híbrido,ONG,10,8,0,0
1652,102,2025-08-10T00:00:00.000000000,SP,31,26,Pleno,7688.1,Tecnologia,Presencial,Iniciativa Privada,9,56,1,0
1653,102,2025-03-18T00:00:00.000000000,SP,63,31,Sem vínculo,0.0,Tecnologia,Presencial,Desempregado,10,23,1,0
1654,203,2025-03-03T00:00:00.000000000,SP,34,25,Pleno,8783.49,Exatas,EAD,Iniciativa Privada,8,6,1,0
1655,202,2026-04-16T00:00:00.000000000,RS,114,33,Sênior,11154.02,Exatas,EAD,Setor Público,8,96,0,0
1656,103,2025-06-06T00:00:00.000000000,RJ,103,31,Gestão,17297.88,Tecnologia,Presencial,Iniciativa Privada,10,88,1,0
1657,202,2025-05-05T00:00:00.000000000,MG,92,30,Gestão,16887.0,Exatas,Presencial,Autônomo/PJ,4,41,1,0
1658,303,2025-06-10T00:00:00.000000000,SP,42,27,Júnior,6810.53,Humanas,Presencial,Iniciativa Privada,8,97,1,1
1659,301,2026-06-25T00:00:00.000000000,PR,80,32,Sênior,11174.02,Humanas,Presencial,Iniciativa Privada,10,57,0,1
1660,104,2026-06-19T00:00:00.000000000,PR,75,33,Gestão,16194.4,Tecnologia,EAD,Setor Público,10,84,0,0
1661,303,2025-04-16T00:00:00.000000000,SP,23,25,Júnior,2802.43,Humanas,Presencial,Iniciativa Privada,10,55,1,0
1662,103,2025-05-11T00:00:00.000000000,RJ,90,28,Gestão,18204.83,Tecnologia,EAD,Setor Público,9,57,0,0
1663,104,2025-12-23T00:00:00.000000000,SP,47,28,Pleno,7409.9,Tecnologia,Presencial,ONG,7,17,0,0
1664,103,2025-01-02T00:00:00.000000000,BA,105,33,Gestão,17811.83,Tecnologia,Presencial,Iniciativa Privada,9,38,1,0
1665,303,2025-08-21T00:00:00.000000000,MG,46,27,Sênior,12437.56,Humanas,Presencial,Iniciativa Privada,8,49,0,1
1666,102,2026-01-04T00:00:00.000000000,GO,43,24,Pleno,7436.04,Tecnologia,EAD,Iniciativa Privada,8,32,0,0
1667,104,2025-09-08T00:00:00.000000000,SP,39,30,Pleno,6753.4,Tecnologia,Presencial,Setor Público,7,27,1,0
1668,101,2025-04-18T00:00:00.000000000,PR,22,26,Júnior,3762.82,Tecnologia,Híbrido,Iniciativa Privada,10,55,0,0
1669,403,2025-10-03T00:00:00.000000000,PR,42,24,Pleno,5770.72,Biológicas,Presencial,Iniciativa Privada,8,24,0,0
1670,404,2025-06-29T00:00:00.000000000,MG,30,29,Pleno,6102.24,Biológicas,Presencial,Iniciativa Privada,7,13,1,0
1671,102,2025-10-20T00:00:00.000000000,BA,107,29,Sênior,12469.98,Tecnologia,Presencial,Iniciativa Privada,6,54,0,0
1672,101,2025-06-24T00:00:00.000000000,SP,81,29,Sem vínculo,0.0,Tecnologia,Presencial,Desempregado,9,83,0,0
1673,404,2025-05-03T00:00:00.000000000,SP,92,32,Gestão,15936.98,Biológicas,EAD,Iniciativa Privada,6,83,0,0
1674,101,2025-08-15T00:00:00.000000000,MG,111,36,Sênior,11471.01,Tecnologia,Híbrido,Setor Público,8,6,0,0
1675,101,2026-03-20T00:00:00.000000000,PR,91,32,Pleno,5856.59,Tecnologia,Presencial,Autônomo/PJ,10,3,1,0
1676,101,2026-03-04T00:00:00.000000000,MG,90,30,Sênior,10290.67,Tecnologia,EAD,Autônomo/PJ,6,94,1,0
1677,403,2025-03-24T00:00:00.000000000,SP,32,26,Sênior,13696.44,Biológicas,EAD,Iniciativa Privada,10,29,0,1
1678,303,2025-03-06T00:00:00.000000000,RJ,62,28,Sênior,11930.81,Humanas,Híbrido,Setor Público,8,61,0,1
1679,102,2025-10-08T00:00:00.000000000,SP,36,28,Pleno,5610.55,Tecnologia,Presencial,ONG,10,56,0,1
1680,102,2026-01-26T00:00:00.000000000,RJ,11,25,Júnior,6165.04,Tecnologia,Presencial,Iniciativa Privada,6,36,0,0
1681,404,2026-03-04T00:00:00.000000000,MG,96,34,Sênior,10094.5,Biológicas,Presencial,Iniciativa Privada,8,54,1,0
1682,202,2025-04-17T00:00:00.000000000,PR,45,30,Sênior,13798.9,Exatas,Presencial,Iniciativa Privada,5,84,1,0
1683,201,2026-07-02T00:00:00.000000000,SP,103,32,Sênior,11681.68,Exatas,EAD,Iniciativa Privada,9,64,0,0
1684,101,2025-09-19T00:00:00.000000000,RJ,17,24,Pleno,5631.91,Tecnologia,Híbrido,Iniciativa Privada,4,51,0,0
1685,303,2025-06-08T00:00:00.000000000,SP,114,36,Sênior,10028.97,Humanas,Presencial,Autônomo/PJ,9,2,0,0
1686,101,2025-09-22T00:00:00.000000000,SP,58,24,Pleno,7309.0,Tecnologia,EAD,Iniciativa Privada,6,76,1,0
1687,304,2026-04-13T00:00:00.000000000,PR,76,33,Gestão,18600.08,Humanas,Híbrido,Iniciativa Privada,7,6,0,0
1688,101,2025-07-21T00:00:00.000000000,GO,15,21,Júnior,1854.3,Tecnologia,Híbrido,Setor Público,4,69,0,0
1689,101,2025-06-04T00:00:00.000000000,SP,50,28,Pleno,4303.95,Tecnologia,EAD,Iniciativa Privada,10,69,1,0
1690,204,2025-01-13T00:00:00.000000000,PR,22,24,Júnior,3791.17,Exatas,EAD,Autônomo/PJ,10,33,1,0
1691,402,2025-10-24T00:00:00.000000000,RS,31,25,Pleno,6127.47,Biológicas,Presencial,Iniciativa Privada,8,95,0,0
1692,202,2026-05-13T00:00:00.000000000,SC,90,28,Sem vínculo,0.0,Exatas,Híbrido,Desempregado,10,15,0,0
1693,104,2025-09-02T00:00:00.000000000,SP,97,33,Gestão,17176.63,Tecnologia,Presencial,Iniciativa Privada,4,7,0,0
1694,203,2025-10-27T00:00:00.000000000,BA,67,27,Gestão,16348.83,Exatas,Presencial,Setor Público,10,20,0,0
1695,301,2025-12-28T00:00:00.000000000,SP,51,30,Pleno,4862.42,Humanas,Presencial,Autônomo/PJ,7,10,1,0
1696,304,2025-12-20T00:00:00.000000000,SP,69,32,Gestão,16736.97,Humanas,EAD,Iniciativa Privada,7,49,1,1
1697,201,2026-06-05T00:00:00.000000000,SP,7,24,Júnior,5240.05,Exatas,Presencial,Iniciativa Privada,9,86,1,0
1698,103,2026-01-21T00:00:00.000000000,RJ,59,26,Pleno,6689.18,Tecnologia,EAD,Autônomo/PJ,10,5,0,0
1699,201,2025-11-08T00:00:00.000000000,SP,112,36,Gestão,15587.48,Exatas,Presencial,Iniciativa Privada,10,14,1,0
1700,104,2026-02-18T00:00:00.000000000,SP,70,27,Gestão,18204.19,Tecnologia,Presencial,ONG,8,10,1,0
1701,401,2025-10-05T00:00:00.000000000,SP,56,28,Sem vínculo,0.0,Biológicas,Presencial,Desempregado,9,26,0,0
1702,202,2025-12-22T00:00:00.000000000,SC,58,27,Pleno,5201.92,Exatas,Presencial,Iniciativa Privada,6,78,1,0
1703,203,2026-06-09T00:00:00.000000000,RS,41,27,Pleno,5128.92,Exatas,Presencial,Iniciativa Privada,6,44,1,0
1704,103,2025-01-16T00:00:00.000000000,SP,31,29,Sênior,13266.84,Tecnologia,Presencial,Iniciativa Privada,5,37,0,0
1705,103,2025-02-14T00:00:00.000000000,RS,34,24,Pleno,5528.77,Tecnologia,Presencial,Iniciativa Privada,9,3,0,0
1706,204,2025-11-17T00:00:00.000000000,RS,26,27,Pleno,7458.5,Exatas,Híbrido,Autônomo/PJ,7,77,0,0
1707,103,2025-11-22T00:00:00.000000000,PR,16,27,Júnior,5246.79,Tecnologia,EAD,Autônomo/PJ,5,44,0,0
1708,402,2025-05-28T00:00:00.000000000,SP,45,29,Pleno,6036.98,Biológicas,EAD,Iniciativa Privada,7,9,1,0
1709,204,2025-12-21T00:00:00.000000000,MG,16,26,Júnior,4469.68,Exatas,Presencial,Iniciativa Privada,5,53,1,0
1710,102,2025-08-24T00:00:00.000000000,GO,41,28,Pleno,7278.03,Tecnologia,Presencial,Iniciativa Privada,9,28,1,0
1711,101,2025-04-15T00:00:00.000000000,MG,118,32,Sênior,9860.59,Tecnologia,EAD,Iniciativa Privada,6,11,1,0
1712,301,2026-04-19T00:00:00.000000000,SP,64,32,Gestão,16972.68,Humanas,EAD,Autônomo/PJ,7,55,1,1
1713,101,2026-01-31T00:00:00.000000000,RJ,44,23,Pleno,6321.16,Tecnologia,Presencial,Iniciativa Privada,9,39,0,0
1714,201,2026-03-22T00:00:00.000000000,MG,109,33,Gestão,16785.6,Exatas,Presencial,Autônomo/PJ,9,83,1,0
1715,202,2025-08-08T00:00:00.000000000,RJ,104,34,Gestão,16665.81,Exatas,Híbrido,Setor Público,6,36,0,0
1716,104,2026-03-18T00:00:00.000000000,SP,59,29,Sênior,11683.24,Tecnologia,Presencial,Autônomo/PJ,4,65,0,0
1717,304,2025-01-28T00:00:00.000000000,SP,103,32,Sênior,11873.01,Humanas,Presencial,Iniciativa Privada,6,19,1,0
1718,303,2026-04-20T00:00:00.000000000,SC,60,31,Sênior,11629.6,Humanas,Presencial,Setor Público,7,11,1,0
1719,402,2025-11-01T00:00:00.000000000,RS,116,34,Sênior,11499.22,Biológicas,EAD,Setor Público,4,37,0,0
1720,201,2026-02-09T00:00:00.000000000,SP,29,29,Pleno,5724.17,Exatas,EAD,Autônomo/PJ,5,29,0,0
1721,202,2026-05-28T00:00:00.000000000,BA,27,28,Sênior,13497.18,Exatas,Presencial,Iniciativa Privada,8,46,1,0
1722,103,2026-05-17T00:00:00.000000000,SP,74,29,Gestão,15485.66,Tecnologia,Presencial,Iniciativa Privada,7,81,1,0
1723,203,2025-12-14T00:00:00.000000000,MG,61,25,Gestão,13279.38,Exatas,Presencial,Setor Público,10,73,1,0
1724,102,2025-08-28T00:00:00.000000000,PR,38,23,Júnior,3821.2,Tecnologia,Presencial,Iniciativa Privada,8,70,0,0
1725,302,2026-07-24T00:00:00.000000000,SC,41,28,Júnior,2728.1,Humanas,Presencial,Iniciativa Privada,8,41,0,0
1726,102,2025-12-03T00:00:00.000000000,GO,116,35,Sem vínculo,0.0,Tecnologia,Presencial,Desempregado,4,4,0,0
1727,204,2025-01-26T00:00:00.000000000,SP,25,25,Pleno,6693.27,Exatas,Presencial,Iniciativa Privada,5,47,1,0
1728,101,2026-02-13T00:00:00.000000000,RS,88,28,Pleno,5017.23,Tecnologia,EAD,Iniciativa Privada,6,92,0,0
1729,302,2025-03-18T00:00:00.000000000,SP,104,32,Sênior,13790.75,Humanas,EAD,Iniciativa Privada,4,98,0,0
1730,202,2025-08-05T00:00:00.000000000,PR,112,33,Sênior,13768.59,Exatas,EAD,Setor Público,5,50,1,0
1731,202,2025-11-24T00:00:00.000000000,PR,86,29,Sênior,12508.41,Exatas,Presencial,Iniciativa Privada,10,11,1,0
1732,403,2025-01-23T00:00:00.000000000,MG,67,28,Gestão,17056.29,Biológicas,Híbrido,Setor Público,10,9,1,1
1733,303,2025-11-06T00:00:00.000000000,SP,114,35,Gestão,16283.93,Humanas,Híbrido,Iniciativa Privada,6,36,1,0
1734,104,2025-09-24T00:00:00.000000000,RS,112,36,Sênior,11057.86,Tecnologia,Presencial,Iniciativa Privada,6,65,1,0
1735,201,2026-02-19T00:00:00.000000000,SP,103,35,Gestão,19664.98,Exatas,Presencial,Autônomo/PJ,5,66,0,0
1736,204,2025-09-24T00:00:00.000000000,SP,78,28,Gestão,18011.03,Exatas,EAD,Iniciativa Privada,6,13,1,0
1737,301,2025-11-29T00:00:00.000000000,PR,31,27,Sem vínculo,0.0,Humanas,EAD,Desempregado,7,46,0,0
1738,403,2026-03-26T00:00:00.000000000,RJ,71,31,Gestão,19259.91,Biológicas,Híbrido,Iniciativa Privada,7,19,0,0
1739,103,2026-07-19T00:00:00.000000000,SC,78,28,Gestão,14325.58,Tecnologia,EAD,Iniciativa Privada,4,51,1,0
1740,403,2025-09-04T00:00:00.000000000,SP,78,26,Sênior,13774.51,Biológicas,Presencial,Iniciativa Privada,6,67,0,0
1741,104,2025-02-05T00:00:00.000000000,SP,45,27,Pleno,4396.82,Tecnologia,Presencial,Iniciativa Privada,6,25,0,0
1742,302,2026-02-05T00:00:00.000000000,SC,22,27,Sem vínculo,0.0,Humanas,Presencial,Desempregado,5,46,1,0
1743,102,2025-01-28T00:00:00.000000000,RJ,6,22,Pleno,6791.66,Tecnologia,Híbrido,ONG,7,78,1,0
1744,103,2025-08-08T00:00:00.000000000,SP,94,27,Sênior,11393.84,Tecnologia,Híbrido,Iniciativa Privada,8,72,1,0
1745,402,2026-02-10T00:00:00.000000000,PR,66,28,Gestão,18470.12,Biológicas,Presencial,Setor Público,4,2,0,0
1746,202,2025-09-28T00:00:00.000000000,RJ,48,26,Pleno,6463.11,Exatas,EAD,Setor Público,9,1,0,0
1747,404,2026-05-26T00:00:00.000000000,MG,109,34,Sênior,14327.03,Biológicas,Presencial,Iniciativa Privada,7,40,0,0
1748,101,2025-10-13T00:00:00.000000000,RJ,47,28,Sênior,11459.11,Tecnologia,Presencial,Iniciativa Privada,5,29,0,0
1749,203,2026-03-30T00:00:00.000000000,SC,30,27,Sem vínculo,0.0,Exatas,Híbrido,Desempregado,4,36,0,0
1750,303,2025-11-13T00:00:00.000000000,SC,44,29,Sem vínculo,0.0,Humanas,EAD,Desempregado,8,80,1,0
1751,104,2025-10-24T00:00:00.000000000,PR,40,30,Sem vínculo,0.0,Tecnologia,Presencial,Desempregado,10,2,1,0
1752,104,2025-12-04T00:00:00.000000000,SP,8,27,Júnior,2289.06,Tecnologia,Presencial,Autônomo/PJ,9,8,1,0
1753,102,2025-11-03T00:00:00.000000000,SC,119,33,Gestão,17869.0,Tecnologia,Presencial,Setor Público,4,7,1,0
1754,403,2026-03-04T00:00:00.000000000,MG,106,30,Sênior,9894.4,Biológicas,Presencial,Iniciativa Privada,7,8,0,0
1755,301,2025-12-17T00:00:00.000000000,MG,113,32,Sênior,10183.19,Humanas,Presencial,Iniciativa Privada,8,16,0,0
1756,204,2026-05-26T00:00:00.000000000,SP,49,26,Pleno,7227.26,Exatas,Presencial,Iniciativa Privada,9,23,1,0
1757,101,2026-06-09T00:00:00.000000000,RS,56,28,Pleno,8734.25,Tecnologia,EAD,Setor Público,5,71,1,0
1758,101,2026-05-07T00:00:00.000000000,PR,99,28,Gestão,18684.9,Tecnologia,EAD,Autônomo/PJ,4,13,1,0
1759,203,2025-01-09T00:00:00.000000000,SP,107,32,Sênior,10947.78,Exatas,EAD,Autônomo/PJ,7,53,1,0
1760,403,2026-05-12T00:00:00.000000000,RJ,103,33,Sem vínculo,0.0,Biológicas,EAD,Desempregado,5,79,1,0
1761,304,2026-07-14T00:00:00.000000000,RS,17,27,Júnior,3382.28,Humanas,Híbrido,ONG,8,17,1,0
1762,203,2026-07-15T00:00:00.000000000,SP,24,22,Sem vínculo,0.0,Exatas,Híbrido,Desempregado,4,87,1,0
1763,203,2026-03-16T00:00:00.000000000,BA,106,34,Gestão,16312.4,Exatas,Presencial,Iniciativa Privada,6,38,0,0
1764,403,2026-07-06T00:00:00.000000000,MG,49,29,Júnior,2807.32,Biológicas,Presencial,Autônomo/PJ,7,46,1,0
1765,201,2025-04-18T00:00:00.000000000,MG,64,26,Gestão,16378.13,Exatas,Presencial,Setor Público,7,26,1,0
1766,404,2025-09-02T00:00:00.000000000,SP,54,28,Pleno,7871.39,Biológicas,EAD,Iniciativa Privada,6,91,1,0
1767,102,2025-09-12T00:00:00.000000000,SP,66,29,Sem vínculo,0.0,Tecnologia,Híbrido,Desempregado,5,70,0,0
1768,301,2025-02-02T00:00:00.000000000,GO,22,24,Júnior,5387.06,Humanas,EAD,ONG,7,97,1,0
1769,303,2025-01-23T00:00:00.000000000,SP,79,28,Sênior,12344.44,Humanas,Presencial,Iniciativa Privada,5,90,1,0
1770,301,2026-07-20T00:00:00.000000000,PR,62,25,Gestão,15603.72,Humanas,EAD,Iniciativa Privada,8,33,0,0
1771,203,2025-02-18T00:00:00.000000000,SP,60,32,Gestão,17066.83,Exatas,Presencial,Setor Público,6,18,0,0
1772,103,2026-04-07T00:00:00.000000000,SP,118,35,Sênior,11310.19,Tecnologia,Híbrido,Setor Público,5,5,1,0
1773,101,2025-12-02T00:00:00.000000000,SP,52,24,Sem vínculo,0.0,Tecnologia,EAD,Desempregado,8,29,0,0
1774,404,2025-12-24T00:00:00.000000000,RJ,17,24,Júnior,4264.95,Biológicas,EAD,Iniciativa Privada,10,91,0,0
1775,103,2025-05-02T00:00:00.000000000,BA,67,28,Gestão,14264.32,Tecnologia,Presencial,Iniciativa Privada,4,11,0,0
1776,404,2026-03-20T00:00:00.000000000,SP,85,33,Gestão,17588.02,Biológicas,Presencial,Iniciativa Privada,7,14,0,1
1777,302,2025-12-25T00:00:00.000000000,SP,93,34,Sênior,12313.99,Humanas,Presencial,Iniciativa Privada,6,38,1,0
1778,203,2025-12-12T00:00:00.000000000,SP,88,29,Pleno,6003.08,Exatas,Presencial,Iniciativa Privada,4,63,0,0
1779,404,2025-07-12T00:00:00.000000000,RJ,13,27,Sem vínculo,0.0,Biológicas,Presencial,Desempregado,10,63,0,0
1780,304,2026-02-20T00:00:00.000000000,RJ,100,34,Sênior,10112.5,Humanas,Híbrido,Iniciativa Privada,4,14,1,0
1781,202,2026-01-12T00:00:00.000000000,RS,26,27,Sênior,11871.78,Exatas,Presencial,Iniciativa Privada,4,57,1,0
1782,104,2026-04-08T00:00:00.000000000,RJ,86,34,Sênior,10140.45,Tecnologia,Presencial,Iniciativa Privada,5,99,1,0
1783,404,2025-05-26T00:00:00.000000000,RJ,92,29,Sênior,11889.75,Biológicas,Presencial,Iniciativa Privada,10,66,0,1
1784,302,2026-04-23T00:00:00.000000000,SP,106,32,Gestão,18752.5,Humanas,Presencial,Autônomo/PJ,7,0,1,1
1785,303,2026-02-12T00:00:00.000000000,BA,85,32,Sênior,11805.39,Humanas,Híbrido,Setor Público,6,6,1,0
1786,304,2025-10-13T00:00:00.000000000,SP,75,27,Gestão,17819.1,Humanas,Presencial,Autônomo/PJ,9,8,0,1
1787,104,2025-04-21T00:00:00.000000000,SP,77,33,Gestão,15026.43,Tecnologia,Híbrido,Iniciativa Privada,9,0,1,0
1788,404,2025-02-19T00:00:00.000000000,MG,30,24,Júnior,3168.86,Biológicas,Presencial,Iniciativa Privada,7,4,1,0
1789,101,2025-01-14T00:00:00.000000000,MG,87,30,Sênior,11533.0,Tecnologia,Híbrido,Iniciativa Privada,7,46,1,0
1790,102,2025-05-14T00:00:00.000000000,RJ,94,32,Gestão,17851.64,Tecnologia,Presencial,Iniciativa Privada,7,99,1,0
1791,101,2025-12-09T00:00:00.000000000,RJ,17,23,Júnior,3419.88,Tecnologia,EAD,Autônomo/PJ,8,9,1,0
1792,102,2025-10-13T00:00:00.000000000,PR,20,21,Pleno,6384.34,Tecnologia,Presencial,Iniciativa Privada,10,1,1,0
1793,203,2025-11-10T00:00:00.000000000,SP,64,31,Gestão,15826.08,Exatas,EAD,Setor Público,8,22,0,0
1794,103,2025-10-24T00:00:00.000000000,SC,31,23,Pleno,6941.75,Tecnologia,EAD,Iniciativa Privada,8,92,1,0
1795,104,2026-07-23T00:00:00.000000000,MG,110,33,Pleno,9542.58,Tecnologia,Presencial,Setor Público,8,55,1,0
1796,102,2025-06-13T00:00:00.000000000,RJ,114,35,Sem vínculo,0.0,Tecnologia,Presencial,Desempregado,7,18,1,0
1797,303,2026-05-12T00:00:00.000000000,RJ,31,22,Pleno,7868.17,Humanas,Híbrido,Setor Público,7,37,1,0
1798,202,2025-01-16T00:00:00.000000000,SP,52,24,Pleno,7727.36,Exatas,Presencial,Setor Público,9,46,1,0
1799,203,2025-12-10T00:00:00.000000000,PR,37,24,Sem vínculo,0.0,Exatas,Híbrido,Desempregado,6,83,1,0
1800,301,2025-03-19T00:00:00.000000000,RJ,15,25,Pleno,7873.31,Humanas,EAD,Setor Público,9,75,1,0
1801,203,2025-12-12T00:00:00.000000000,SP,21,24,Júnior,3645.12,Exatas,Presencial,Iniciativa Privada,9,74,1,0
1802,101,2025-03-13T00:00:00.000000000,MG,76,31,Gestão,16295.95,Tecnologia,Presencial,Iniciativa Privada,6,98,0,0
1803,403,2025-09-27T00:00:00.000000000,BA,22,28,Júnior,3616.26,Biológicas,Híbrido,Autônomo/PJ,6,51,0,0
1804,104,2025-10-14T00:00:00.000000000,RJ,28,26,Pleno,4964.55,Tecnologia,EAD,Autônomo/PJ,9,48,1,0
1805,101,2025-03-07T00:00:00.000000000,GO,31,29,Pleno,4646.3,Tecnologia,Presencial,Iniciativa Privada,9,70,1,1
1806,303,2025-03-09T00:00:00.000000000,SP,90,29,Gestão,16374.76,Humanas,EAD,Iniciativa Privada,9,22,0,1
1807,304,2025-07-12T00:00:00.000000000,SP,91,27,Sem vínculo,0.0,Humanas,Presencial,Desempregado,6,49,0,0
1808,401,2025-02-24T00:00:00.000000000,SP,12,23,Júnior,3596.26,Biológicas,Híbrido,Iniciativa Privada,6,16,0,0
1809,104,2026-01-14T00:00:00.000000000,RJ,19,24,Pleno,5225.91,Tecnologia,Presencial,Iniciativa Privada,8,47,1,0
1810,302,2025-06-17T00:00:00.000000000,SP,84,29,Sênior,10898.0,Humanas,Presencial,Iniciativa Privada,7,1,1,0
1811,302,2026-02-13T00:00:00.000000000,SP,12,25,Júnior,4683.3,Humanas,Presencial,Autônomo/PJ,6,68,0,0
1812,101,2026-05-23T00:00:00.000000000,GO,14,23,Júnior,5388.31,Tecnologia,Presencial,Iniciativa Privada,5,61,0,0
1813,103,2026-06-21T00:00:00.000000000,SC,53,27,Sênior,9779.37,Tecnologia,Presencial,Setor Público,10,84,0,0
1814,301,2025-04-12T00:00:00.000000000,PR,77,29,Pleno,6040.53,Humanas,EAD,Iniciativa Privada,6,12,0,0
1815,104,2026-02-26T00:00:00.000000000,SP,119,32,Sênior,13354.27,Tecnologia,EAD,Setor Público,6,60,0,0
1816,103,2026-04-23T00:00:00.000000000,SP,64,29,Gestão,18322.75,Tecnologia,EAD,Autônomo/PJ,7,10,0,0
1817,102,2025-04-30T00:00:00.000000000,SP,92,30,Sênior,12682.65,Tecnologia,Presencial,Iniciativa Privada,9,87,0,0
1818,103,2025-10-18T00:00:00.000000000,PR,98,28,Gestão,16860.56,Tecnologia,EAD,Iniciativa Privada,8,96,1,0
1819,102,2026-05-03T00:00:00.000000000,GO,87,33,Sênior,11902.43,Tecnologia,Híbrido,Iniciativa Privada,4,26,0,0
1820,103,2025-06-10T00:00:00.000000000,RJ,100,31,Gestão,17927.7,Tecnologia,Presencial,Iniciativa Privada,9,34,1,0
1821,103,2025-03-19T00:00:00.000000000,SP,99,30,Gestão,19399.54,Tecnologia,Presencial,Autônomo/PJ,9,17,1,0
1822,403,2025-02-07T00:00:00.000000000,RJ,44,28,Pleno,5711.13,Biológicas,Presencial,Iniciativa Privada,7,84,0,0
1823,104,2026-01-29T00:00:00.000000000,SP,104,30,Sênior,11598.48,Tecnologia,Presencial,Autônomo/PJ,8,67,1,0
1824,204,2026-03-17T00:00:00.000000000,SP,23,26,Júnior,3348.88,Exatas,Presencial,Iniciativa Privada,5,60,1,0
1825,401,2026-06-24T00:00:00.000000000,MG,64,27,Gestão,16696.39,Biológicas,EAD,Iniciativa Privada,10,40,1,1
1826,401,2026-04-07T00:00:00.000000000,PR,111,33,Sênior,12315.16,Biológicas,Híbrido,Iniciativa Privada,10,95,1,1
1827,102,2025-10-21T00:00:00.000000000,SP,108,31,Sênior,12295.38,Tecnologia,Presencial,Setor Público,4,42,1,0
1828,104,2026-02-04T00:00:00.000000000,SP,22,25,Júnior,3611.91,Tecnologia,EAD,Iniciativa Privada,10,48,1,0
1829,202,2025-04-02T00:00:00.000000000,BA,19,25,Júnior,5173.44,Exatas,Presencial,Autônomo/PJ,8,10,1,0
1830,401,2025-01-06T00:00:00.000000000,SP,36,26,Pleno,7418.37,Biológicas,Presencial,Iniciativa Privada,9,66,0,0
1831,102,2025-09-28T00:00:00.000000000,SP,29,22,Pleno,7784.28,Tecnologia,EAD,Iniciativa Privada,8,50,1,0
1832,201,2026-07-13T00:00:00.000000000,SP,104,33,Sênior,10721.78,Exatas,Presencial,Autônomo/PJ,7,51,0,0
1833,404,2025-04-09T00:00:00.000000000,SP,113,32,Sênior,11657.69,Biológicas,Presencial,Autônomo/PJ,8,84,0,1
1834,203,2026-06-10T00:00:00.000000000,SP,65,28,Sênior,12733.54,Exatas,EAD,Iniciativa Privada,6,42,0,0
1835,304,2025-07-13T00:00:00.000000000,SC,50,30,Sênior,10261.35,Humanas,EAD,Setor Público,8,57,0,0
1836,302,2025-06-06T00:00:00.000000000,SP,103,32,Gestão,17846.4,Humanas,EAD,Iniciativa Privada,4,77,0,0
1837,102,2025-04-25T00:00:00.000000000,RJ,8,24,Pleno,5237.22,Tecnologia,Presencial,Autônomo/PJ,8,69,0,0
1838,204,2026-01-31T00:00:00.000000000,MG,42,28,Pleno,7470.45,Exatas,Presencial,ONG,5,28,0,0
1839,204,2026-06-06T00:00:00.000000000,RJ,48,26,Pleno,5974.76,Exatas,Presencial,ONG,10,30,1,0
1840,301,2025-08-02T00:00:00.000000000,RS,45,25,Pleno,7023.57,Humanas,Presencial,Autônomo/PJ,6,27,0,0
1841,402,2026-06-17T00:00:00.000000000,RS,95,34,Pleno,5858.56,Biológicas,EAD,Iniciativa Privada,4,49,1,0
1842,302,2025-01-15T00:00:00.000000000,SP,60,28,Sênior,10393.17,Humanas,EAD,Autônomo/PJ,4,35,1,0
1843,104,2026-02-23T00:00:00.000000000,PR,92,34,Gestão,18551.3,Tecnologia,EAD,Iniciativa Privada,9,91,1,0
1844,303,2026-01-03T00:00:00.000000000,RJ,113,30,Gestão,15530.21,Humanas,Híbrido,Iniciativa Privada,7,18,0,0
1845,202,2025-08-01T00:00:00.000000000,BA,44,24,Pleno,5501.39,Exatas,Presencial,Iniciativa Privada,10,66,0,0
1846,203,2025-01-05T00:00:00.000000000,RJ,20,28,Sem vínculo,0.0,Exatas,EAD,Desempregado,7,11,0,0
1847,204,2025-08-19T00:00:00.000000000,BA,118,31,Gestão,18785.41,Exatas,Presencial,ONG,6,99,1,0
1848,304,2025-07-20T00:00:00.000000000,PR,9,21,Júnior,2839.69,Humanas,Presencial,Iniciativa Privada,4,87,0,0
1849,301,2026-02-06T00:00:00.000000000,SP,98,34,Gestão,15566.71,Humanas,Presencial,Autônomo/PJ,9,75,1,1
1850,202,2025-05-29T00:00:00.000000000,RJ,91,29,Gestão,17284.7,Exatas,Híbrido,Autônomo/PJ,5,23,0,0
1851,403,2026-05-07T00:00:00.000000000,BA,30,26,Sênior,11166.2,Biológicas,Presencial,Iniciativa Privada,8,64,1,0
1852,101,2025-08-14T00:00:00.000000000,RS,18,24,Júnior,2679.43,Tecnologia,Presencial,Iniciativa Privada,8,91,0,0
1853,102,2025-06-18T00:00:00.000000000,SP,87,27,Sênior,12172.33,Tecnologia,EAD,Autônomo/PJ,8,79,1,0
1854,201,2025-06-01T00:00:00.000000000,PR,38,26,Sênior,9525.33,Exatas,Presencial,Iniciativa Privada,7,20,1,0
1855,404,2025-08-12T00:00:00.000000000,SP,21,28,Júnior,3485.61,Biológicas,Presencial,Iniciativa Privada,4,93,0,0
1856,102,2026-05-19T00:00:00.000000000,SP,114,31,Gestão,15273.59,Tecnologia,EAD,Autônomo/PJ,4,97,0,0
1857,101,2026-07-04T00:00:00.000000000,RJ,47,30,Sem vínculo,0.0,Tecnologia,Presencial,Desempregado,5,25,0,0
1858,401,2025-02-13T00:00:00.000000000,SP,113,35,Sênior,12996.47,Biológicas,Híbrido,Setor Público,7,34,1,0
1859,403,2026-05-19T00:00:00.000000000,SC,71,27,Gestão,19773.29,Biológicas,EAD,Autônomo/PJ,5,94,1,1
1860,401,2025-08-29T00:00:00.000000000,SP,60,28,Sênior,10504.54,Biológicas,Presencial,Iniciativa Privada,4,79,0,0
1861,102,2025-12-17T00:00:00.000000000,SC,104,34,Sênior,11794.17,Tecnologia,Presencial,Iniciativa Privada,8,57,0,0
1862,402,2025-01-23T00:00:00.000000000,SP,47,29,Pleno,4365.98,Biológicas,EAD,Setor Público,10,41,0,0
1863,203,2025-02-12T00:00:00.000000000,SP,39,29,Pleno,4695.41,Exatas,Presencial,Iniciativa Privada,7,28,0,0
1864,302,2026-04-11T00:00:00.000000000,SP,35,27,Pleno,5843.47,Humanas,Presencial,ONG,7,28,0,0
1865,104,2025-02-09T00:00:00.000000000,SP,18,23,Júnior,3082.21,Tecnologia,EAD,Iniciativa Privada,7,8,0,0
1866,302,2025-10-30T00:00:00.000000000,SP,18,22,Pleno,5696.53,Humanas,EAD,Iniciativa Privada,9,77,0,1
1867,102,2025-06-24T00:00:00.000000000,SP,23,22,Júnior,3312.43,Tecnologia,EAD,Iniciativa Privada,9,71,1,0
1868,101,2026-06-16T00:00:00.000000000,MG,37,25,Sem vínculo,0.0,Tecnologia,Híbrido,Desempregado,8,1,1,0
1869,301,2026-04-06T00:00:00.000000000,SP,101,30,Sênior,12259.85,Humanas,Presencial,Iniciativa Privada,9,74,0,0
1870,102,2025-07-12T00:00:00.000000000,RJ,104,33,Gestão,17006.94,Tecnologia,Presencial,Iniciativa Privada,7,1,0,0
1871,103,2025-09-01T00:00:00.000000000,SP,44,24,Júnior,4055.91,Tecnologia,EAD,Iniciativa Privada,9,17,1,0
1872,201,2025-10-07T00:00:00.000000000,RS,51,26,Júnior,2017.07,Exatas,Presencial,Autônomo/PJ,9,68,0,0
1873,303,2025-02-05T00:00:00.000000000,GO,34,24,Sênior,11316.82,Humanas,Presencial,Iniciativa Privada,6,56,0,0
1874,102,2026-07-11T00:00:00.000000000,RJ,67,32,Sênior,13602.19,Tecnologia,EAD,Iniciativa Privada,7,70,0,0
1875,302,2026-06-24T00:00:00.000000000,SP,118,34,Sênior,10567.52,Humanas,Presencial,Iniciativa Privada,9,22,1,0
1876,304,2025-06-03T00:00:00.000000000,SP,98,33,Gestão,17240.81,Humanas,Presencial,Autônomo/PJ,8,18,0,1
1877,301,2025-01-23T00:00:00.000000000,BA,67,28,Sênior,11812.0,Humanas,EAD,Iniciativa Privada,9,18,1,0
1878,202,2025-04-01T00:00:00.000000000,SP,113,34,Sênior,10389.13,Exatas,EAD,Iniciativa Privada,9,57,0,0
1879,304,2026-01-25T00:00:00.000000000,SP,62,25,Sênior,9926.32,Humanas,Presencial,Iniciativa Privada,10,82,0,1
1880,101,2025-12-25T00:00:00.000000000,SP,21,22,Júnior,3395.87,Tecnologia,EAD,Setor Público,7,48,1,0
1881,102,2026-07-04T00:00:00.000000000,SP,61,28,Sênior,11386.45,Tecnologia,Presencial,Autônomo/PJ,9,44,0,0
1882,302,2025-08-16T00:00:00.000000000,SP,113,29,Sênior,11042.74,Humanas,Presencial,Iniciativa Privada,6,27,0,0
1883,401,2025-07-21T00:00:00.000000000,PR,116,31,Sem vínculo,0.0,Biológicas,Presencial,Desempregado,6,74,1,0
1884,101,2025-12-16T00:00:00.000000000,SP,15,28,Sem vínculo,0.0,Tecnologia,Presencial,Desempregado,10,49,0,0
1885,201,2025-02-07T00:00:00.000000000,MG,35,29,Pleno,9571.97,Exatas,EAD,Iniciativa Privada,9,10,1,0
1886,402,2026-05-15T00:00:00.000000000,SP,30,24,Pleno,5280.09,Biológicas,Presencial,Autônomo/PJ,7,54,1,0
1887,402,2025-02-12T00:00:00.000000000,SP,108,32,Sênior,11264.92,Biológicas,Híbrido,Autônomo/PJ,4,8,0,0
1888,104,2026-06-01T00:00:00.000000000,GO,89,32,Sênior,13180.36,Tecnologia,Presencial,ONG,4,13,0,0
1889,203,2025-03-09T00:00:00.000000000,SP,10,26,Júnior,1760.24,Exatas,Híbrido,Iniciativa Privada,5,97,0,0
1890,101,2025-05-03T00:00:00.000000000,SC,70,32,Sênior,11683.95,Tecnologia,Presencial,Iniciativa Privada,6,92,1,0
1891,302,2025-12-02T00:00:00.000000000,RJ,99,34,Sênior,10849.93,Humanas,Presencial,Iniciativa Privada,4,20,1,0
1892,102,2025-06-02T00:00:00.000000000,SP,54,26,Pleno,6441.16,Tecnologia,Presencial,ONG,5,47,1,0
1893,301,2025-06-11T00:00:00.000000000,BA,8,26,Júnior,4203.36,Humanas,EAD,Iniciativa Privada,4,57,0,0
1894,403,2025-08-02T00:00:00.000000000,SP,50,28,Pleno,4388.89,Biológicas,EAD,Iniciativa Privada,7,68,1,0
1895,401,2026-01-11T00:00:00.000000000,RS,19,24,Júnior,4540.47,Biológicas,EAD,Iniciativa Privada,9,96,0,0
1896,403,2026-03-19T00:00:00.000000000,SP,35,22,Pleno,6806.17,Biológicas,EAD,Iniciativa Privada,6,8,0,0
1897,102,2026-02-27T00:00:00.000000000,RS,119,32,Gestão,15987.43,Tecnologia,Presencial,Setor Público,4,66,1,0
1898,103,2026-06-22T00:00:00.000000000,SP,73,27,Pleno,5685.73,Tecnologia,Presencial,Iniciativa Privada,7,77,0,0
1899,304,2025-08-18T00:00:00.000000000,RJ,23,26,Júnior,1525.19,Humanas,Presencial,Iniciativa Privada,5,17,1,0
1900,202,2025-02-28T00:00:00.000000000,PR,67,30,Sem vínculo,0.0,Exatas,Presencial,Desempregado,7,11,0,0
1901,104,2025-04-06T00:00:00.000000000,GO,42,26,Pleno,6462.67,Tecnologia,EAD,Iniciativa Privada,5,86,0,0
1902,201,2025-09-19T00:00:00.000000000,GO,30,24,Pleno,6420.24,Exatas,Híbrido,Autônomo/PJ,4,77,1,0
1903,401,2025-12-20T00:00:00.000000000,SC,53,26,Júnior,3019.45,Biológicas,Presencial,Iniciativa Privada,9,15,1,0
1904,401,2025-11-08T00:00:00.000000000,RS,70,29,Gestão,16279.93,Biológicas,EAD,Iniciativa Privada,8,36,1,1
1905,103,2025-05-16T00:00:00.000000000,SP,58,28,Pleno,8599.88,Tecnologia,Presencial,Autônomo/PJ,9,19,1,0
1906,202,2026-04-18T00:00:00.000000000,SP,115,34,Gestão,17678.35,Exatas,Presencial,Autônomo/PJ,7,19,1,0
1907,201,2026-03-06T00:00:00.000000000,SP,84,31,Gestão,16083.17,Exatas,Presencial,Iniciativa Privada,8,14,0,0
1908,401,2026-06-21T00:00:00.000000000,SP,78,33,Sem vínculo,0.0,Biológicas,Presencial,Desempregado,6,24,1,0
1909,202,2025-05-26T00:00:00.000000000,SP,20,28,Sem vínculo,0.0,Exatas,Presencial,Desempregado,8,16,1,0
1910,401,2026-06-08T00:00:00.000000000,RJ,54,24,Sem vínculo,0.0,Biológicas,Presencial,Desempregado,9,11,1,0
1911,304,2025-03-28T00:00:00.000000000,SP,93,31,Sênior,11114.94,Humanas,Presencial,Iniciativa Privada,6,41,0,0
1912,402,2025-04-19T00:00:00.000000000,MG,73,26,Sênior,10986.11,Biológicas,Presencial,Iniciativa Privada,10,38,0,1
1913,302,2026-02-27T00:00:00.000000000,SP,17,25,Júnior,2653.21,Humanas,Presencial,Setor Público,4,55,1,0
1914,402,2025-12-11T00:00:00.000000000,SP,64,30,Gestão,17268.92,Biológicas,Presencial,Setor Público,4,52,0,0
1915,404,2025-09-23T00:00:00.000000000,RJ,42,28,Pleno,7019.41,Biológicas,Híbrido,Iniciativa Privada,7,70,0,0
1916,102,2026-05-09T00:00:00.000000000,PR,66,25,Sênior,11138.64,Tecnologia,EAD,Autônomo/PJ,8,71,1,0
1917,104,2025-11-29T00:00:00.000000000,PR,106,31,Gestão,15233.11,Tecnologia,Híbrido,Iniciativa Privada,6,87,1,0
1918,402,2026-02-17T00:00:00.000000000,MG,48,29,Pleno,7532.69,Biológicas,EAD,Iniciativa Privada,6,46,0,0
1919,103,2025-07-10T00:00:00.000000000,SP,75,29,Sênior,9544.97,Tecnologia,EAD,Iniciativa Privada,8,24,0,0
1920,201,2025-05-22T00:00:00.000000000,RJ,44,25,Pleno,6018.22,Exatas,Presencial,Autônomo/PJ,9,84,1,0
1921,403,2025-03-14T00:00:00.000000000,SP,61,32,Sênior,11383.22,Biológicas,EAD,Iniciativa Privada,10,49,1,0
1922,401,2025-06-16T00:00:00.000000000,SP,68,25,Gestão,15783.37,Biológicas,Presencial,Autônomo/PJ,4,32,0,0
1923,104,2025-06-17T00:00:00.000000000,RJ,51,30,Júnior,2079.27,Tecnologia,Presencial,Setor Público,9,73,1,0
1924,203,2026-07-20T00:00:00.000000000,SP,93,32,Gestão,16509.57,Exatas,Presencial,Autônomo/PJ,4,85,0,0
1925,202,2025-09-16T00:00:00.000000000,SP,16,22,Sem vínculo,0.0,Exatas,Presencial,Desempregado,6,82,1,0
1926,101,2026-03-15T00:00:00.000000000,BA,67,27,Sênior,12664.56,Tecnologia,Presencial,Setor Público,7,28,1,0
1927,401,2025-04-21T00:00:00.000000000,BA,82,29,Sem vínculo,0.0,Biológicas,Híbrido,Desempregado,10,2,1,0
1928,303,2026-06-15T00:00:00.000000000,SP,103,33,Gestão,17521.88,Humanas,Presencial,Iniciativa Privada,4,38,1,0
1929,404,2025-10-17T00:00:00.000000000,SP,30,22,Pleno,8404.28,Biológicas,Híbrido,Iniciativa Privada,5,3,1,0
1930,103,2026-07-16T00:00:00.000000000,SP,76,32,Sênior,11720.42,Tecnologia,Presencial,Iniciativa Privada,6,36,0,0
1931,204,2026-05-25T00:00:00.000000000,SP,57,28,Pleno,8682.56,Exatas,EAD,Iniciativa Privada,8,94,0,1
1932,404,2025-06-24T00:00:00.000000000,GO,9,26,Júnior,5085.48,Biológicas,EAD,Autônomo/PJ,8,5,1,0
1933,201,2025-10-29T00:00:00.000000000,SP,64,26,Gestão,17059.91,Exatas,EAD,Iniciativa Privada,9,91,1,0
1934,103,2025-07-04T00:00:00.000000000,PR,77,29,Sênior,12724.0,Tecnologia,Presencial,Iniciativa Privada,9,9,1,0
1935,403,2025-12-05T00:00:00.000000000,SP,25,24,Sênior,13848.99,Biológicas,EAD,Setor Público,6,11,0,0
1936,404,2026-05-25T00:00:00.000000000,BA,98,34,Gestão,17891.53,Biológicas,Presencial,Setor Público,9,65,0,1
1937,203,2025-11-06T00:00:00.000000000,SP,68,25,Sênior,10414.75,Exatas,Presencial,Iniciativa Privada,9,2,1,0
1938,202,2026-05-22T00:00:00.000000000,PR,59,25,Pleno,5749.84,Exatas,EAD,Autônomo/PJ,6,64,1,0
1939,102,2025-12-12T00:00:00.000000000,SP,114,29,Gestão,18263.31,Tecnologia,Presencial,Iniciativa Privada,4,63,1,0
1940,403,2025-03-22T00:00:00.000000000,MG,115,34,Gestão,15558.02,Biológicas,Presencial,Iniciativa Privada,6,34,1,0
1941,403,2026-01-09T00:00:00.000000000,SP,79,30,Sênior,12701.84,Biológicas,Presencial,Setor Público,6,23,0,0
1942,104,2025-06-05T00:00:00.000000000,SP,112,31,Sênior,12258.69,Tecnologia,Híbrido,Setor Público,9,46,1,0
1943,102,2026-03-08T00:00:00.000000000,GO,103,28,Gestão,16396.93,Tecnologia,EAD,Iniciativa Privada,5,51,0,0
1944,402,2026-05-15T00:00:00.000000000,GO,62,28,Pleno,8206.35,Biológicas,Presencial,ONG,8,33,1,0
1945,101,2025-05-27T00:00:00.000000000,RS,95,32,Pleno,4193.88,Tecnologia,Presencial,Iniciativa Privada,9,83,1,1
1946,404,2026-04-26T00:00:00.000000000,MG,46,28,Pleno,7998.45,Biológicas,Presencial,Iniciativa Privada,4,79,0,0
1947,401,2026-03-11T00:00:00.000000000,SC,118,31,Sênior,13068.95,Biológicas,Presencial,Iniciativa Privada,7,93,1,1
1948,402,2026-06-03T00:00:00.000000000,SP,8,25,Júnior,3358.44,Biológicas,EAD,Setor Público,4,24,0,0
1949,304,2025-03-10T00:00:00.000000000,SP,11,23,Pleno,5640.59,Humanas,EAD,Autônomo/PJ,8,68,1,0
1950,203,2025-07-05T00:00:00.000000000,SP,10,20,Júnior,1635.31,Exatas,EAD,Iniciativa Privada,7,28,0,0
1951,104,2025-07-23T00:00:00.000000000,MG,10,22,Júnior,2395.57,Tecnologia,Híbrido,Iniciativa Privada,6,100,1,0
1952,303,2026-07-08T00:00:00.000000000,SP,59,31,Pleno,5077.83,Humanas,EAD,Autônomo/PJ,5,91,0,0
1953,203,2025-01-13T00:00:00.000000000,SP,52,29,Pleno,6757.62,Exatas,EAD,Iniciativa Privada,5,63,1,0
1954,204,2025-10-01T00:00:00.000000000,MG,92,32,Pleno,7546.8,Exatas,EAD,Iniciativa Privada,8,52,1,0
1955,103,2025-10-25T00:00:00.000000000,SC,54,27,Pleno,5211.88,Tecnologia,EAD,Setor Público,9,57,0,0
1956,101,2025-02-20T00:00:00.000000000,SP,14,25,Júnior,4362.35,Tecnologia,Híbrido,Iniciativa Privada,8,40,1,0
1957,102,2026-05-15T00:00:00.000000000,SP,104,32,Pleno,6159.52,Tecnologia,EAD,ONG,5,86,1,0
1958,403,2026-01-04T00:00:00.000000000,SP,25,28,Pleno,5969.96,Biológicas,Presencial,Iniciativa Privada,10,95,1,1
1959,201,2025-12-23T00:00:00.000000000,SP,118,34,Gestão,18370.94,Exatas,Híbrido,Autônomo/PJ,7,50,0,0
1960,103,2025-01-03T00:00:00.000000000,SP,66,32,Gestão,19145.23,Tecnologia,EAD,Iniciativa Privada,7,17,1,0
1961,202,2025-09-11T00:00:00.000000000,MG,111,29,Gestão,14669.9,Exatas,Presencial,ONG,9,40,0,0
1962,101,2026-04-20T00:00:00.000000000,MG,40,25,Sênior,12289.46,Tecnologia,EAD,Iniciativa Privada,4,98,1,0
1963,402,2026-05-21T00:00:00.000000000,MG,55,29,Pleno,4773.78,Biológicas,Presencial,Setor Público,6,60,0,0
1964,202,2025-09-13T00:00:00.000000000,SP,87,28,Sênior,11755.68,Exatas,EAD,Setor Público,9,23,0,0
1965,101,2025-05-30T00:00:00.000000000,SC,67,27,Gestão,16120.82,Tecnologia,Híbrido,Iniciativa Privada,7,46,0,0
1966,101,2026-05-03T00:00:00.000000000,SP,22,27,Júnior,5958.58,Tecnologia,Presencial,Iniciativa Privada,6,27,1,0
1967,401,2025-10-06T00:00:00.000000000,RJ,93,31,Sênior,12411.04,Biológicas,Híbrido,Autônomo/PJ,8,35,1,0
1968,204,2025-02-28T00:00:00.000000000,SC,8,27,Sem vínculo,0.0,Exatas,EAD,Desempregado,7,20,1,0
1969,101,2026-03-22T00:00:00.000000000,SP,37,28,Sênior,10431.28,Tecnologia,EAD,Iniciativa Privada,7,55,1,0
1970,201,2025-04-23T00:00:00.000000000,SP,104,31,Sênior,11108.85,Exatas,Presencial,Iniciativa Privada,7,68,1,0
1971,101,2026-07-23T00:00:00.000000000,RS,107,29,Gestão,16930.52,Tecnologia,Presencial,Autônomo/PJ,4,25,1,0
1972,101,2026-05-04T00:00:00.000000000,SP,18,26,Júnior,2107.83,Tecnologia,Presencial,Iniciativa Privada,9,53,1,0
1973,403,2026-02-11T00:00:00.000000000,MG,116,36,Sem vínculo,0.0,Biológicas,Presencial,Desempregado,8,86,1,0
1974,104,2026-01-02T00:00:00.000000000,SP,94,33,Gestão,17146.91,Tecnologia,Presencial,Setor Público,5,43,1,0
1975,402,2025-03-01T00:00:00.000000000,MG,78,26,Sênior,12800.89,Biológicas,EAD,Setor Público,4,32,1,0
1976,201,2025-11-25T00:00:00.000000000,SP,73,27,Gestão,14914.63,Exatas,Híbrido,Iniciativa Privada,4,25,1,0
1977,103,2026-04-14T00:00:00.000000000,SP,19,27,Júnior,2901.18,Tecnologia,Presencial,Iniciativa Privada,7,21,1,0
1978,403,2026-07-21T00:00:00.000000000,MG,106,33,Sênior,13206.67,Biológicas,Presencial,Setor Público,4,19,0,0
1979,203,2025-03-04T00:00:00.000000000,SP,103,28,Sem vínculo,0.0,Exatas,EAD,Desempregado,9,1,0,0
1980,302,2025-07-03T00:00:00.000000000,SP,16,22,Sem vínculo,0.0,Humanas,Presencial,Desempregado,9,40,1,0
1981,401,2025-11-07T00:00:00.000000000,SP,110,29,Sênior,13838.56,Biológicas,Híbrido,Iniciativa Privada,9,53,0,1
1982,404,2026-06-22T00:00:00.000000000,SP,61,25,Sênior,12083.55,Biológicas,EAD,Iniciativa Privada,5,56,1,0
1983,104,2025-06-26T00:00:00.000000000,SP,72,27,Sênior,10318.07,Tecnologia,EAD,Iniciativa Privada,4,17,1,0
1984,103,2026-07-29T00:00:00.000000000,SP,97,29,Gestão,17872.7,Tecnologia,Presencial,ONG,10,4,1,0
1985,202,2026-03-05T00:00:00.000000000,GO,34,22,Pleno,7582.28,Exatas,Presencial,Iniciativa Privada,9,95,1,1
1986,102,2025-03-14T00:00:00.000000000,SP,14,27,Júnior,3713.93,Tecnologia,Presencial,Iniciativa Privada,4,45,0,0
1987,202,2025-06-16T00:00:00.000000000,RJ,72,33,Sênior,10896.17,Exatas,Presencial,Iniciativa Privada,7,74,1,0
1988,104,2025-08-13T00:00:00.000000000,SP,30,26,Pleno,7282.45,Tecnologia,EAD,Iniciativa Privada,8,20,1,0
1989,203,2026-07-31T00:00:00.000000000,SP,103,29,Sem vínculo,0.0,Exatas,Presencial,Desempregado,9,21,0,0
1990,101,2025-01-09T00:00:00.000000000,GO,81,31,Sênior,11279.39,Tecnologia,Presencial,Iniciativa Privada,5,2,0,0
1991,404,2025-08-24T00:00:00.000000000,SP,47,25,Pleno,7389.15,Biológicas,EAD,Iniciativa Privada,7,8,0,0
1992,303,2025-01-28T00:00:00.000000000,BA,14,24,Júnior,2319.76,Humanas,Presencial,Iniciativa Privada,4,1,1,0
1993,103,2025-01-27T00:00:00.000000000,SP,84,27,Sênior,10419.96,Tecnologia,Presencial,Iniciativa Privada,9,27,0,0
1994,401,2026-07-04T00:00:00.000000000,PR,45,23,Pleno,7303.79,Biológicas,EAD,Iniciativa Privada,5,33,0,0
1995,101,2025-07-15T00:00:00.000000000,RJ,30,25,Pleno,5321.61,Tecnologia,Presencial,Iniciativa Privada,10,52,0,0
1996,201,2025-07-22T00:00:00.000000000,RS,10,24,Júnior,3352.89,Exatas,Presencial,Setor Público,6,58,1,0
1997,102,2025-03-26T00:00:00.000000000,MG,16,24,Júnior,3204.67,Tecnologia,Presencial,Iniciativa Privada,9,9,1,0
1998,401,2025-01-30T00:00:00.000000000,RJ,64,26,Gestão,15655.25,Biológicas,EAD,Iniciativa Privada,10,82,1,1
1999,203,2026-04-11T00:00:00.000000000,SP,103,31,Sênior,10630.66,Exatas,Presencial,Iniciativa Privada,10,92,1,0
2000,101,2025-04-09T00:00:00.000000000,SP,93,27,Pleno,4108.29,Tecnologia,Presencial,Autônomo/PJ,9,1,0,0
2001,403,2025-07-09T00:00:00.000000000,GO,84,30,Sênior,11651.64,Biológicas,Presencial,Setor Público,4,47,1,0
2002,104,2025-01-12T00:00:00.000000000,SP,43,25,Sênior,10039.6,Tecnologia,Presencial,Setor Público,8,5,0,0
2003,402,2025-01-30T00:00:00.000000000,SP,77,31,Sênior,10547.5,Biológicas,Presencial,Setor Público,4,43,0,0
2004,104,2025-02-07T00:00:00.000000000,PR,10,21,Júnior,4062.93,Tecnologia,EAD,Setor Público,8,53,0,0
2005,404,2026-07-26T00:00:00.000000000,SP,53,27,Júnior,5243.66,Biológicas,EAD,Iniciativa Privada,6,70,0,0
2006,303,2025-10-21T00:00:00.000000000,BA,95,27,Sem vínculo,0.0,Humanas,EAD,Desempregado,7,35,0,0
2007,404,2025-12-26T00:00:00.000000000,PR,23,27,Júnior,3077.56,Biológicas,Presencial,Iniciativa Privada,7,7,1,0
2008,403,2025-06-29T00:00:00.000000000,MG,75,31,Gestão,15882.35,Biológicas,Presencial,Iniciativa Privada,10,82,0,1
2009,401,2025-04-22T00:00:00.000000000,RS,42,24,Júnior,2928.38,Biológicas,EAD,Autônomo/PJ,9,9,1,0
2010,201,2026-03-20T00:00:00.000000000,SP,65,25,Gestão,15484.83,Exatas,EAD,Iniciativa Privada,7,32,1,0
2011,403,2025-01-21T00:00:00.000000000,SP,53,28,Sem vínculo,0.0,Biológicas,Híbrido,Desempregado,5,100,1,0
2012,301,2025-05-25T00:00:00.000000000,RJ,82,28,Sênior,12264.95,Humanas,Presencial,Iniciativa Privada,8,90,1,1
2013,102,2026-05-14T00:00:00.000000000,SP,33,29,Sênior,9266.33,Tecnologia,Presencial,ONG,4,92,1,0
2014,404,2025-05-26T00:00:00.000000000,PR,74,30,Sênior,11932.56,Biológicas,EAD,Autônomo/PJ,5,18,0,0
2015,202,2026-03-17T00:00:00.000000000,GO,82,33,Sem vínculo,0.0,Exatas,Híbrido,Desempregado,5,17,1,0
2016,104,2026-02-25T00:00:00.000000000,RJ,86,29,Sem vínculo,0.0,Tecnologia,Híbrido,Desempregado,4,50,0,0
2017,201,2025-11-12T00:00:00.000000000,SP,119,32,Sênior,11873.83,Exatas,Híbrido,ONG,6,22,0,0
2018,302,2025-06-15T00:00:00.000000000,BA,45,24,Pleno,7978.38,Humanas,Híbrido,Autônomo/PJ,10,0,0,0
2019,201,2025-07-22T00:00:00.000000000,RJ,50,27,Sênior,11311.3,Exatas,EAD,Iniciativa Privada,7,58,0,0
2020,204,2026-05-11T00:00:00.000000000,RJ,101,30,Pleno,4915.48,Exatas,Presencial,Iniciativa Privada,6,2,1,0
2021,103,2026-04-13T00:00:00.000000000,SP,67,27,Gestão,17417.53,Tecnologia,EAD,Setor Público,6,9,0,0
2022,303,2026-01-20T00:00:00.000000000,GO,98,30,Sem vínculo,0.0,Humanas,Presencial,Desempregado,7,70,1,0
2023,402,2025-11-10T00:00:00.000000000,MG,63,32,Sênior,12361.28,Biológicas,Presencial,Autônomo/PJ,6,48,1,0
2024,201,2025-09-12T00:00:00.000000000,PR,72,31,Sem vínculo,0.0,Exatas,EAD,Desempregado,5,55,1,0
2025,301,2025-01-23T00:00:00.000000000,SC,61,25,Sênior,12832.06,Humanas,EAD,Autônomo/PJ,9,89,1,1
2026,102,2025-12-05T00:00:00.000000000,SP,45,24,Pleno,6029.03,Tecnologia,EAD,Iniciativa Privada,4,15,0,0
2027,103,2026-05-08T00:00:00.000000000,RJ,103,31,Pleno,7298.67,Tecnologia,Presencial,Iniciativa Privada,9,38,1,0
2028,204,2026-05-26T00:00:00.000000000,SC,45,26,Pleno,6852.0,Exatas,Presencial,Iniciativa Privada,5,95,1,0
2029,102,2026-01-01T00:00:00.000000000,SP,96,32,Sênior,11008.58,Tecnologia,Híbrido,Iniciativa Privada,9,75,1,0
2030,304,2026-01-07T00:00:00.000000000,PR,82,33,Sênior,10359.36,Humanas,EAD,Setor Público,5,43,1,0
2031,303,2025-08-07T00:00:00.000000000,GO,114,31,Sem vínculo,0.0,Humanas,Presencial,Desempregado,8,7,1,0
2032,201,2026-04-20T00:00:00.000000000,MG,38,29,Sênior,10792.9,Exatas,EAD,Autônomo/PJ,7,7,1,0
2033,203,2026-02-27T00:00:00.000000000,PR,11,22,Júnior,3068.16,Exatas,Híbrido,Iniciativa Privada,7,44,0,0
2034,402,2025-12-22T00:00:00.000000000,SC,93,29,Sênior,9746.29,Biológicas,Presencial,Iniciativa Privada,9,10,1,0
2035,101,2026-04-05T00:00:00.000000000,SC,24,28,Pleno,7318.43,Tecnologia,Presencial,Iniciativa Privada,5,96,1,0
2036,202,2026-05-18T00:00:00.000000000,SP,85,30,Sênior,12816.7,Exatas,Presencial,Iniciativa Privada,7,24,0,0
2037,402,2025-01-27T00:00:00.000000000,SP,45,27,Pleno,9207.67,Biológicas,Presencial,Iniciativa Privada,8,16,1,0
2038,403,2025-08-11T00:00:00.000000000,RJ,97,28,Gestão,15847.92,Biológicas,Presencial,Iniciativa Privada,9,94,0,1
2039,202,2025-05-28T00:00:00.000000000,MG,102,34,Sênior,11814.2,Exatas,Presencial,Iniciativa Privada,4,82,1,0
2040,203,2026-02-28T00:00:00.000000000,RJ,64,32,Gestão,18074.53,Exatas,Presencial,Iniciativa Privada,6,54,1,0
2041,101,2025-12-17T00:00:00.000000000,PR,64,30,Sem vínculo,0.0,Tecnologia,Presencial,Desempregado,10,78,1,0
2042,103,2025-07-05T00:00:00.000000000,SP,53,25,Pleno,8316.67,Tecnologia,Presencial,Iniciativa Privada,7,55,1,0
2043,301,2026-02-19T00:00:00.000000000,MG,46,30,Pleno,4216.0,Humanas,Híbrido,Iniciativa Privada,5,43,1,0
2044,103,2026-03-05T00:00:00.000000000,SP,18,27,Pleno,5523.14,Tecnologia,EAD,Iniciativa Privada,7,52,0,0
2045,404,2025-02-10T00:00:00.000000000,PR,112,29,Sênior,12363.84,Biológicas,Presencial,Iniciativa Privada,5,34,0,0
2046,204,2026-01-28T00:00:00.000000000,RJ,50,27,Pleno,6443.83,Exatas,Presencial,Setor Público,9,38,0,0
2047,102,2025-03-20T00:00:00.000000000,SP,94,32,Gestão,15066.92,Tecnologia,Presencial,Autônomo/PJ,9,1,0,0
2048,103,2026-06-28T00:00:00.000000000,SP,58,29,Sênior,12759.89,Tecnologia,EAD,Iniciativa Privada,6,97,1,0
2049,203,2026-03-26T00:00:00.000000000,PR,47,28,Pleno,7115.22,Exatas,EAD,Setor Público,7,24,0,0
2050,101,2026-04-19T00:00:00.000000000,RJ,105,30,Gestão,16000.25,Tecnologia,Híbrido,Iniciativa Privada,6,37,1,0
2051,302,2025-05-22T00:00:00.000000000,SP,68,26,Gestão,17210.06,Humanas,EAD,Setor Público,5,67,0,0
2052,403,2025-09-08T00:00:00.000000000,BA,32,25,Pleno,5938.22,Biológicas,Híbrido,Iniciativa Privada,8,79,0,0
2053,402,2025-10-21T00:00:00.000000000,PR,43,26,Sênior,10176.73,Biológicas,Presencial,Iniciativa Privada,8,31,0,0
2054,304,2025-05-16T00:00:00.000000000,BA,65,30,Gestão,16497.58,Humanas,Híbrido,Autônomo/PJ,10,78,0,1
2055,403,2026-04-29T00:00:00.000000000,RJ,12,24,Júnior,1521.22,Biológicas,EAD,Autônomo/PJ,4,77,0,0
2056,303,2025-11-08T00:00:00.000000000,RJ,10,21,Júnior,5264.86,Humanas,Presencial,Autônomo/PJ,5,40,1,0
2057,202,2026-07-09T00:00:00.000000000,RS,112,30,Gestão,18681.89,Exatas,Presencial,Iniciativa Privada,5,78,0,0
2058,303,2025-02-15T00:00:00.000000000,RJ,50,28,Júnior,2293.3,Humanas,Presencial,Iniciativa Privada,5,70,0,0
2059,102,2025-08-24T00:00:00.000000000,PR,63,31,Sem vínculo,0.0,Tecnologia,Presencial,Desempregado,9,6,1,0
2060,103,2025-02-17T00:00:00.000000000,SP,36,29,Pleno,7852.55,Tecnologia,EAD,Iniciativa Privada,9,71,0,1
2061,301,2025-07-17T00:00:00.000000000,RJ,28,26,Pleno,5516.41,Humanas,EAD,Iniciativa Privada,8,82,1,0
2062,402,2025-03-25T00:00:00.000000000,SP,47,23,Pleno,7799.42,Biológicas,Presencial,Iniciativa Privada,8,17,1,0
2063,203,2026-06-27T00:00:00.000000000,SP,15,27,Júnior,5046.3,Exatas,Presencial,Iniciativa Privada,10,16,1,0
2064,204,2025-06-10T00:00:00.000000000,SP,37,24,Pleno,7722.2,Exatas,Híbrido,Iniciativa Privada,10,81,1,1
2065,203,2026-03-04T00:00:00.000000000,SP,112,30,Pleno,4102.41,Exatas,Presencial,Iniciativa Privada,8,82,0,0
2066,204,2025-03-12T00:00:00.000000000,BA,58,30,Sênior,10912.05,Exatas,Presencial,Iniciativa Privada,7,76,1,0
2067,204,2026-06-04T00:00:00.000000000,SP,35,23,Sem vínculo,0.0,Exatas,Presencial,Desempregado,7,58,1,0
2068,401,2025-02-21T00:00:00.000000000,MG,44,27,Pleno,7745.12,Biológicas,Híbrido,Iniciativa Privada,8,10,1,0
2069,202,2025-02-14T00:00:00.000000000,SC,36,28,Sênior,12613.56,Exatas,EAD,Iniciativa Privada,6,50,0,0
2070,103,2025-10-20T00:00:00.000000000,MG,87,32,Pleno,5451.16,Tecnologia,Presencial,Setor Público,7,6,0,0
2071,301,2026-04-10T00:00:00.000000000,SP,105,31,Sênior,11661.77,Humanas,Presencial,Setor Público,9,26,1,1
2072,203,2026-07-04T00:00:00.000000000,PR,7,27,Júnior,4701.24,Exatas,Presencial,Iniciativa Privada,7,58,0,0
2073,304,2026-01-15T00:00:00.000000000,MG,83,33,Gestão,18187.63,Humanas,Presencial,Autônomo/PJ,7,36,0,0
2074,202,2026-04-23T00:00:00.000000000,PR,82,31,Sênior,12805.81,Exatas,EAD,Iniciativa Privada,7,4,0,0
2075,303,2025-09-19T00:00:00.000000000,PR,98,30,Gestão,17787.71,Humanas,Presencial,Autônomo/PJ,10,61,1,1
2076,103,2025-06-28T00:00:00.000000000,BA,17,25,Júnior,4620.91,Tecnologia,Presencial,Iniciativa Privada,10,71,1,0
2077,104,2025-12-23T00:00:00.000000000,MG,44,24,Sênior,12541.13,Tecnologia,EAD,Iniciativa Privada,4,73,1,0
2078,203,2026-02-23T00:00:00.000000000,SP,71,31,Sênior,12408.55,Exatas,Presencial,ONG,7,100,1,0
2079,303,2025-07-20T00:00:00.000000000,MG,101,33,Gestão,16699.94,Humanas,Híbrido,Setor Público,6,89,0,1
2080,104,2025-01-13T00:00:00.000000000,SP,18,25,Júnior,3009.55,Tecnologia,Presencial,Iniciativa Privada,10,78,0,1
2081,201,2026-03-19T00:00:00.000000000,RS,51,29,Pleno,7862.6,Exatas,Presencial,Iniciativa Privada,4,54,0,0
2082,404,2025-10-13T00:00:00.000000000,SP,32,22,Pleno,5237.77,Biológicas,Híbrido,Iniciativa Privada,9,15,1,0
2083,101,2025-09-15T00:00:00.000000000,SP,118,30,Pleno,6068.85,Tecnologia,Presencial,Setor Público,9,92,1,1
2084,402,2026-07-24T00:00:00.000000000,SC,110,29,Gestão,16691.13,Biológicas,Presencial,Iniciativa Privada,7,91,0,1
2085,401,2026-07-02T00:00:00.000000000,MG,22,22,Júnior,3980.56,Biológicas,Presencial,Iniciativa Privada,5,73,1,0
2086,401,2026-05-05T00:00:00.000000000,SP,109,33,Gestão,17394.33,Biológicas,Presencial,Iniciativa Privada,4,55,1,0
2087,402,2026-05-13T00:00:00.000000000,RJ,100,31,Sênior,14129.84,Biológicas,Híbrido,Autônomo/PJ,10,50,1,1
2088,201,2025-11-29T00:00:00.000000000,RS,103,33,Sênior,11597.14,Exatas,Presencial,Autônomo/PJ,9,67,0,0
2089,304,2026-07-16T00:00:00.000000000,SP,65,30,Pleno,6113.54,Humanas,Presencial,Autônomo/PJ,7,45,0,0
2090,301,2025-02-01T00:00:00.000000000,RS,69,27,Gestão,16996.56,Humanas,EAD,Iniciativa Privada,6,60,0,1
2091,102,2025-02-12T00:00:00.000000000,SP,93,33,Sem vínculo,0.0,Tecnologia,Presencial,Desempregado,8,77,0,0
2092,104,2025-12-17T00:00:00.000000000,PR,114,29,Gestão,16266.23,Tecnologia,Híbrido,Setor Público,9,32,1,0
2093,102,2025-11-30T00:00:00.000000000,SC,40,28,Sênior,10436.14,Tecnologia,Presencial,ONG,7,54,0,0
2094,102,2026-07-13T00:00:00.000000000,SP,117,33,Sênior,11172.26,Tecnologia,Presencial,Iniciativa Privada,5,17,1,0
2095,303,2025-09-27T00:00:00.000000000,RJ,75,29,Gestão,18748.37,Humanas,Presencial,Iniciativa Privada,6,11,0,0
2096,403,2026-02-17T00:00:00.000000000,SP,88,33,Gestão,17922.83,Biológicas,Presencial,Autônomo/PJ,9,73,0,1
2097,402,2026-07-29T00:00:00.000000000,PR,35,26,Júnior,3625.58,Biológicas,Presencial,Iniciativa Privada,4,20,1,0
2098,102,2025-01-19T00:00:00.000000000,RJ,76,26,Gestão,17787.18,Tecnologia,Presencial,Iniciativa Privada,6,96,1,0
2099,102,2025-12-13T00:00:00.000000000,MG,79,28,Gestão,16600.02,Tecnologia,EAD,Autônomo/PJ,7,77,0,0
2100,303,2025-02-06T00:00:00.000000000,SP,110,34,Sênior,9901.31,Humanas,Presencial,Autônomo/PJ,10,72,1,1
2101,203,2025-04-02T00:00:00.000000000,SP,101,32,Sem vínculo,0.0,Exatas,Presencial,Desempregado,9,25,0,0
2102,401,2025-07-04T00:00:00.000000000,SP,103,34,Sênior,13562.89,Biológicas,Presencial,Setor Público,9,78,1,1
2103,301,2025-01-28T00:00:00.000000000,SP,68,26,Gestão,18967.92,Humanas,Presencial,Iniciativa Privada,5,20,0,0
2104,302,2026-07-02T00:00:00.000000000,MG,33,25,Pleno,6233.31,Humanas,Presencial,Iniciativa Privada,9,21,0,0
2105,104,2026-01-07T00:00:00.000000000,RS,65,31,Pleno,8642.24,Tecnologia,Presencial,Iniciativa Privada,10,54,1,0
2106,104,2026-06-14T00:00:00.000000000,MG,84,31,Sênior,10433.99,Tecnologia,Híbrido,Iniciativa Privada,6,45,1,0
2107,103,2025-12-11T00:00:00.000000000,RJ,99,31,Gestão,14832.33,Tecnologia,Presencial,Iniciativa Privada,9,40,0,0
2108,203,2026-02-23T00:00:00.000000000,BA,42,28,Sênior,10742.79,Exatas,Presencial,Iniciativa Privada,6,4,1,0
2109,403,2025-07-15T00:00:00.000000000,PR,98,29,Sênior,10927.5,Biológicas,Presencial,Setor Público,8,43,0,0
2110,102,2025-03-19T00:00:00.000000000,GO,27,24,Pleno,6172.23,Tecnologia,Presencial,Autônomo/PJ,10,15,1,0
2111,104,2025-06-16T00:00:00.000000000,RJ,73,32,Sem vínculo,0.0,Tecnologia,EAD,Desempregado,8,34,1,0
2112,301,2025-03-31T00:00:00.000000000,SP,25,24,Sênior,11389.93,Humanas,Presencial,Autônomo/PJ,7,4,0,0
2113,102,2025-09-21T00:00:00.000000000,SP,101,29,Gestão,16636.59,Tecnologia,Presencial,Autônomo/PJ,4,61,1,0
2114,401,2026-04-17T00:00:00.000000000,PR,105,31,Gestão,18127.17,Biológicas,Presencial,Setor Público,4,89,1,0
2115,101,2025-07-27T00:00:00.000000000,SP,119,34,Sem vínculo,0.0,Tecnologia,Híbrido,Desempregado,5,25,0,0
2116,402,2025-09-28T00:00:00.000000000,SP,73,30,Sênior,11129.84,Biológicas,Presencial,Setor Público,10,60,0,1
2117,401,2025-09-20T00:00:00.000000000,RJ,96,29,Sênior,12156.18,Biológicas,EAD,ONG,7,50,1,0
2118,404,2026-05-21T00:00:00.000000000,MG,69,25,Sem vínculo,0.0,Biológicas,Presencial,Desempregado,4,68,1,0
2119,101,2026-05-27T00:00:00.000000000,MG,22,24,Sem vínculo,0.0,Tecnologia,Presencial,Desempregado,9,55,0,0
2120,104,2026-07-30T00:00:00.000000000,SP,17,23,Júnior,3320.85,Tecnologia,EAD,Iniciativa Privada,6,49,0,0
2121,404,2026-06-08T00:00:00.000000000,SP,27,28,Pleno,6327.28,Biológicas,Presencial,Iniciativa Privada,7,35,0,0
2122,404,2025-11-08T00:00:00.000000000,MG,22,22,Júnior,3773.5,Biológicas,Presencial,Iniciativa Privada,6,23,0,0
2123,303,2025-06-23T00:00:00.000000000,BA,15,23,Júnior,2187.33,Humanas,Presencial,Iniciativa Privada,5,78,0,0
2124,201,2026-03-07T00:00:00.000000000,PR,70,28,Sênior,11345.47,Exatas,Presencial,Iniciativa Privada,10,29,1,0
2125,102,2026-04-08T00:00:00.000000000,GO,27,24,Pleno,4602.11,Tecnologia,Presencial,Iniciativa Privada,9,68,0,0
2126,402,2025-04-11T00:00:00.000000000,PR,95,28,Sênior,11897.36,Biológicas,Presencial,Iniciativa Privada,7,47,0,0
2127,101,2025-01-16T00:00:00.000000000,MG,87,30,Gestão,15745.41,Tecnologia,Presencial,Iniciativa Privada,9,21,1,0
2128,103,2025-09-15T00:00:00.000000000,SP,55,24,Sênior,11810.02,Tecnologia,Presencial,Autônomo/PJ,9,32,0,0
2129,103,2025-09-01T00:00:00.000000000,MG,19,22,Júnior,3283.24,Tecnologia,EAD,Iniciativa Privada,10,68,1,0
2130,304,2025-12-14T00:00:00.000000000,MG,69,29,Sênior,12490.54,Humanas,Presencial,Setor Público,9,95,0,1
2131,101,2025-09-06T00:00:00.000000000,MG,52,31,Pleno,7397.21,Tecnologia,Presencial,Autônomo/PJ,5,49,1,0
2132,201,2025-04-15T00:00:00.000000000,RJ,34,27,Pleno,6018.97,Exatas,EAD,Setor Público,10,22,1,0
2133,202,2025-10-14T00:00:00.000000000,RJ,81,27,Sem vínculo,0.0,Exatas,Presencial,Desempregado,8,9,0,0
2134,101,2025-06-18T00:00:00.000000000,SP,41,26,Pleno,7219.33,Tecnologia,Híbrido,Iniciativa Privada,5,35,1,0
2135,303,2026-02-24T00:00:00.000000000,RJ,104,34,Sênior,9640.91,Humanas,EAD,Iniciativa Privada,9,16,0,0
2136,101,2025-02-16T00:00:00.000000000,SP,57,29,Pleno,7471.99,Tecnologia,EAD,Iniciativa Privada,8,52,0,0
2137,102,2025-02-12T00:00:00.000000000,SC,81,27,Sênior,9640.97,Tecnologia,Presencial,Iniciativa Privada,7,90,1,0
2138,204,2025-11-17T00:00:00.000000000,SP,12,21,Júnior,3955.41,Exatas,EAD,Setor Público,6,7,1,0
2139,202,2025-08-09T00:00:00.000000000,SP,34,28,Pleno,6650.15,Exatas,EAD,Iniciativa Privada,6,43,1,0
2140,102,2026-05-28T00:00:00.000000000,RJ,16,21,Júnior,1500.0,Tecnologia,EAD,Iniciativa Privada,6,60,0,0
2141,404,2026-03-17T00:00:00.000000000,MG,38,27,Júnior,3478.21,Biológicas,Presencial,Iniciativa Privada,5,5,0,0
2142,402,2025-05-24T00:00:00.000000000,RJ,11,26,Pleno,7937.12,Biológicas,EAD,Iniciativa Privada,7,70,1,1
2143,202,2025-01-28T00:00:00.000000000,SP,116,31,Sênior,11654.57,Exatas,EAD,Setor Público,7,89,0,0
2144,201,2026-07-07T00:00:00.000000000,MG,84,34,Gestão,16799.41,Exatas,Presencial,Setor Público,8,80,1,0
2145,101,2025-06-16T00:00:00.000000000,SP,37,29,Pleno,7979.91,Tecnologia,EAD,Iniciativa Privada,7,36,1,0
2146,404,2025-09-06T00:00:00.000000000,GO,56,29,Pleno,6623.38,Biológicas,Presencial,Iniciativa Privada,6,53,1,0
2147,201,2025-12-23T00:00:00.000000000,GO,80,32,Gestão,17240.3,Exatas,EAD,Iniciativa Privada,7,22,1,0
2148,101,2025-04-21T00:00:00.000000000,RJ,63,28,Sênior,10946.32,Tecnologia,EAD,Iniciativa Privada,8,90,1,0
2149,402,2025-08-22T00:00:00.000000000,SP,92,34,Sênior,11255.14,Biológicas,Presencial,ONG,7,56,1,0
2150,203,2025-01-24T00:00:00.000000000,PR,31,25,Sênior,10531.25,Exatas,EAD,Iniciativa Privada,7,50,0,0
2151,201,2025-01-26T00:00:00.000000000,SP,103,30,Pleno,6048.74,Exatas,Híbrido,Autônomo/PJ,6,57,0,0
2152,103,2026-01-16T00:00:00.000000000,RJ,51,30,Pleno,5950.45,Tecnologia,Presencial,ONG,7,18,1,0
2153,101,2025-12-12T00:00:00.000000000,SP,103,28,Gestão,15800.25,Tecnologia,Presencial,Iniciativa Privada,5,26,0,0
2154,401,2026-01-13T00:00:00.000000000,GO,34,22,Pleno,6558.07,Biológicas,EAD,Iniciativa Privada,10,88,0,1
2155,304,2026-06-06T00:00:00.000000000,SP,9,21,Sem vínculo,0.0,Humanas,Presencial,Desempregado,8,24,1,0
2156,104,2025-01-17T00:00:00.000000000,MG,86,31,Gestão,19953.58,Tecnologia,Presencial,Autônomo/PJ,8,20,1,0
2157,204,2025-09-02T00:00:00.000000000,PR,104,33,Sênior,11766.65,Exatas,EAD,Iniciativa Privada,8,24,1,0
2158,203,2026-06-23T00:00:00.000000000,RJ,18,28,Júnior,4280.53,Exatas,Híbrido,Autônomo/PJ,7,50,0,0
2159,102,2025-07-21T00:00:00.000000000,SP,110,33,Sênior,11988.71,Tecnologia,Presencial,Autônomo/PJ,5,70,1,0
2160,201,2025-09-05T00:00:00.000000000,BA,44,29,Pleno,5894.4,Exatas,Presencial,Iniciativa Privada,10,34,1,1
2161,301,2025-04-28T00:00:00.000000000,RJ,20,25,Júnior,4565.71,Humanas,EAD,ONG,9,69,1,0
2162,101,2025-01-09T00:00:00.000000000,MG,34,23,Sênior,10999.44,Tecnologia,EAD,Iniciativa Privada,9,49,0,0
2163,103,2025-01-23T00:00:00.000000000,SP,34,26,Pleno,8113.07,Tecnologia,EAD,Iniciativa Privada,8,14,0,0
2164,104,2025-08-28T00:00:00.000000000,RJ,80,33,Sem vínculo,0.0,Tecnologia,Presencial,Desempregado,4,23,0,0
2165,202,2025-01-27T00:00:00.000000000,RJ,37,25,Pleno,6625.11,Exatas,Presencial,Autônomo/PJ,9,48,1,0
2166,203,2025-03-22T00:00:00.000000000,SP,7,21,Júnior,3613.66,Exatas,Presencial,Iniciativa Privada,9,67,1,0
2167,104,2025-07-18T00:00:00.000000000,SP,52,26,Pleno,6323.36,Tecnologia,EAD,Iniciativa Privada,6,6,1,0
2168,303,2026-07-09T00:00:00.000000000,SC,83,32,Pleno,6815.86,Humanas,Presencial,Setor Público,4,93,1,0
2169,202,2025-04-02T00:00:00.000000000,SP,89,28,Gestão,18385.67,Exatas,Híbrido,Autônomo/PJ,4,80,1,0
2170,304,2025-03-25T00:00:00.000000000,SP,27,28,Pleno,6249.75,Humanas,Presencial,Setor Público,8,53,1,0
2171,103,2025-10-27T00:00:00.000000000,RJ,80,32,Sem vínculo,0.0,Tecnologia,Híbrido,Desempregado,10,37,1,0
2172,202,2025-10-23T00:00:00.000000000,PR,32,26,Pleno,7230.87,Exatas,Presencial,ONG,10,93,1,1
2173,301,2026-03-30T00:00:00.000000000,SP,72,28,Sênior,10688.75,Humanas,EAD,Iniciativa Privada,4,44,1,0
2174,302,2025-10-08T00:00:00.000000000,MG,86,33,Sênior,12051.14,Humanas,Híbrido,Iniciativa Privada,4,8,0,0
2175,301,2025-02-28T00:00:00.000000000,SP,113,31,Sênior,11725.75,Humanas,Híbrido,Iniciativa Privada,9,54,1,1
2176,103,2025-12-08T00:00:00.000000000,SP,61,27,Gestão,16182.41,Tecnologia,Híbrido,Setor Público,5,82,0,0
2177,404,2026-04-10T00:00:00.000000000,SP,97,29,Sênior,12175.92,Biológicas,Presencial,Setor Público,6,51,1,0
2178,404,2025-12-08T00:00:00.000000000,SC,98,31,Gestão,17120.17,Biológicas,Presencial,Iniciativa Privada,7,76,1,1
2179,203,2025-03-03T00:00:00.000000000,SP,26,26,Pleno,6463.25,Exatas,Presencial,Iniciativa Privada,8,48,0,0
2180,404,2026-03-05T00:00:00.000000000,SP,52,30,Pleno,4903.6,Biológicas,Presencial,Iniciativa Privada,9,100,0,1
2181,204,2025-09-13T00:00:00.000000000,RJ,85,29,Sênior,11280.24,Exatas,Presencial,Iniciativa Privada,9,54,1,0
2182,101,2025-12-13T00:00:00.000000000,SC,106,33,Pleno,8182.1,Tecnologia,EAD,Iniciativa Privada,8,82,1,0
2183,303,2026-06-10T00:00:00.000000000,SP,64,28,Gestão,17949.21,Humanas,EAD,Iniciativa Privada,4,69,1,0
2184,402,2025-10-31T00:00:00.000000000,RJ,89,33,Sênior,11600.21,Biológicas,Presencial,Iniciativa Privada,7,75,1,0
2185,101,2025-09-02T00:00:00.000000000,SP,11,25,Júnior,6057.47,Tecnologia,EAD,Iniciativa Privada,9,78,1,1
2186,303,2026-02-16T00:00:00.000000000,RJ,24,26,Pleno,8285.24,Humanas,Presencial,Setor Público,7,2,1,0
2187,401,2025-08-05T00:00:00.000000000,MG,62,29,Sênior,14149.72,Biológicas,EAD,Iniciativa Privada,7,67,0,1
2188,402,2026-05-31T00:00:00.000000000,MG,74,28,Sênior,10625.39,Biológicas,Presencial,Autônomo/PJ,8,100,0,0
2189,102,2026-04-19T00:00:00.000000000,SP,8,22,Júnior,3112.3,Tecnologia,Presencial,Setor Público,8,37,0,0
2190,103,2025-02-05T00:00:00.000000000,SP,6,27,Júnior,1624.66,Tecnologia,Presencial,Setor Público,10,69,0,0
2191,102,2025-06-27T00:00:00.000000000,SP,63,32,Pleno,5105.74,Tecnologia,Híbrido,Autônomo/PJ,9,48,1,0
2192,201,2026-01-22T00:00:00.000000000,SP,43,29,Pleno,5390.34,Exatas,Híbrido,Iniciativa Privada,9,91,1,0
2193,402,2025-01-17T00:00:00.000000000,SP,20,22,Pleno,9754.71,Biológicas,Presencial,Iniciativa Privada,10,7,1,0
2194,201,2025-02-17T00:00:00.000000000,PR,39,26,Sem vínculo,0.0,Exatas,Presencial,Desempregado,10,94,1,0
2195,401,2025-03-03T00:00:00.000000000,BA,66,31,Gestão,18360.56,Biológicas,EAD,Autônomo/PJ,9,84,1,1
2196,302,2025-03-10T00:00:00.000000000,BA,40,26,Sem vínculo,0.0,Humanas,Presencial,Desempregado,5,44,0,0
2197,203,2026-01-01T00:00:00.000000000,RS,69,27,Gestão,18386.59,Exatas,EAD,Autônomo/PJ,8,28,1,0
2198,104,2025-06-11T00:00:00.000000000,MG,118,33,Gestão,17604.4,Tecnologia,Presencial,Iniciativa Privada,8,78,1,0
2199,102,2026-05-03T00:00:00.000000000,PR,30,24,Pleno,3642.53,Tecnologia,EAD,Iniciativa Privada,5,48,0,0
2200,101,2026-03-07T00:00:00.000000000,SP,29,26,Pleno,5753.35,Tecnologia,Presencial,Setor Público,8,23,1,0
2201,101,2026-05-04T00:00:00.000000000,MG,17,28,Júnior,2577.57,Tecnologia,Presencial,Iniciativa Privada,4,20,0,0
2202,102,2025-08-18T00:00:00.000000000,RJ,23,27,Pleno,5122.65,Tecnologia,Presencial,Iniciativa Privada,4,22,0,0
2203,103,2026-01-05T00:00:00.000000000,RJ,20,28,Júnior,4933.04,Tecnologia,Híbrido,Autônomo/PJ,10,94,1,1
2204,203,2025-06-27T00:00:00.000000000,PR,113,33,Sênior,11609.96,Exatas,Presencial,Iniciativa Privada,5,97,0,0
2205,201,2026-02-14T00:00:00.000000000,SP,85,29,Sênior,10285.37,Exatas,EAD,Iniciativa Privada,9,27,1,0
2206,101,2026-07-22T00:00:00.000000000,SP,32,29,Júnior,3574.75,Tecnologia,Presencial,Autônomo/PJ,5,31,1,0
2207,303,2025-09-27T00:00:00.000000000,GO,77,26,Gestão,17260.83,Humanas,Presencial,Autônomo/PJ,4,21,1,0
2208,204,2025-07-25T00:00:00.000000000,SP,65,28,Pleno,6982.49,Exatas,Híbrido,Iniciativa Privada,7,61,0,0
2209,302,2025-03-23T00:00:00.000000000,RJ,51,29,Pleno,6503.77,Humanas,Presencial,Autônomo/PJ,8,66,1,0
2210,301,2025-07-12T00:00:00.000000000,GO,94,31,Sênior,11332.62,Humanas,Híbrido,ONG,6,72,1,1
2211,301,2025-07-08T00:00:00.000000000,MG,22,25,Pleno,5069.58,Humanas,Híbrido,Iniciativa Privada,6,5,0,0
2212,403,2025-10-03T00:00:00.000000000,RJ,98,28,Gestão,16797.19,Biológicas,EAD,Iniciativa Privada,5,64,0,0
2213,102,2025-03-15T00:00:00.000000000,SP,58,30,Sênior,11366.89,Tecnologia,Presencial,Iniciativa Privada,6,21,0,0
2214,103,2025-01-10T00:00:00.000000000,SP,13,27,Pleno,5916.06,Tecnologia,EAD,Iniciativa Privada,7,50,1,0
2215,102,2025-08-04T00:00:00.000000000,RS,84,33,Gestão,16353.99,Tecnologia,Híbrido,Iniciativa Privada,6,67,0,0
2216,202,2025-10-17T00:00:00.000000000,MG,32,27,Sem vínculo,0.0,Exatas,Híbrido,Desempregado,4,56,1,0
2217,202,2026-03-21T00:00:00.000000000,RJ,51,25,Pleno,5978.55,Exatas,EAD,Autônomo/PJ,5,71,1,0
2218,201,2026-07-06T00:00:00.000000000,SP,55,24,Pleno,6609.19,Exatas,Presencial,Autônomo/PJ,9,54,1,0
2219,104,2025-07-12T00:00:00.000000000,SP,76,31,Sem vínculo,0.0,Tecnologia,EAD,Desempregado,6,100,1,0
2220,303,2025-10-16T00:00:00.000000000,BA,8,27,Júnior,1990.4,Humanas,Presencial,ONG,8,41,1,0
2221,304,2025-05-24T00:00:00.000000000,SP,98,28,Gestão,16009.26,Humanas,Presencial,Iniciativa Privada,10,51,0,1
2222,103,2026-01-24T00:00:00.000000000,MG,69,29,Sênior,11758.54,Tecnologia,EAD,Iniciativa Privada,10,60,1,0
2223,202,2026-02-11T00:00:00.000000000,SP,49,27,Pleno,6933.09,Exatas,EAD,Autônomo/PJ,5,18,0,0
2224,401,2026-01-05T00:00:00.000000000,MG,58,24,Pleno,7717.53,Biológicas,EAD,Iniciativa Privada,7,0,1,0
2225,304,2026-03-17T00:00:00.000000000,GO,29,23,Sênior,14392.46,Humanas,EAD,Iniciativa Privada,4,40,1,0
2226,101,2026-07-18T00:00:00.000000000,MG,65,27,Sênior,12089.68,Tecnologia,Presencial,Setor Público,10,62,0,0
2227,403,2026-06-13T00:00:00.000000000,SP,8,27,Sem vínculo,0.0,Biológicas,Presencial,Desempregado,6,87,1,0
2228,101,2025-01-13T00:00:00.000000000,MG,25,27,Sênior,10246.58,Tecnologia,Presencial,Iniciativa Privada,4,47,0,0
2229,201,2025-12-06T00:00:00.000000000,PR,51,31,Júnior,4729.59,Exatas,Presencial,Autônomo/PJ,7,80,1,0
2230,104,2025-11-08T00:00:00.000000000,RJ,20,28,Júnior,2730.76,Tecnologia,Presencial,Iniciativa Privada,10,31,1,0
2231,402,2025-04-14T00:00:00.000000000,RS,30,22,Pleno,5650.11,Biológicas,Híbrido,Setor Público,9,49,0,0
2232,101,2025-12-05T00:00:00.000000000,MG,99,28,Sênior,10024.61,Tecnologia,Presencial,Iniciativa Privada,6,13,1,0
2233,102,2025-07-17T00:00:00.000000000,RS,83,27,Sênior,12168.91,Tecnologia,Presencial,ONG,9,16,1,0
2234,403,2025-10-27T00:00:00.000000000,MG,76,29,Sênior,11402.75,Biológicas,Presencial,Iniciativa Privada,9,95,0,1
2235,201,2026-03-20T00:00:00.000000000,SP,22,21,Júnior,4692.6,Exatas,EAD,Autônomo/PJ,5,96,0,0
2236,304,2025-12-25T00:00:00.000000000,SP,113,29,Sênior,10565.99,Humanas,Presencial,Iniciativa Privada,9,29,0,0
2237,103,2026-01-03T00:00:00.000000000,SP,89,30,Sênior,9952.78,Tecnologia,Presencial,Iniciativa Privada,5,50,0,0
2238,203,2025-06-18T00:00:00.000000000,GO,105,29,Sênior,12771.08,Exatas,Presencial,Iniciativa Privada,9,97,0,0
2239,404,2025-05-29T00:00:00.000000000,PR,14,26,Júnior,4944.43,Biológicas,Presencial,Iniciativa Privada,10,91,1,1
2240,201,2025-02-11T00:00:00.000000000,MG,43,30,Pleno,5714.82,Exatas,EAD,Iniciativa Privada,8,61,0,0
2241,401,2025-07-21T00:00:00.000000000,SP,53,29,Pleno,5952.02,Biológicas,EAD,Iniciativa Privada,7,23,0,0
2242,403,2025-09-01T00:00:00.000000000,SP,65,25,Sênior,11963.35,Biológicas,Presencial,Autônomo/PJ,6,62,1,0
2243,301,2026-04-09T00:00:00.000000000,PR,68,28,Gestão,15879.86,Humanas,Híbrido,Setor Público,4,13,0,0
2244,102,2026-03-25T00:00:00.000000000,RJ,91,27,Sênior,9681.46,Tecnologia,Presencial,Iniciativa Privada,10,33,0,0
2245,104,2026-03-13T00:00:00.000000000,SP,7,26,Júnior,3166.71,Tecnologia,Presencial,Autônomo/PJ,4,58,0,0
2246,102,2026-06-15T00:00:00.000000000,MG,93,29,Pleno,6376.18,Tecnologia,EAD,Iniciativa Privada,6,64,0,0
2247,201,2026-07-19T00:00:00.000000000,SP,77,31,Gestão,17667.99,Exatas,EAD,Iniciativa Privada,7,85,1,0
2248,403,2025-09-30T00:00:00.000000000,SP,16,27,Júnior,3895.81,Biológicas,Presencial,Iniciativa Privada,7,32,0,0
2249,204,2026-03-06T00:00:00.000000000,RJ,69,29,Gestão,17343.28,Exatas,EAD,Setor Público,9,57,1,0
2250,401,2025-08-01T00:00:00.000000000,SP,82,28,Gestão,16892.39,Biológicas,Presencial,Iniciativa Privada,4,17,0,0
2251,401,2025-04-14T00:00:00.000000000,BA,86,27,Sem vínculo,0.0,Biológicas,Híbrido,Desempregado,6,11,1,0
2252,403,2025-07-11T00:00:00.000000000,SP,77,27,Gestão,15477.26,Biológicas,EAD,Iniciativa Privada,9,73,1,1
2253,403,2026-01-15T00:00:00.000000000,SP,26,27,Pleno,6068.71,Biológicas,Presencial,Iniciativa Privada,6,65,0,0
2254,302,2025-03-22T00:00:00.000000000,SP,23,25,Júnior,4047.69,Humanas,Presencial,Iniciativa Privada,4,1,1,0
2255,404,2026-07-03T00:00:00.000000000,PR,99,30,Sênior,11566.38,Biológicas,EAD,ONG,6,69,1,0
2256,304,2026-01-12T00:00:00.000000000,RJ,69,30,Gestão,20368.95,Humanas,EAD,Setor Público,6,83,0,1
2257,303,2025-06-03T00:00:00.000000000,MG,87,30,Gestão,17622.53,Humanas,EAD,Autônomo/PJ,9,27,1,1
2258,302,2026-07-25T00:00:00.000000000,SP,115,30,Sem vínculo,0.0,Humanas,Híbrido,Desempregado,5,41,0,0
2259,304,2025-08-28T00:00:00.000000000,SP,116,31,Sem vínculo,0.0,Humanas,Presencial,Desempregado,5,2,1,0
2260,203,2026-01-09T00:00:00.000000000,RJ,100,31,Sênior,10398.97,Exatas,EAD,Autônomo/PJ,8,47,0,0
2261,201,2025-07-23T00:00:00.000000000,SC,43,29,Pleno,6969.05,Exatas,Presencial,Iniciativa Privada,9,100,1,1
2262,104,2025-12-16T00:00:00.000000000,RS,37,23,Pleno,7817.45,Tecnologia,Presencial,Autônomo/PJ,8,100,1,1
2263,102,2025-05-23T00:00:00.000000000,SP,16,24,Júnior,1788.93,Tecnologia,EAD,Iniciativa Privada,7,88,1,0
2264,202,2025-07-08T00:00:00.000000000,RJ,50,26,Pleno,8420.83,Exatas,Presencial,Autônomo/PJ,5,86,0,0
2265,402,2025-09-29T00:00:00.000000000,GO,94,34,Sênior,12724.24,Biológicas,Presencial,Setor Público,5,12,0,0
2266,301,2026-06-16T00:00:00.000000000,SP,38,25,Pleno,8316.88,Humanas,EAD,Autônomo/PJ,5,56,1,0
2267,104,2025-10-27T00:00:00.000000000,SC,107,35,Gestão,18639.4,Tecnologia,Presencial,Iniciativa Privada,5,87,1,0
2268,404,2026-03-02T00:00:00.000000000,SP,46,29,Pleno,6566.58,Biológicas,Híbrido,Setor Público,7,2,0,0
2269,401,2025-02-15T00:00:00.000000000,GO,13,21,Sem vínculo,0.0,Biológicas,Presencial,Desempregado,4,62,0,0
2270,404,2025-04-05T00:00:00.000000000,PR,16,28,Pleno,5677.0,Biológicas,Presencial,Iniciativa Privada,7,37,0,0
2271,301,2025-03-05T00:00:00.000000000,GO,91,34,Gestão,17632.34,Humanas,Presencial,Iniciativa Privada,4,58,1,0
2272,101,2026-02-17T00:00:00.000000000,MG,56,27,Pleno,6269.29,Tecnologia,Presencial,Setor Público,8,27,0,0
2273,101,2025-01-09T00:00:00.000000000,SP,93,30,Sem vínculo,0.0,Tecnologia,Híbrido,Desempregado,5,25,0,0
2274,202,2026-04-04T00:00:00.000000000,GO,46,23,Pleno,5587.17,Exatas,Presencial,Iniciativa Privada,9,83,1,1
2275,104,2026-02-13T00:00:00.000000000,SP,22,24,Júnior,2550.53,Tecnologia,Presencial,Iniciativa Privada,9,90,1,0
2276,101,2026-04-15T00:00:00.000000000,SP,81,31,Gestão,18666.86,Tecnologia,Presencial,Iniciativa Privada,4,64,1,0
2277,404,2026-05-21T00:00:00.000000000,PR,51,24,Pleno,6090.9,Biológicas,EAD,Iniciativa Privada,10,73,0,1
2278,302,2025-03-14T00:00:00.000000000,PR,37,24,Sem vínculo,0.0,Humanas,Presencial,Desempregado,10,73,0,0
2279,101,2025-03-25T00:00:00.000000000,GO,84,34,Sênior,10923.02,Tecnologia,EAD,Autônomo/PJ,10,60,1,0
2280,103,2025-02-28T00:00:00.000000000,SP,85,29,Sênior,11036.37,Tecnologia,EAD,Setor Público,7,56,0,0
2281,202,2025-01-21T00:00:00.000000000,PR,59,25,Pleno,7319.6,Exatas,Presencial,Iniciativa Privada,4,0,0,0
2282,103,2026-04-03T00:00:00.000000000,PR,91,34,Sênior,13535.99,Tecnologia,Híbrido,Autônomo/PJ,6,31,1,0
2283,304,2025-06-06T00:00:00.000000000,SP,97,33,Sênior,7982.88,Humanas,EAD,Iniciativa Privada,8,31,0,0
2284,104,2025-11-25T00:00:00.000000000,SP,25,29,Pleno,5533.7,Tecnologia,Presencial,Iniciativa Privada,8,26,0,0
2285,402,2026-07-27T00:00:00.000000000,SP,38,30,Pleno,8208.03,Biológicas,EAD,Iniciativa Privada,5,12,1,0
2286,404,2026-07-30T00:00:00.000000000,SP,79,33,Sênior,12252.18,Biológicas,EAD,Iniciativa Privada,5,16,0,0
2287,303,2025-07-22T00:00:00.000000000,BA,45,29,Sênior,10504.39,Humanas,Híbrido,Iniciativa Privada,7,27,0,0
2288,301,2025-04-16T00:00:00.000000000,MG,37,28,Pleno,7126.32,Humanas,Presencial,Iniciativa Privada,4,88,0,0
2289,101,2025-05-02T00:00:00.000000000,PR,119,33,Sênior,11241.57,Tecnologia,EAD,Iniciativa Privada,6,51,0,0
2290,201,2025-11-14T00:00:00.000000000,BA,102,32,Sênior,13501.14,Exatas,Presencial,Iniciativa Privada,8,35,1,0
2291,302,2025-07-01T00:00:00.000000000,SP,7,24,Júnior,2543.94,Humanas,Presencial,Autônomo/PJ,4,46,1,0
2292,304,2025-11-12T00:00:00.000000000,SC,102,28,Sênior,12243.64,Humanas,EAD,Iniciativa Privada,6,65,1,0
2293,103,2026-02-10T00:00:00.000000000,RJ,38,26,Sem vínculo,0.0,Tecnologia,EAD,Desempregado,9,31,1,0
2294,104,2025-03-11T00:00:00.000000000,RS,110,34,Gestão,15428.12,Tecnologia,EAD,Iniciativa Privada,4,31,0,0
2295,104,2025-06-09T00:00:00.000000000,SP,82,27,Sênior,11369.66,Tecnologia,EAD,Autônomo/PJ,5,69,0,0
2296,204,2025-08-28T00:00:00.000000000,GO,35,28,Pleno,8188.36,Exatas,EAD,ONG,9,94,0,1
2297,301,2026-06-07T00:00:00.000000000,SP,38,24,Sem vínculo,0.0,Humanas,Híbrido,Desempregado,9,54,1,0
2298,203,2025-05-18T00:00:00.000000000,SP,82,27,Sênior,13285.33,Exatas,Presencial,ONG,8,72,1,0
2299,303,2026-05-10T00:00:00.000000000,PR,31,23,Sênior,10386.81,Humanas,Presencial,Iniciativa Privada,6,79,1,0
2300,104,2025-09-04T00:00:00.000000000,SP,27,28,Pleno,4654.78,Tecnologia,EAD,Iniciativa Privada,10,88,0,1
2301,401,2026-06-27T00:00:00.000000000,MG,108,33,Sênior,11232.34,Biológicas,Presencial,Iniciativa Privada,5,39,0,0
2302,201,2026-06-08T00:00:00.000000000,RJ,71,26,Gestão,17705.73,Exatas,Presencial,Iniciativa Privada,9,27,1,0
2303,103,2025-08-31T00:00:00.000000000,PR,43,29,Pleno,5779.79,Tecnologia,EAD,Iniciativa Privada,10,80,0,1
2304,301,2025-12-02T00:00:00.000000000,SP,108,35,Gestão,16266.5,Humanas,EAD,ONG,7,30,1,1
2305,201,2026-02-26T00:00:00.000000000,SP,95,30,Sênior,12393.02,Exatas,Presencial,Setor Público,7,86,1,0
2306,101,2025-07-13T00:00:00.000000000,SP,51,30,Pleno,5046.37,Tecnologia,Híbrido,Setor Público,5,30,0,0
2307,302,2025-11-04T00:00:00.000000000,RJ,119,33,Sem vínculo,0.0,Humanas,Presencial,Desempregado,6,25,1,0
2308,404,2026-05-21T00:00:00.000000000,SP,20,22,Júnior,3455.29,Biológicas,Presencial,Setor Público,6,3,1,0
2309,103,2025-10-08T00:00:00.000000000,SP,103,34,Gestão,17560.28,Tecnologia,Presencial,Setor Público,8,57,0,0
2310,203,2026-03-15T00:00:00.000000000,SP,111,29,Sênior,10635.13,Exatas,Presencial,Autônomo/PJ,5,78,0,0
2311,102,2026-04-28T00:00:00.000000000,SP,49,30,Pleno,5624.76,Tecnologia,Presencial,Iniciativa Privada,7,100,0,0
2312,404,2025-08-11T00:00:00.000000000,MG,54,26,Pleno,8818.04,Biológicas,Presencial,Iniciativa Privada,5,22,0,0
2313,103,2025-04-27T00:00:00.000000000,RS,109,31,Sem vínculo,0.0,Tecnologia,EAD,Desempregado,4,68,1,0
2314,101,2025-07-11T00:00:00.000000000,SP,80,28,Sem vínculo,0.0,Tecnologia,EAD,Desempregado,6,59,0,0
2315,203,2026-05-31T00:00:00.000000000,MG,66,31,Gestão,18280.57,Exatas,Presencial,ONG,9,42,0,0
2316,101,2026-06-14T00:00:00.000000000,MG,72,30,Gestão,16212.99,Tecnologia,Presencial,Iniciativa Privada,4,88,1,0
2317,102,2025-11-03T00:00:00.000000000,RJ,11,21,Júnior,2049.39,Tecnologia,Presencial,ONG,7,93,1,0
2318,101,2026-06-16T00:00:00.000000000,PR,14,26,Júnior,2854.68,Tecnologia,EAD,Iniciativa Privada,6,25,0,0
2319,103,2025-05-02T00:00:00.000000000,RJ,11,25,Júnior,4068.0,Tecnologia,Presencial,Iniciativa Privada,7,66,0,0
2320,103,2025-06-03T00:00:00.000000000,RJ,78,31,Sênior,11393.08,Tecnologia,EAD,Iniciativa Privada,7,67,0,0
2321,403,2026-06-21T00:00:00.000000000,SP,108,33,Sênior,10439.74,Biológicas,Presencial,Iniciativa Privada,7,54,1,0
2322,402,2026-03-28T00:00:00.000000000,MG,100,31,Sênior,12171.88,Biológicas,Híbrido,Iniciativa Privada,8,46,1,0
2323,202,2025-06-18T00:00:00.000000000,MG,37,30,Pleno,5139.63,Exatas,Presencial,Iniciativa Privada,7,81,0,0
2324,304,2025-02-28T00:00:00.000000000,SP,46,23,Pleno,6909.57,Humanas,EAD,Iniciativa Privada,7,58,0,0
2325,303,2025-10-28T00:00:00.000000000,SP,119,29,Gestão,19392.2,Humanas,EAD,Iniciativa Privada,4,100,0,0
2326,201,2026-07-07T00:00:00.000000000,BA,81,28,Pleno,6684.74,Exatas,EAD,Autônomo/PJ,4,74,0,0
2327,202,2026-07-04T00:00:00.000000000,RJ,13,23,Júnior,3743.59,Exatas,EAD,Setor Público,4,74,0,0
2328,303,2025-04-27T00:00:00.000000000,RJ,77,32,Sênior,10507.87,Humanas,EAD,Iniciativa Privada,6,99,1,0
2329,203,2025-05-07T00:00:00.000000000,GO,55,29,Pleno,6230.93,Exatas,EAD,Iniciativa Privada,8,15,0,0
2330,202,2026-02-09T00:00:00.000000000,PR,97,34,Sênior,10899.88,Exatas,EAD,Setor Público,6,57,1,0
2331,204,2026-02-03T00:00:00.000000000,MG,67,32,Sênior,11731.5,Exatas,Presencial,Iniciativa Privada,8,88,1,0
2332,202,2026-05-30T00:00:00.000000000,PR,89,32,Sênior,10837.65,Exatas,Presencial,Iniciativa Privada,8,0,0,0
2333,402,2026-05-13T00:00:00.000000000,RS,67,27,Sênior,10931.55,Biológicas,Presencial,Setor Público,5,89,1,0
2334,301,2026-06-12T00:00:00.000000000,RJ,116,30,Sem vínculo,0.0,Humanas,EAD,Desempregado,9,44,0,0
2335,401,2026-02-02T00:00:00.000000000,RJ,12,24,Júnior,4699.05,Biológicas,Presencial,Iniciativa Privada,5,93,0,0
2336,304,2025-09-22T00:00:00.000000000,SP,80,32,Sênior,11532.75,Humanas,EAD,Iniciativa Privada,5,5,0,0
2337,103,2025-09-20T00:00:00.000000000,BA,89,30,Gestão,17815.62,Tecnologia,Presencial,Iniciativa Privada,8,90,0,0
2338,302,2026-02-02T00:00:00.000000000,MG,85,30,Gestão,19622.84,Humanas,Presencial,Setor Público,8,51,0,1
2339,304,2026-06-11T00:00:00.000000000,SP,9,23,Júnior,3825.84,Humanas,Presencial,Iniciativa Privada,6,18,1,0
2340,301,2026-03-12T00:00:00.000000000,RS,11,22,Júnior,5738.68,Humanas,Presencial,Iniciativa Privada,8,42,1,0
2341,202,2025-12-26T00:00:00.000000000,RJ,63,25,Sênior,11578.0,Exatas,EAD,Iniciativa Privada,10,18,1,0
2342,103,2025-05-09T00:00:00.000000000,SP,27,24,Sem vínculo,0.0,Tecnologia,Presencial,Desempregado,7,38,1,0
2343,401,2025-08-29T00:00:00.000000000,RJ,31,25,Júnior,4295.03,Biológicas,Presencial,Autônomo/PJ,7,31,1,0
2344,401,2025-08-10T00:00:00.000000000,RJ,8,22,Pleno,7741.7,Biológicas,Híbrido,Setor Público,8,64,1,0
2345,201,2025-08-02T00:00:00.000000000,RS,46,26,Pleno,6184.14,Exatas,Presencial,Autônomo/PJ,7,88,0,0
2346,104,2025-05-15T00:00:00.000000000,SP,65,29,Gestão,17589.95,Tecnologia,Presencial,Iniciativa Privada,8,46,1,0
2347,403,2026-01-21T00:00:00.000000000,SC,111,34,Gestão,16626.84,Biológicas,EAD,ONG,10,12,0,1
2348,202,2025-10-30T00:00:00.000000000,MG,19,21,Júnior,3984.39,Exatas,Presencial,Setor Público,5,73,1,0
2349,204,2025-10-14T00:00:00.000000000,SP,80,30,Pleno,5738.64,Exatas,Presencial,Iniciativa Privada,8,81,0,0
2350,304,2026-07-16T00:00:00.000000000,BA,87,28,Gestão,15807.6,Humanas,Presencial,Autônomo/PJ,5,35,0,0
2351,304,2025-07-08T00:00:00.000000000,RJ,17,23,Júnior,2653.32,Humanas,Presencial,Autônomo/PJ,10,85,0,0
2352,101,2025-10-24T00:00:00.000000000,SP,92,28,Gestão,16750.37,Tecnologia,Presencial,Autônomo/PJ,4,69,1,0
2353,303,2026-06-10T00:00:00.000000000,RJ,17,27,Júnior,3595.63,Humanas,Presencial,Iniciativa Privada,7,26,1,0
2354,304,2026-01-24T00:00:00.000000000,RS,18,23,Sem vínculo,0.0,Humanas,Presencial,Desempregado,10,71,1,0
2355,202,2026-04-04T00:00:00.000000000,SP,30,29,Sem vínculo,0.0,Exatas,Presencial,Desempregado,4,23,0,0
2356,103,2025-09-18T00:00:00.000000000,SP,50,31,Sênior,12717.47,Tecnologia,Presencial,Iniciativa Privada,7,19,1,0
2357,102,2025-04-23T00:00:00.000000000,SP,24,27,Pleno,8739.11,Tecnologia,Presencial,Iniciativa Privada,10,85,0,1
2358,103,2025-02-05T00:00:00.000000000,SP,60,29,Gestão,16473.4,Tecnologia,Presencial,Iniciativa Privada,10,8,1,0
2359,102,2025-03-20T00:00:00.000000000,PR,115,34,Sem vínculo,0.0,Tecnologia,Presencial,Desempregado,9,38,1,0
2360,101,2025-10-02T00:00:00.000000000,RJ,105,34,Sênior,10351.81,Tecnologia,EAD,Setor Público,9,82,0,0
2361,204,2025-10-05T00:00:00.000000000,SP,50,27,Júnior,5078.45,Exatas,Híbrido,Iniciativa Privada,9,0,0,0
2362,102,2025-11-08T00:00:00.000000000,SP,13,26,Júnior,4586.26,Tecnologia,EAD,Iniciativa Privada,4,10,0,0
2363,103,2026-06-13T00:00:00.000000000,SP,98,33,Sênior,11198.65,Tecnologia,EAD,Iniciativa Privada,10,73,1,0
2364,204,2025-07-23T00:00:00.000000000,GO,58,31,Pleno,6588.66,Exatas,EAD,Setor Público,9,0,1,0
2365,104,2025-01-17T00:00:00.000000000,SP,60,28,Pleno,5796.68,Tecnologia,Presencial,Iniciativa Privada,8,90,0,1
2366,303,2026-04-21T00:00:00.000000000,BA,37,30,Sem vínculo,0.0,Humanas,Presencial,Desempregado,9,80,0,0
2367,202,2026-05-26T00:00:00.000000000,RJ,56,26,Pleno,8097.66,Exatas,Presencial,Setor Público,4,43,0,0
2368,101,2025-07-29T00:00:00.000000000,SP,49,27,Pleno,6847.52,Tecnologia,Presencial,Autônomo/PJ,10,50,0,0
2369,101,2026-05-14T00:00:00.000000000,RS,87,31,Gestão,16506.86,Tecnologia,Presencial,Iniciativa Privada,7,16,1,0
2370,302,2026-02-06T00:00:00.000000000,RJ,75,31,Sênior,11945.19,Humanas,Híbrido,Iniciativa Privada,6,65,1,0
2371,104,2026-03-05T00:00:00.000000000,PR,23,28,Júnior,4003.38,Tecnologia,Híbrido,Iniciativa Privada,7,22,0,0
2372,404,2025-03-19T00:00:00.000000000,BA,88,30,Gestão,18795.9,Biológicas,Presencial,Iniciativa Privada,6,40,0,0
2373,304,2026-07-22T00:00:00.000000000,SP,27,28,Pleno,7607.81,Humanas,EAD,Iniciativa Privada,8,58,1,0
2374,104,2025-03-21T00:00:00.000000000,SP,42,29,Sem vínculo,0.0,Tecnologia,Presencial,Desempregado,10,73,0,0
2375,202,2025-11-02T00:00:00.000000000,PR,101,33,Gestão,15446.86,Exatas,EAD,Iniciativa Privada,7,93,1,0
2376,304,2025-02-27T00:00:00.000000000,SP,61,29,Gestão,18332.52,Humanas,EAD,Iniciativa Privada,4,98,1,0
2377,103,2026-06-14T00:00:00.000000000,SP,110,30,Gestão,16287.06,Tecnologia,Presencial,Iniciativa Privada,8,24,0,0
2378,104,2025-07-27T00:00:00.000000000,SP,64,32,Gestão,18440.1,Tecnologia,EAD,Iniciativa Privada,7,16,0,0
2379,201,2026-05-26T00:00:00.000000000,SP,8,24,Sem vínculo,0.0,Exatas,EAD,Desempregado,8,18,1,0
2380,404,2025-05-15T00:00:00.000000000,PR,33,22,Pleno,4656.98,Biológicas,Presencial,Iniciativa Privada,10,81,1,1
2381,102,2026-06-06T00:00:00.000000000,SP,79,26,Gestão,18262.32,Tecnologia,Presencial,Iniciativa Privada,10,81,0,0
2382,201,2025-03-24T00:00:00.000000000,RJ,40,23,Pleno,6933.77,Exatas,Híbrido,Setor Público,6,45,0,0
2383,102,2025-02-13T00:00:00.000000000,MG,66,30,Sênior,9551.39,Tecnologia,EAD,Iniciativa Privada,8,34,0,0
2384,202,2026-04-28T00:00:00.000000000,RJ,98,34,Gestão,17773.44,Exatas,EAD,Iniciativa Privada,10,73,0,0
2385,301,2026-05-08T00:00:00.000000000,SP,59,26,Pleno,7761.72,Humanas,Presencial,Iniciativa Privada,4,22,0,0
2386,202,2026-05-14T00:00:00.000000000,PR,68,32,Pleno,6398.45,Exatas,Presencial,Iniciativa Privada,7,85,1,0
2387,302,2025-01-18T00:00:00.000000000,SP,84,33,Gestão,16446.83,Humanas,EAD,Iniciativa Privada,6,43,1,0
2388,104,2025-10-21T00:00:00.000000000,PR,102,30,Gestão,17083.9,Tecnologia,Presencial,Iniciativa Privada,8,8,1,0
2389,303,2025-05-28T00:00:00.000000000,RS,12,23,Júnior,2731.53,Humanas,Presencial,Autônomo/PJ,5,31,0,0
2390,102,2026-04-17T00:00:00.000000000,RJ,81,32,Pleno,6525.93,Tecnologia,Presencial,Iniciativa Privada,6,89,0,0
2391,302,2025-06-21T00:00:00.000000000,RJ,54,31,Sênior,10662.68,Humanas,Presencial,Autônomo/PJ,6,92,1,0
2392,402,2026-07-17T00:00:00.000000000,RJ,99,33,Gestão,17734.45,Biológicas,Presencial,Autônomo/PJ,4,58,1,0
2393,304,2026-06-15T00:00:00.000000000,SP,90,31,Gestão,16903.44,Humanas,Presencial,Iniciativa Privada,4,41,1,0
2394,103,2025-04-30T00:00:00.000000000,RS,36,25,Sênior,12686.96,Tecnologia,Presencial,Iniciativa Privada,8,61,1,0
2395,301,2025-03-07T00:00:00.000000000,RS,63,26,Sênior,10736.63,Humanas,Híbrido,Iniciativa Privada,5,18,0,0
2396,204,2025-05-21T00:00:00.000000000,SP,66,31,Sênior,10891.92,Exatas,Presencial,Autônomo/PJ,6,92,1,0
2397,404,2026-03-22T00:00:00.000000000,MG,29,28,Pleno,7677.68,Biológicas,Presencial,Setor Público,8,34,1,0
2398,203,2026-05-21T00:00:00.000000000,GO,25,22,Pleno,5453.9,Exatas,EAD,Setor Público,9,75,0,0
2399,303,2025-07-08T00:00:00.000000000,BA,42,27,Pleno,5091.53,Humanas,Presencial,Iniciativa Privada,5,7,1,0
2400,204,2025-06-07T00:00:00.000000000,RJ,9,20,Sem vínculo,0.0,Exatas,Presencial,Desempregado,8,88,1,0
2401,201,2025-09-03T00:00:00.000000000,RJ,97,34,Sênior,10894.71,Exatas,Presencial,Iniciativa Privada,6,90,1,0
2402,104,2025-02-02T00:00:00.000000000,SP,113,35,Gestão,17760.24,Tecnologia,EAD,Iniciativa Privada,8,42,1,0
2403,103,2025-12-27T00:00:00.000000000,BA,25,24,Júnior,3403.74,Tecnologia,EAD,Iniciativa Privada,4,44,0,0
2404,101,2025-11-26T00:00:00.000000000,SP,65,29,Gestão,18393.62,Tecnologia,Presencial,Iniciativa Privada,4,5,1,0
2405,103,2026-05-27T00:00:00.000000000,MG,29,25,Pleno,7012.22,Tecnologia,EAD,Iniciativa Privada,7,12,1,0
2406,101,2025-03-12T00:00:00.000000000,SP,55,25,Sênior,13007.15,Tecnologia,Híbrido,Autônomo/PJ,5,10,1,0
2407,302,2025-11-09T00:00:00.000000000,SP,54,31,Sênior,12172.18,Humanas,Presencial,Autônomo/PJ,9,69,0,1
2408,203,2025-03-20T00:00:00.000000000,RJ,56,26,Pleno,4388.03,Exatas,EAD,ONG,6,68,1,0
2409,403,2025-06-18T00:00:00.000000000,BA,101,34,Gestão,17225.31,Biológicas,Presencial,Iniciativa Privada,5,6,1,0
2410,304,2025-06-29T00:00:00.000000000,SP,110,36,Sênior,10658.77,Humanas,Presencial,Setor Público,4,54,1,0
2411,403,2025-09-17T00:00:00.000000000,MG,41,25,Pleno,6741.33,Biológicas,Presencial,Iniciativa Privada,9,54,0,0
2412,203,2026-05-01T00:00:00.000000000,SP,103,29,Gestão,15403.67,Exatas,EAD,Iniciativa Privada,6,18,1,0
2413,102,2025-01-05T00:00:00.000000000,SP,105,34,Sênior,14108.73,Tecnologia,EAD,Iniciativa Privada,7,5,1,0
2414,303,2025-10-24T00:00:00.000000000,RJ,71,26,Sênior,10299.57,Humanas,EAD,Iniciativa Privada,4,88,1,0
2415,302,2025-12-26T00:00:00.000000000,RJ,84,34,Gestão,17873.2,Humanas,Presencial,Iniciativa Privada,4,8,0,0
2416,302,2025-04-27T00:00:00.000000000,SP,39,26,Pleno,6518.38,Humanas,Presencial,Iniciativa Privada,9,19,0,1
2417,402,2025-12-23T00:00:00.000000000,SP,41,25,Pleno,5315.75,Biológicas,EAD,Setor Público,5,24,1,0
2418,302,2026-03-15T00:00:00.000000000,SP,11,25,Sem vínculo,0.0,Humanas,Presencial,Desempregado,10,49,0,0
2419,201,2025-11-27T00:00:00.000000000,SP,44,25,Júnior,3474.58,Exatas,Presencial,Iniciativa Privada,8,71,1,0
2420,404,2026-06-09T00:00:00.000000000,BA,47,23,Sem vínculo,0.0,Biológicas,Presencial,Desempregado,10,49,0,0
2421,301,2025-07-07T00:00:00.000000000,GO,63,29,Sênior,13069.96,Humanas,Presencial,Autônomo/PJ,5,100,1,0
2422,103,2025-10-08T00:00:00.000000000,SP,17,25,Júnior,3128.23,Tecnologia,Presencial,Iniciativa Privada,4,37,1,0
2423,201,2026-05-26T00:00:00.000000000,MG,8,20,Júnior,3943.04,Exatas,EAD,Setor Público,5,65,0,0
2424,301,2026-04-11T00:00:00.000000000,GO,114,35,Sênior,12908.5,Humanas,Presencial,Iniciativa Privada,8,56,0,1
2425,203,2025-04-25T00:00:00.000000000,SP,23,25,Júnior,4066.34,Exatas,EAD,Autônomo/PJ,7,21,1,0
2426,403,2025-08-24T00:00:00.000000000,SC,45,24,Pleno,7120.18,Biológicas,Presencial,Setor Público,6,55,0,0
2427,103,2025-12-04T00:00:00.000000000,GO,26,29,Sem vínculo,0.0,Tecnologia,EAD,Desempregado,4,35,0,0
2428,301,2026-06-06T00:00:00.000000000,SP,20,28,Júnior,1986.77,Humanas,Presencial,Setor Público,5,50,1,0
2429,401,2025-07-18T00:00:00.000000000,SP,102,32,Gestão,17435.37,Biológicas,Híbrido,Autônomo/PJ,4,67,1,0
2430,303,2025-02-19T00:00:00.000000000,BA,104,32,Sênior,11643.84,Humanas,Presencial,Autônomo/PJ,6,0,0,0
2431,204,2025-05-22T00:00:00.000000000,RJ,31,22,Pleno,8236.88,Exatas,EAD,Iniciativa Privada,5,47,0,0
2432,204,2026-06-12T00:00:00.000000000,SP,13,27,Júnior,6345.59,Exatas,Presencial,Iniciativa Privada,7,32,1,0
2433,202,2026-05-29T00:00:00.000000000,SP,105,31,Sênior,11854.74,Exatas,EAD,Iniciativa Privada,6,23,1,0
2434,203,2025-01-30T00:00:00.000000000,RJ,117,33,Gestão,19498.74,Exatas,Presencial,Iniciativa Privada,8,48,0,0
2435,402,2025-03-23T00:00:00.000000000,MG,99,33,Sênior,11136.83,Biológicas,Presencial,Iniciativa Privada,8,68,1,0
2436,104,2025-01-31T00:00:00.000000000,PR,92,31,Pleno,8037.68,Tecnologia,Presencial,ONG,4,57,0,0
2437,302,2025-11-29T00:00:00.000000000,BA,47,26,Sênior,14273.55,Humanas,EAD,Iniciativa Privada,8,47,1,0
2438,103,2025-06-26T00:00:00.000000000,SP,49,24,Sem vínculo,0.0,Tecnologia,Presencial,Desempregado,5,56,1,0
2439,203,2026-01-05T00:00:00.000000000,RJ,19,24,Júnior,3755.68,Exatas,EAD,Autônomo/PJ,8,63,0,0
2440,303,2026-07-01T00:00:00.000000000,RJ,83,26,Sênior,12178.58,Humanas,Híbrido,Setor Público,7,98,1,1
2441,101,2026-06-19T00:00:00.000000000,RJ,7,21,Sem vínculo,0.0,Tecnologia,Presencial,Desempregado,9,52,1,0
2442,302,2025-04-16T00:00:00.000000000,SP,42,23,Pleno,6953.64,Humanas,Híbrido,Iniciativa Privada,5,59,1,0
2443,104,2025-04-07T00:00:00.000000000,BA,74,27,Gestão,16140.58,Tecnologia,Presencial,ONG,9,89,0,0
2444,304,2025-08-18T00:00:00.000000000,RS,43,24,Pleno,7213.12,Humanas,EAD,Iniciativa Privada,4,42,1,0
2445,204,2025-08-15T00:00:00.000000000,RJ,114,29,Sênior,13029.72,Exatas,Híbrido,Iniciativa Privada,4,40,0,0
2446,101,2026-01-06T00:00:00.000000000,MG,46,28,Pleno,7019.54,Tecnologia,Híbrido,Iniciativa Privada,10,25,1,0
2447,101,2025-04-10T00:00:00.000000000,SP,67,27,Sênior,12986.89,Tecnologia,Presencial,Iniciativa Privada,8,58,1,0
2448,303,2026-03-21T00:00:00.000000000,RJ,65,25,Sênior,11705.85,Humanas,Híbrido,Setor Público,8,48,1,0
2449,204,2026-04-13T00:00:00.000000000,MG,116,33,Gestão,17311.85,Exatas,Presencial,Iniciativa Privada,4,63,0,0
2450,101,2025-02-24T00:00:00.000000000,RJ,19,26,Júnior,1607.88,Tecnologia,Presencial,Iniciativa Privada,5,4,0,0
2451,303,2025-07-14T00:00:00.000000000,BA,108,34,Sem vínculo,0.0,Humanas,Presencial,Desempregado,6,43,1,0
2452,104,2026-06-04T00:00:00.000000000,MG,94,31,Gestão,15451.68,Tecnologia,Presencial,Setor Público,4,17,0,0
2453,302,2026-02-28T00:00:00.000000000,SP,89,29,Sênior,13325.06,Humanas,EAD,Iniciativa Privada,10,56,0,1
2454,203,2025-11-11T00:00:00.000000000,PR,7,25,Júnior,4287.35,Exatas,Presencial,Setor Público,7,88,1,0
2455,101,2025-05-08T00:00:00.000000000,SP,108,30,Sênior,10318.68,Tecnologia,Híbrido,Autônomo/PJ,5,39,0,0
2456,101,2025-02-01T00:00:00.000000000,SP,75,33,Sem vínculo,0.0,Tecnologia,EAD,Desempregado,6,45,0,0
2457,203,2025-04-03T00:00:00.000000000,SP,22,23,Júnior,2484.63,Exatas,Híbrido,Iniciativa Privada,10,57,1,0
2458,103,2026-06-03T00:00:00.000000000,RJ,94,33,Gestão,15824.92,Tecnologia,EAD,Iniciativa Privada,10,84,0,0
2459,101,2025-09-15T00:00:00.000000000,PR,33,26,Pleno,6613.43,Tecnologia,EAD,Iniciativa Privada,6,23,0,0
2460,302,2025-08-08T00:00:00.000000000,RJ,71,27,Sênior,12397.87,Humanas,Presencial,Iniciativa Privada,10,27,1,1
2461,204,2025-04-16T00:00:00.000000000,PR,40,23,Pleno,6047.11,Exatas,Presencial,ONG,5,45,1,0
2462,102,2026-07-02T00:00:00.000000000,MG,106,35,Gestão,17063.16,Tecnologia,Presencial,Iniciativa Privada,4,67,1,0
2463,203,2026-02-20T00:00:00.000000000,SP,10,22,Sem vínculo,0.0,Exatas,Presencial,Desempregado,6,71,1,0
2464,202,2026-07-11T00:00:00.000000000,SC,70,26,Sênior,11606.58,Exatas,Presencial,Iniciativa Privada,7,53,0,0
2465,201,2025-11-05T00:00:00.000000000,SP,45,30,Sem vínculo,0.0,Exatas,EAD,Desempregado,9,32,0,0
2466,303,2026-01-01T00:00:00.000000000,SP,81,26,Sênior,10949.44,Humanas,Presencial,Iniciativa Privada,5,66,1,0
2467,404,2026-06-05T00:00:00.000000000,RJ,61,28,Pleno,7105.57,Biológicas,Presencial,ONG,8,83,1,0
2468,201,2026-04-04T00:00:00.000000000,SP,41,27,Sem vínculo,0.0,Exatas,Presencial,Desempregado,9,34,1,0
2469,101,2026-01-05T00:00:00.000000000,SP,50,31,Sem vínculo,0.0,Tecnologia,Presencial,Desempregado,4,38,1,0
2470,104,2025-11-27T00:00:00.000000000,MG,28,26,Pleno,6602.12,Tecnologia,EAD,Iniciativa Privada,10,46,1,1
2471,104,2025-01-11T00:00:00.000000000,RJ,52,26,Pleno,7111.87,Tecnologia,EAD,Iniciativa Privada,5,70,1,0
2472,102,2026-05-22T00:00:00.000000000,RJ,36,28,Pleno,7408.87,Tecnologia,Híbrido,Setor Público,7,90,1,1
2473,103,2026-02-23T00:00:00.000000000,BA,16,21,Júnior,1500.0,Tecnologia,Presencial,Iniciativa Privada,9,4,1,0
2474,304,2025-05-02T00:00:00.000000000,MG,15,24,Júnior,3957.97,Humanas,Presencial,Iniciativa Privada,9,36,0,0
2475,104,2025-08-23T00:00:00.000000000,RS,72,26,Pleno,6677.88,Tecnologia,Presencial,Iniciativa Privada,6,0,0,0
2476,303,2025-11-27T00:00:00.000000000,SP,19,25,Júnior,4164.38,Humanas,Híbrido,Iniciativa Privada,4,85,1,0
2477,204,2026-06-27T00:00:00.000000000,MG,85,27,Gestão,18583.18,Exatas,Presencial,Iniciativa Privada,4,55,1,0
2478,404,2025-12-14T00:00:00.000000000,RS,79,29,Pleno,6624.86,Biológicas,Presencial,Iniciativa Privada,5,6,1,0
2479,202,2026-02-16T00:00:00.000000000,MG,98,33,Gestão,14973.63,Exatas,Presencial,Iniciativa Privada,5,63,1,0
2480,301,2025-08-12T00:00:00.000000000,PR,15,23,Júnior,2768.55,Humanas,Presencial,Iniciativa Privada,7,7,1,0
2481,401,2025-06-02T00:00:00.000000000,SP,81,27,Gestão,19614.05,Biológicas,Presencial,Setor Público,10,93,1,1
2482,401,2025-07-31T00:00:00.000000000,SP,99,28,Sênior,11045.22,Biológicas,EAD,Iniciativa Privada,10,63,1,1
2483,201,2025-04-02T00:00:00.000000000,RJ,110,36,Gestão,16496.3,Exatas,EAD,Iniciativa Privada,8,56,0,0
2484,204,2025-11-27T00:00:00.000000000,SP,6,21,Sem vínculo,0.0,Exatas,Presencial,Desempregado,5,27,1,0
2485,203,2026-04-12T00:00:00.000000000,RS,10,24,Sem vínculo,0.0,Exatas,Presencial,Desempregado,9,25,0,0
2486,203,2026-07-08T00:00:00.000000000,SP,25,24,Sem vínculo,0.0,Exatas,Presencial,Desempregado,5,33,1,0
2487,102,2025-08-16T00:00:00.000000000,BA,13,27,Júnior,2646.0,Tecnologia,EAD,ONG,5,95,1,0
2488,102,2025-07-13T00:00:00.000000000,BA,48,26,Pleno,5840.29,Tecnologia,EAD,Iniciativa Privada,10,21,1,0
2489,104,2026-06-14T00:00:00.000000000,SP,81,26,Pleno,6436.9,Tecnologia,Híbrido,Setor Público,7,19,1,0
2490,103,2025-08-31T00:00:00.000000000,SP,6,27,Júnior,1500.0,Tecnologia,Presencial,Iniciativa Privada,6,13,1,0
2491,103,2026-01-24T00:00:00.000000000,RS,62,30,Sênior,11383.08,Tecnologia,EAD,Setor Público,8,22,0,0
2492,201,2025-10-03T00:00:00.000000000,BA,69,27,Gestão,16210.35,Exatas,Híbrido,Iniciativa Privada,7,66,1,0
2493,104,2026-03-26T00:00:00.000000000,RJ,89,27,Sênior,10926.55,Tecnologia,EAD,Setor Público,5,18,1,0
2494,204,2026-07-28T00:00:00.000000000,SP,33,22,Júnior,3904.57,Exatas,Presencial,Iniciativa Privada,6,77,1,0
2495,301,2026-04-23T00:00:00.000000000,RJ,112,30,Sênior,10887.1,Humanas,EAD,Iniciativa Privada,5,38,0,0
2496,204,2026-04-25T00:00:00.000000000,MG,42,25,Sênior,12062.27,Exatas,EAD,Autônomo/PJ,7,36,1,0
2497,404,2025-10-15T00:00:00.000000000,SP,52,24,Pleno,5853.23,Biológicas,Presencial,Iniciativa Privada,4,98,0,0
2498,102,2026-06-24T00:00:00.000000000,PR,106,29,Sênior,12350.85,Tecnologia,Presencial,Iniciativa Privada,5,0,1,0
2499,403,2025-11-26T00:00:00.000000000,SP,81,33,Gestão,14733.88,Biológicas,EAD,Iniciativa Privada,10,18,0,1
2500,104,2026-04-15T00:00:00.000000000,SP,42,26,Pleno,6300.63,Tecnologia,EAD,Iniciativa Privada,6,14,1,0
2501,402,2026-06-18T00:00:00.000000000,SP,54,31,Pleno,5803.34,Biológicas,Híbrido,Iniciativa Privada,8,88,1,0
2502,103,2026-04-12T00:00:00.000000000,SP,118,35,Sem vínculo,0.0,Tecnologia,Presencial,Desempregado,4,0,0,0
2503,301,2026-02-24T00:00:00.000000000,SP,49,25,Sênior,11196.95,Humanas,EAD,Iniciativa Privada,5,30,1,0
2504,102,2025-05-02T00:00:00.000000000,RJ,61,26,Sênior,11633.1,Tecnologia,Presencial,Iniciativa Privada,5,100,1,0
2505,302,2025-11-04T00:00:00.000000000,SP,33,22,Júnior,3320.07,Humanas,Híbrido,Iniciativa Privada,6,51,0,0
2506,103,2025-11-30T00:00:00.000000000,SP,116,33,Gestão,15831.66,Tecnologia,Presencial,Setor Público,10,42,1,0
2507,301,2026-02-24T00:00:00.000000000,SP,84,31,Sênior,10269.81,Humanas,Presencial,Autônomo/PJ,10,45,1,1
2508,302,2025-11-22T00:00:00.000000000,BA,11,25,Júnior,2192.05,Humanas,Presencial,Setor Público,4,85,1,0
2509,404,2026-07-27T00:00:00.000000000,RJ,113,33,Pleno,6609.8,Biológicas,EAD,Autônomo/PJ,4,49,1,0
2510,304,2025-09-07T00:00:00.000000000,RJ,66,26,Sem vínculo,0.0,Humanas,Presencial,Desempregado,4,19,0,0
2511,204,2025-04-05T00:00:00.000000000,MG,25,27,Pleno,7199.32,Exatas,EAD,ONG,5,61,1,0
2512,101,2025-10-23T00:00:00.000000000,BA,119,36,Sênior,10454.42,Tecnologia,Presencial,Setor Público,4,42,1,0
2513,302,2025-07-03T00:00:00.000000000,SP,83,26,Sênior,13182.88,Humanas,Presencial,Iniciativa Privada,5,4,1,0
2514,104,2025-09-17T00:00:00.000000000,MG,7,27,Júnior,2542.74,Tecnologia,Presencial,Setor Público,5,78,0,0
2515,401,2025-07-05T00:00:00.000000000,PR,78,28,Pleno,7186.05,Biológicas,Presencial,Iniciativa Privada,9,65,1,0
2516,104,2026-02-13T00:00:00.000000000,MG,42,29,Pleno,5262.91,Tecnologia,Presencial,Autônomo/PJ,4,11,1,0
2517,203,2025-03-10T00:00:00.000000000,SP,25,28,Pleno,6953.42,Exatas,EAD,Autônomo/PJ,7,56,0,0
2518,202,2025-01-08T00:00:00.000000000,MG,31,23,Pleno,7972.86,Exatas,Presencial,Autônomo/PJ,10,59,0,1
2519,202,2025-09-22T00:00:00.000000000,SP,34,23,Pleno,5729.73,Exatas,Presencial,Autônomo/PJ,8,54,0,0
2520,301,2026-04-29T00:00:00.000000000,MG,6,25,Júnior,3376.95,Humanas,Presencial,Iniciativa Privada,8,70,1,0
2521,101,2026-01-06T00:00:00.000000000,PR,40,23,Pleno,7021.36,Tecnologia,Presencial,Iniciativa Privada,7,65,0,0
2522,102,2025-03-24T00:00:00.000000000,SP,75,29,Gestão,17575.2,Tecnologia,Presencial,Iniciativa Privada,4,71,1,0
2523,404,2025-07-30T00:00:00.000000000,SC,106,29,Sem vínculo,0.0,Biológicas,Híbrido,Desempregado,5,72,1,0
2524,104,2025-11-09T00:00:00.000000000,SP,64,28,Gestão,18410.39,Tecnologia,Presencial,Autônomo/PJ,6,26,0,0
2525,303,2025-12-03T00:00:00.000000000,SC,74,33,Sênior,9809.01,Humanas,EAD,Setor Público,7,27,1,0
2526,204,2026-05-05T00:00:00.000000000,RJ,38,26,Pleno,6385.56,Exatas,EAD,Autônomo/PJ,8,36,1,0
2527,301,2026-02-07T00:00:00.000000000,SP,118,33,Sênior,10341.53,Humanas,Presencial,Autônomo/PJ,8,78,1,0
2528,101,2025-07-10T00:00:00.000000000,SP,56,24,Sem vínculo,0.0,Tecnologia,EAD,Desempregado,5,18,0,0
2529,204,2025-12-01T00:00:00.000000000,BA,83,32,Sênior,10759.23,Exatas,Presencial,Autônomo/PJ,8,93,0,0
2530,201,2026-06-06T00:00:00.000000000,SP,17,27,Júnior,2579.64,Exatas,Presencial,Setor Público,8,50,1,0
2531,202,2025-03-28T00:00:00.000000000,SP,111,32,Pleno,6445.6,Exatas,EAD,Setor Público,5,12,1,0
2532,402,2025-03-03T00:00:00.000000000,SP,25,28,Pleno,5700.15,Biológicas,EAD,Iniciativa Privada,4,44,0,0
2533,104,2026-01-22T00:00:00.000000000,MG,58,31,Pleno,6072.76,Tecnologia,Híbrido,Setor Público,10,5,1,0
2534,302,2025-05-26T00:00:00.000000000,RJ,119,29,Sênior,11233.89,Humanas,EAD,Iniciativa Privada,9,93,1,1
2535,102,2025-06-02T00:00:00.000000000,SP,93,31,Sênior,11853.23,Tecnologia,Presencial,Iniciativa Privada,10,0,1,0
2536,103,2025-12-15T00:00:00.000000000,SP,48,24,Pleno,7013.34,Tecnologia,EAD,Autônomo/PJ,8,24,1,0
2537,103,2025-06-27T00:00:00.000000000,SP,103,29,Sênior,11646.7,Tecnologia,EAD,Iniciativa Privada,9,98,0,0
2538,102,2026-05-02T00:00:00.000000000,SP,94,30,Sem vínculo,0.0,Tecnologia,EAD,Desempregado,9,25,1,0
2539,204,2025-09-04T00:00:00.000000000,RJ,55,24,Pleno,6336.23,Exatas,EAD,Iniciativa Privada,4,12,1,0
2540,103,2025-09-11T00:00:00.000000000,PR,34,29,Júnior,4737.57,Tecnologia,Híbrido,Iniciativa Privada,6,18,0,0
2541,301,2026-05-15T00:00:00.000000000,SP,62,31,Sênior,10520.73,Humanas,Presencial,Iniciativa Privada,4,9,0,0
2542,101,2026-06-25T00:00:00.000000000,SP,44,25,Júnior,4441.75,Tecnologia,Presencial,Iniciativa Privada,5,44,0,0
2543,101,2025-12-18T00:00:00.000000000,SP,100,28,Gestão,15142.29,Tecnologia,EAD,Iniciativa Privada,5,70,1,0
2544,104,2026-05-27T00:00:00.000000000,BA,61,28,Sênior,11100.12,Tecnologia,EAD,Iniciativa Privada,5,14,1,0
2545,302,2025-01-13T00:00:00.000000000,BA,116,33,Sênior,12029.92,Humanas,EAD,Iniciativa Privada,8,86,1,1
2546,101,2026-07-13T00:00:00.000000000,SC,48,30,Pleno,6025.65,Tecnologia,Presencial,Iniciativa Privada,7,99,0,0
2547,404,2025-05-31T00:00:00.000000000,SP,55,28,Pleno,7495.88,Biológicas,Presencial,Iniciativa Privada,8,30,1,0
2548,103,2025-02-19T00:00:00.000000000,SP,28,25,Pleno,6755.21,Tecnologia,Presencial,Autônomo/PJ,4,7,1,0
2549,202,2025-08-03T00:00:00.000000000,SP,49,30,Sênior,12039.48,Exatas,EAD,Iniciativa Privada,6,29,1,0
2550,103,2026-01-07T00:00:00.000000000,SP,43,24,Júnior,4440.08,Tecnologia,Presencial,Setor Público,6,97,0,0
2551,104,2025-04-23T00:00:00.000000000,RJ,89,33,Pleno,7015.87,Tecnologia,EAD,Autônomo/PJ,6,96,0,0
2552,301,2025-09-09T00:00:00.000000000,PR,28,23,Pleno,8537.35,Humanas,Híbrido,Iniciativa Privada,9,0,0,0
2553,201,2025-12-07T00:00:00.000000000,RS,50,28,Sem vínculo,0.0,Exatas,Presencial,Desempregado,6,15,0,0
2554,104,2025-02-22T00:00:00.000000000,SC,57,28,Pleno,6012.97,Tecnologia,Presencial,Autônomo/PJ,9,10,0,0
2555,101,2025-05-10T00:00:00.000000000,SP,85,30,Sênior,10926.77,Tecnologia,Presencial,Autônomo/PJ,7,26,1,0
2556,102,2025-07-12T00:00:00.000000000,MG,55,25,Pleno,7523.39,Tecnologia,Presencial,Iniciativa Privada,10,85,0,1
2557,404,2025-02-26T00:00:00.000000000,SP,111,33,Sênior,10235.1,Biológicas,Presencial,Autônomo/PJ,6,39,1,0
2558,403,2025-04-07T00:00:00.000000000,SP,13,22,Pleno,6160.69,Biológicas,Presencial,Autônomo/PJ,9,82,0,1
2559,204,2025-07-17T00:00:00.000000000,PR,119,33,Pleno,4655.89,Exatas,Presencial,Iniciativa Privada,8,43,1,0
2560,202,2025-05-27T00:00:00.000000000,SP,90,33,Sênior,13597.2,Exatas,Presencial,Iniciativa Privada,6,69,1,0
2561,402,2026-07-29T00:00:00.000000000,RJ,6,20,Júnior,3562.0,Biológicas,EAD,Iniciativa Privada,5,56,0,0
2562,204,2026-07-31T00:00:00.000000000,SP,13,28,Júnior,1868.13,Exatas,Híbrido,Autônomo/PJ,4,47,0,0
2563,404,2025-10-22T00:00:00.000000000,MG,34,24,Pleno,8326.73,Biológicas,Presencial,Iniciativa Privada,8,39,0,0
2564,201,2025-01-12T00:00:00.000000000,PR,101,35,Gestão,19615.21,Exatas,EAD,Autônomo/PJ,7,38,1,0
2565,102,2025-11-29T00:00:00.000000000,SP,107,34,Gestão,16984.28,Tecnologia,Presencial,Iniciativa Privada,8,83,1,0
2566,304,2025-08-08T00:00:00.000000000,SC,10,25,Júnior,2810.6,Humanas,Presencial,Autônomo/PJ,5,2,1,0
2567,204,2026-02-02T00:00:00.000000000,SP,116,36,Sênior,11718.83,Exatas,EAD,Iniciativa Privada,6,54,0,0
2568,302,2025-12-08T00:00:00.000000000,RJ,91,27,Gestão,17447.27,Humanas,Presencial,Iniciativa Privada,6,0,1,0
2569,104,2026-05-27T00:00:00.000000000,PR,52,29,Sênior,9934.88,Tecnologia,Presencial,Setor Público,7,22,1,0
2570,301,2025-06-21T00:00:00.000000000,MG,39,27,Pleno,5670.16,Humanas,Presencial,Iniciativa Privada,10,66,0,1
2571,202,2026-04-13T00:00:00.000000000,BA,70,27,Sênior,11247.49,Exatas,Híbrido,Iniciativa Privada,4,61,0,0
2572,101,2025-06-15T00:00:00.000000000,SP,60,27,Sênior,11013.76,Tecnologia,Presencial,Iniciativa Privada,6,33,0,0
2573,301,2025-06-19T00:00:00.000000000,MG,95,31,Sênior,13393.79,Humanas,EAD,Iniciativa Privada,9,16,1,1
2574,201,2026-07-18T00:00:00.000000000,MG,48,28,Sem vínculo,0.0,Exatas,EAD,Desempregado,7,47,1,0
2575,301,2026-05-27T00:00:00.000000000,GO,79,27,Sênior,11387.25,Humanas,Presencial,Autônomo/PJ,10,90,0,1
2576,402,2025-07-08T00:00:00.000000000,SP,35,26,Pleno,4450.78,Biológicas,Presencial,Iniciativa Privada,10,52,0,0
2577,301,2025-04-30T00:00:00.000000000,PR,119,32,Sênior,11888.92,Humanas,Presencial,Iniciativa Privada,10,60,0,1
2578,301,2025-04-15T00:00:00.000000000,MG,87,34,Sênior,11496.79,Humanas,Presencial,Iniciativa Privada,6,86,0,0
2579,304,2025-02-10T00:00:00.000000000,SP,22,25,Júnior,3255.12,Humanas,Presencial,Autônomo/PJ,9,10,1,0
2580,202,2025-11-17T00:00:00.000000000,RJ,31,25,Pleno,4589.81,Exatas,Presencial,Iniciativa Privada,10,14,0,0
2581,402,2025-12-01T00:00:00.000000000,SP,13,25,Júnior,3207.96,Biológicas,Presencial,Iniciativa Privada,8,89,0,0
2582,203,2025-06-09T00:00:00.000000000,MG,52,25,Pleno,6747.68,Exatas,Presencial,Iniciativa Privada,7,10,1,0
2583,302,2025-09-21T00:00:00.000000000,RS,109,32,Sênior,13494.8,Humanas,Presencial,Autônomo/PJ,7,6,0,0
2584,102,2026-06-14T00:00:00.000000000,MG,118,36,Sênior,10903.15,Tecnologia,Presencial,Iniciativa Privada,7,46,0,0
2585,103,2026-04-22T00:00:00.000000000,MG,81,26,Sênior,12458.28,Tecnologia,Híbrido,Autônomo/PJ,6,7,1,0
2586,102,2025-12-18T00:00:00.000000000,RJ,96,31,Sênior,11137.38,Tecnologia,Presencial,Iniciativa Privada,7,4,1,0
2587,302,2026-06-29T00:00:00.000000000,SP,77,32,Gestão,17210.78,Humanas,EAD,Iniciativa Privada,8,80,1,1
2588,102,2025-07-29T00:00:00.000000000,SP,94,28,Sênior,12112.96,Tecnologia,Híbrido,Iniciativa Privada,4,86,1,0
2589,102,2026-05-11T00:00:00.000000000,RJ,51,29,Pleno,9250.17,Tecnologia,Presencial,Iniciativa Privada,4,65,0,0
2590,203,2026-01-17T00:00:00.000000000,SP,73,33,Sênior,12908.65,Exatas,Presencial,Iniciativa Privada,5,90,0,0
2591,102,2026-04-26T00:00:00.000000000,SP,38,26,Pleno,5439.6,Tecnologia,Presencial,Iniciativa Privada,8,62,1,0
2592,102,2025-01-05T00:00:00.000000000,RJ,6,26,Júnior,3845.4,Tecnologia,Híbrido,Iniciativa Privada,8,20,0,0
2593,103,2025-02-03T00:00:00.000000000,SP,24,28,Sênior,11691.7,Tecnologia,EAD,Iniciativa Privada,7,70,1,0
2594,304,2025-05-25T00:00:00.000000000,SP,36,30,Pleno,7018.36,Humanas,Presencial,Iniciativa Privada,10,89,0,1
2595,201,2025-12-17T00:00:00.000000000,RJ,85,34,Sem vínculo,0.0,Exatas,EAD,Desempregado,5,93,1,0
2596,404,2026-04-10T00:00:00.000000000,SP,19,27,Júnior,1840.12,Biológicas,EAD,Iniciativa Privada,9,11,1,0
2597,103,2025-12-14T00:00:00.000000000,GO,58,28,Pleno,6451.35,Tecnologia,Presencial,Setor Público,9,10,0,0
2598,101,2025-05-05T00:00:00.000000000,RS,53,30,Pleno,5648.85,Tecnologia,EAD,Iniciativa Privada,8,53,0,0
2599,103,2025-09-28T00:00:00.000000000,PR,74,30,Gestão,15980.58,Tecnologia,EAD,Iniciativa Privada,8,80,1,0
2600,403,2025-12-23T00:00:00.000000000,SP,110,34,Sênior,12444.64,Biológicas,Presencial,Iniciativa Privada,8,9,1,0
2601,202,2026-06-11T00:00:00.000000000,PR,95,28,Gestão,18763.04,Exatas,Híbrido,Iniciativa Privada,6,15,1,0
2602,201,2026-05-13T00:00:00.000000000,SC,67,27,Sênior,12520.44,Exatas,Presencial,Iniciativa Privada,8,14,0,0
2603,402,2025-06-02T00:00:00.000000000,PR,97,32,Sênior,13483.96,Biológicas,EAD,Iniciativa Privada,9,57,1,0
2604,101,2025-02-22T00:00:00.000000000,SP,71,31,Sênior,11167.14,Tecnologia,Presencial,Autônomo/PJ,6,78,0,0
2605,103,2025-05-29T00:00:00.000000000,MG,119,35,Gestão,20370.42,Tecnologia,Híbrido,Iniciativa Privada,10,83,0,0
2606,303,2026-05-18T00:00:00.000000000,SC,69,25,Sênior,8840.17,Humanas,EAD,Iniciativa Privada,9,3,0,0
2607,304,2026-03-26T00:00:00.000000000,MG,75,32,Sênior,13677.81,Humanas,EAD,Iniciativa Privada,8,95,0,1
2608,301,2025-08-07T00:00:00.000000000,MG,68,26,Sênior,11618.64,Humanas,Híbrido,Setor Público,10,21,1,1
2609,302,2025-10-04T00:00:00.000000000,RJ,78,29,Gestão,17142.04,Humanas,Presencial,Autônomo/PJ,9,34,0,1
2610,204,2026-03-28T00:00:00.000000000,RJ,38,26,Pleno,4099.31,Exatas,Presencial,Iniciativa Privada,4,13,0,0
2611,404,2026-03-04T00:00:00.000000000,SP,46,29,Júnior,3317.76,Biológicas,Presencial,Iniciativa Privada,10,93,1,0
2612,204,2025-03-24T00:00:00.000000000,MG,94,27,Pleno,5663.49,Exatas,Presencial,Iniciativa Privada,6,30,0,0
2613,102,2025-08-06T00:00:00.000000000,SP,53,28,Sênior,9897.94,Tecnologia,Presencial,Iniciativa Privada,10,73,1,0
2614,204,2026-06-11T00:00:00.000000000,RJ,18,22,Júnior,4020.41,Exatas,EAD,Setor Público,6,69,0,0
2615,302,2026-02-08T00:00:00.000000000,SP,78,26,Sênior,12751.58,Humanas,EAD,Setor Público,10,90,1,1
2616,304,2025-10-17T00:00:00.000000000,RJ,82,30,Sênior,11180.58,Humanas,Presencial,Iniciativa Privada,7,10,0,0
2617,102,2026-02-24T00:00:00.000000000,SP,36,24,Júnior,2706.7,Tecnologia,Híbrido,Iniciativa Privada,8,35,0,0
2618,103,2025-12-05T00:00:00.000000000,MG,110,35,Sênior,11649.56,Tecnologia,EAD,Setor Público,5,73,1,0
2619,103,2026-02-23T00:00:00.000000000,PR,80,29,Sênior,10796.27,Tecnologia,Híbrido,Iniciativa Privada,10,79,1,0
2620,403,2025-07-26T00:00:00.000000000,SP,73,27,Gestão,17776.09,Biológicas,Híbrido,Iniciativa Privada,5,23,1,0
2621,103,2025-09-22T00:00:00.000000000,SP,103,34,Sênior,10765.98,Tecnologia,Presencial,Autônomo/PJ,5,84,0,0
2622,203,2025-02-05T00:00:00.000000000,SP,107,33,Gestão,18062.44,Exatas,EAD,Iniciativa Privada,5,39,0,0
2623,304,2026-01-08T00:00:00.000000000,RS,115,31,Pleno,4366.37,Humanas,Presencial,Iniciativa Privada,4,99,1,0
2624,404,2026-05-03T00:00:00.000000000,RJ,9,21,Júnior,3444.58,Biológicas,EAD,Iniciativa Privada,5,41,0,0
2625,304,2025-09-16T00:00:00.000000000,RJ,107,30,Sênior,10076.81,Humanas,EAD,Setor Público,9,86,0,1
2626,402,2026-06-15T00:00:00.000000000,SP,24,23,Pleno,6214.2,Biológicas,Presencial,Iniciativa Privada,7,20,1,0
2627,302,2025-01-23T00:00:00.000000000,MG,75,28,Sem vínculo,0.0,Humanas,Híbrido,Desempregado,5,95,1,0
2628,402,2025-04-14T00:00:00.000000000,RS,103,33,Sênior,11102.62,Biológicas,EAD,Autônomo/PJ,7,80,1,0
2629,102,2025-08-29T00:00:00.000000000,SC,87,30,Gestão,19253.96,Tecnologia,Híbrido,Iniciativa Privada,6,50,1,0
2630,203,2025-09-10T00:00:00.000000000,MG,18,28,Júnior,2888.08,Exatas,Presencial,Iniciativa Privada,10,80,0,0
2631,403,2025-05-22T00:00:00.000000000,SP,110,33,Sênior,11231.74,Biológicas,Híbrido,Iniciativa Privada,9,54,0,0
2632,103,2026-03-27T00:00:00.000000000,SP,28,24,Pleno,7643.87,Tecnologia,EAD,Iniciativa Privada,8,84,1,0
2633,401,2025-11-03T00:00:00.000000000,SP,88,32,Sênior,9783.23,Biológicas,EAD,Autônomo/PJ,10,3,0,0
2634,204,2026-05-15T00:00:00.000000000,SP,114,31,Sênior,9646.5,Exatas,EAD,Setor Público,10,61,1,0
2635,202,2025-01-08T00:00:00.000000000,SP,80,29,Sênior,10295.92,Exatas,EAD,Iniciativa Privada,5,86,0,0
2636,102,2025-03-10T00:00:00.000000000,SP,6,22,Pleno,3939.87,Tecnologia,EAD,Setor Público,7,24,1,0
2637,203,2026-07-29T00:00:00.000000000,SP,93,32,Sênior,10390.77,Exatas,Presencial,Iniciativa Privada,9,95,1,0
2638,102,2025-03-09T00:00:00.000000000,GO,59,30,Júnior,3942.3,Tecnologia,EAD,Autônomo/PJ,7,69,1,0
2639,102,2026-02-12T00:00:00.000000000,MG,76,31,Gestão,15915.69,Tecnologia,EAD,Setor Público,8,13,1,0
2640,404,2026-06-02T00:00:00.000000000,SC,94,34,Sênior,12870.89,Biológicas,EAD,Iniciativa Privada,6,40,1,0
2641,403,2025-04-29T00:00:00.000000000,PR,90,34,Sênior,11030.89,Biológicas,Presencial,Iniciativa Privada,5,56,1,0
2642,104,2025-01-31T00:00:00.000000000,SP,20,28,Júnior,3726.18,Tecnologia,Presencial,Autônomo/PJ,7,37,0,0
2643,201,2026-06-02T00:00:00.000000000,PR,70,25,Sênior,12327.82,Exatas,Presencial,Autônomo/PJ,10,61,0,0
2644,201,2026-04-28T00:00:00.000000000,SP,81,29,Gestão,16495.08,Exatas,EAD,Iniciativa Privada,5,40,1,0
2645,201,2025-07-26T00:00:00.000000000,MG,76,32,Sênior,12235.44,Exatas,Presencial,Iniciativa Privada,9,44,0,0
2646,203,2026-01-22T00:00:00.000000000,SP,20,21,Júnior,4400.3,Exatas,Presencial,Setor Público,4,79,1,0
2647,202,2026-02-16T00:00:00.000000000,BA,26,25,Sênior,13953.96,Exatas,EAD,Iniciativa Privada,10,95,1,0
2648,203,2026-01-05T00:00:00.000000000,SP,24,28,Sênior,11311.44,Exatas,Presencial,Iniciativa Privada,7,15,0,0
2649,303,2025-12-19T00:00:00.000000000,SP,65,27,Sênior,9101.78,Humanas,Híbrido,Iniciativa Privada,6,18,0,0
2650,202,2025-12-02T00:00:00.000000000,GO,98,34,Gestão,16754.43,Exatas,Presencial,Iniciativa Privada,9,36,0,0
2651,104,2025-10-16T00:00:00.000000000,SP,94,32,Gestão,14348.78,Tecnologia,Híbrido,Iniciativa Privada,8,84,0,0
2652,201,2025-05-20T00:00:00.000000000,MG,38,23,Sem vínculo,0.0,Exatas,Presencial,Desempregado,7,78,0,0
2653,304,2025-10-27T00:00:00.000000000,PR,54,26,Júnior,1894.08,Humanas,Presencial,Setor Público,4,60,0,0
2654,301,2025-01-13T00:00:00.000000000,SC,101,33,Pleno,3508.77,Humanas,Presencial,Iniciativa Privada,8,25,1,0
2655,303,2026-03-04T00:00:00.000000000,BA,118,32,Gestão,18047.53,Humanas,EAD,Iniciativa Privada,6,93,1,1
2656,301,2026-02-04T00:00:00.000000000,BA,40,29,Pleno,6535.0,Humanas,Presencial,Iniciativa Privada,5,78,1,0
2657,103,2025-04-19T00:00:00.000000000,SP,49,29,Pleno,9189.18,Tecnologia,Presencial,Iniciativa Privada,5,63,0,0
2658,204,2026-04-30T00:00:00.000000000,SC,107,30,Sem vínculo,0.0,Exatas,Híbrido,Desempregado,7,12,0,0
2659,303,2025-12-22T00:00:00.000000000,MG,95,27,Sênior,11995.4,Humanas,Presencial,Iniciativa Privada,8,90,0,1
2660,304,2025-05-29T00:00:00.000000000,MG,16,21,Sem vínculo,0.0,Humanas,EAD,Desempregado,4,86,1,0
2661,202,2025-11-03T00:00:00.000000000,SP,104,35,Sênior,10644.7,Exatas,EAD,Iniciativa Privada,4,33,1,0
2662,202,2026-06-17T00:00:00.000000000,MG,77,32,Gestão,16797.29,Exatas,Presencial,Setor Público,6,97,1,0
2663,302,2025-03-01T00:00:00.000000000,BA,115,34,Sênior,11349.66,Humanas,EAD,Iniciativa Privada,9,22,0,0
2664,103,2026-03-11T00:00:00.000000000,GO,83,33,Gestão,15656.06,Tecnologia,EAD,Iniciativa Privada,8,19,0,0
2665,102,2025-01-21T00:00:00.000000000,RJ,79,28,Sênior,11580.6,Tecnologia,Presencial,Iniciativa Privada,8,53,0,0
2666,201,2026-01-17T00:00:00.000000000,SP,71,32,Sênior,9422.82,Exatas,Presencial,Autônomo/PJ,5,72,0,0
2667,104,2025-09-02T00:00:00.000000000,SP,51,25,Pleno,7617.36,Tecnologia,EAD,Autônomo/PJ,10,57,1,1
2668,204,2025-03-14T00:00:00.000000000,SC,14,24,Júnior,3503.33,Exatas,Presencial,Autônomo/PJ,6,58,1,0
2669,101,2026-03-25T00:00:00.000000000,PR,8,27,Júnior,4794.26,Tecnologia,Presencial,Autônomo/PJ,6,19,1,0
2670,303,2025-03-17T00:00:00.000000000,RJ,90,30,Gestão,15867.6,Humanas,EAD,Autônomo/PJ,9,38,1,1
2671,103,2026-01-25T00:00:00.000000000,SP,31,24,Sênior,9210.27,Tecnologia,Presencial,Iniciativa Privada,6,77,0,0
2672,304,2026-07-31T00:00:00.000000000,RJ,77,27,Pleno,5598.01,Humanas,Híbrido,Iniciativa Privada,8,89,0,1
2673,302,2025-12-08T00:00:00.000000000,RJ,53,24,Júnior,3252.87,Humanas,Presencial,Setor Público,10,90,0,1
2674,203,2025-10-17T00:00:00.000000000,GO,71,31,Pleno,6932.55,Exatas,Presencial,Setor Público,5,97,1,0
2675,103,2026-07-22T00:00:00.000000000,MG,75,30,Gestão,18537.02,Tecnologia,EAD,Autônomo/PJ,6,92,1,0
2676,301,2025-11-27T00:00:00.000000000,SP,33,26,Pleno,6643.78,Humanas,Presencial,Iniciativa Privada,5,31,0,0
2677,101,2025-09-16T00:00:00.000000000,RJ,98,34,Gestão,17120.88,Tecnologia,EAD,Iniciativa Privada,9,40,0,0
2678,102,2026-03-02T00:00:00.000000000,SP,31,24,Sem vínculo,0.0,Tecnologia,Híbrido,Desempregado,6,68,0,0
2679,103,2025-01-06T00:00:00.000000000,BA,30,23,Sênior,11937.51,Tecnologia,Presencial,Setor Público,8,67,0,0
2680,103,2025-01-06T00:00:00.000000000,SP,17,22,Júnior,2021.3,Tecnologia,Presencial,Iniciativa Privada,5,86,1,0
2681,401,2025-07-10T00:00:00.000000000,RJ,10,23,Júnior,2440.42,Biológicas,Presencial,Autônomo/PJ,7,20,1,0
2682,303,2025-05-28T00:00:00.000000000,SP,103,28,Sem vínculo,0.0,Humanas,EAD,Desempregado,10,96,1,0
2683,204,2026-02-09T00:00:00.000000000,MG,53,29,Júnior,3450.51,Exatas,Presencial,Iniciativa Privada,9,23,0,0
2684,401,2025-09-15T00:00:00.000000000,MG,42,30,Sênior,9852.65,Biológicas,Presencial,Autônomo/PJ,6,15,1,0
2685,102,2026-04-24T00:00:00.000000000,PR,84,28,Sem vínculo,0.0,Tecnologia,EAD,Desempregado,8,31,1,0
2686,301,2025-03-31T00:00:00.000000000,SP,49,30,Sem vínculo,0.0,Humanas,Presencial,Desempregado,5,82,1,0
2687,403,2025-01-10T00:00:00.000000000,SP,105,33,Sem vínculo,0.0,Biológicas,Presencial,Desempregado,4,25,0,0
2688,402,2025-03-28T00:00:00.000000000,SP,20,25,Júnior,4402.31,Biológicas,Híbrido,Iniciativa Privada,8,2,1,0
2689,101,2025-05-31T00:00:00.000000000,MG,48,29,Pleno,4925.06,Tecnologia,Presencial,Iniciativa Privada,8,98,1,0
2690,304,2025-01-30T00:00:00.000000000,SP,53,24,Júnior,1500.0,Humanas,Presencial,Iniciativa Privada,4,81,1,0
2691,104,2025-05-08T00:00:00.000000000,MG,92,33,Sênior,13384.46,Tecnologia,Presencial,Iniciativa Privada,4,6,1,0
2692,201,2025-03-19T00:00:00.000000000,RS,75,26,Pleno,5493.54,Exatas,Híbrido,Iniciativa Privada,10,95,0,0
2693,204,2026-02-25T00:00:00.000000000,RS,51,29,Pleno,7686.14,Exatas,Presencial,Iniciativa Privada,7,87,0,0
2694,304,2025-02-24T00:00:00.000000000,RJ,119,36,Sênior,12292.27,Humanas,Presencial,Iniciativa Privada,7,15,0,0
2695,104,2026-04-25T00:00:00.000000000,RJ,113,31,Gestão,17817.48,Tecnologia,Presencial,Iniciativa Privada,7,52,0,0
2696,102,2025-11-01T00:00:00.000000000,SP,48,25,Pleno,7614.12,Tecnologia,Híbrido,Iniciativa Privada,8,87,0,0
2697,104,2026-06-30T00:00:00.000000000,MG,114,35,Gestão,15644.31,Tecnologia,Presencial,Autônomo/PJ,10,3,0,0
2698,104,2025-04-15T00:00:00.000000000,SC,26,24,Pleno,8584.55,Tecnologia,Presencial,Iniciativa Privada,8,44,1,1
2699,104,2025-06-21T00:00:00.000000000,SP,28,27,Pleno,6414.47,Tecnologia,EAD,Setor Público,8,31,1,0
2700,402,2026-05-14T00:00:00.000000000,RJ,112,30,Sênior,11688.9,Biológicas,Presencial,Iniciativa Privada,7,97,1,0
2701,101,2025-01-22T00:00:00.000000000,SC,85,30,Gestão,17276.5,Tecnologia,EAD,Iniciativa Privada,5,82,0,0
2702,103,2025-10-14T00:00:00.000000000,RS,52,26,Sem vínculo,0.0,Tecnologia,EAD,Desempregado,10,77,0,0
2703,304,2026-01-26T00:00:00.000000000,SP,20,23,Júnior,2263.1,Humanas,Presencial,Iniciativa Privada,8,57,0,0
2704,301,2025-05-29T00:00:00.000000000,MG,30,27,Pleno,5722.06,Humanas,EAD,Iniciativa Privada,8,12,1,0
2705,304,2025-09-29T00:00:00.000000000,SP,41,27,Pleno,6717.9,Humanas,Presencial,Iniciativa Privada,8,21,0,0
2706,302,2025-10-26T00:00:00.000000000,SP,80,31,Sênior,13244.21,Humanas,Presencial,Iniciativa Privada,7,94,0,1
2707,101,2025-06-21T00:00:00.000000000,GO,56,26,Pleno,5198.55,Tecnologia,EAD,Iniciativa Privada,6,43,0,0
2708,302,2025-02-16T00:00:00.000000000,SC,20,22,Júnior,3152.38,Humanas,Presencial,Iniciativa Privada,7,43,1,0
2709,204,2025-07-26T00:00:00.000000000,PR,73,33,Gestão,16964.79,Exatas,Presencial,Iniciativa Privada,6,29,0,0
2710,304,2026-03-29T00:00:00.000000000,SP,26,26,Júnior,3689.82,Humanas,Presencial,ONG,7,22,0,0
2711,402,2026-01-30T00:00:00.000000000,SC,18,26,Júnior,5024.79,Biológicas,Híbrido,Setor Público,10,11,1,0
2712,403,2025-10-28T00:00:00.000000000,RJ,91,34,Gestão,15589.13,Biológicas,Híbrido,Iniciativa Privada,5,13,1,0
2713,402,2025-06-25T00:00:00.000000000,SP,24,28,Sênior,11675.16,Biológicas,Presencial,Iniciativa Privada,5,35,0,0
2714,104,2025-04-20T00:00:00.000000000,RJ,39,28,Júnior,4207.02,Tecnologia,Presencial,Iniciativa Privada,8,44,1,0
2715,202,2025-07-21T00:00:00.000000000,SP,83,28,Gestão,18204.36,Exatas,Híbrido,Iniciativa Privada,7,71,0,0
2716,403,2025-06-17T00:00:00.000000000,PR,73,33,Gestão,17164.75,Biológicas,Presencial,Iniciativa Privada,6,23,1,0
2717,202,2025-03-27T00:00:00.000000000,MG,117,31,Sênior,10827.35,Exatas,Presencial,Autônomo/PJ,6,2,1,0
2718,103,2025-02-20T00:00:00.000000000,SP,57,27,Júnior,2411.85,Tecnologia,EAD,Iniciativa Privada,5,77,1,0
2719,303,2025-04-22T00:00:00.000000000,SP,115,36,Gestão,16860.14,Humanas,Presencial,Autônomo/PJ,8,50,0,1
2720,102,2026-04-08T00:00:00.000000000,SP,32,29,Sênior,9698.79,Tecnologia,EAD,Iniciativa Privada,10,74,1,0
2721,302,2026-03-18T00:00:00.000000000,SP,34,27,Sem vínculo,0.0,Humanas,Híbrido,Desempregado,6,54,1,0
2722,401,2025-09-28T00:00:00.000000000,MG,116,31,Gestão,17473.26,Biológicas,Presencial,Setor Público,7,37,1,0
2723,204,2026-07-31T00:00:00.000000000,SC,33,28,Sênior,12361.15,Exatas,EAD,Autônomo/PJ,8,91,1,0
2724,203,2025-12-10T00:00:00.000000000,SP,40,23,Sênior,13241.17,Exatas,EAD,Iniciativa Privada,9,86,0,0
2725,101,2025-07-02T00:00:00.000000000,SP,13,25,Júnior,3056.4,Tecnologia,Híbrido,ONG,7,81,0,0
2726,402,2026-05-18T00:00:00.000000000,MG,21,21,Pleno,7161.81,Biológicas,Presencial,Autônomo/PJ,7,19,1,0
2727,204,2025-01-10T00:00:00.000000000,SC,111,33,Sênior,12860.86,Exatas,Híbrido,Setor Público,5,96,0,0
2728,201,2026-05-09T00:00:00.000000000,SP,41,29,Júnior,3879.29,Exatas,Presencial,Iniciativa Privada,10,1,0,0
2729,303,2025-08-22T00:00:00.000000000,SP,35,29,Pleno,7076.44,Humanas,Presencial,Autônomo/PJ,7,100,0,0
2730,101,2025-10-25T00:00:00.000000000,MG,23,28,Júnior,4079.63,Tecnologia,Presencial,Iniciativa Privada,4,25,0,0
2731,203,2025-09-01T00:00:00.000000000,SP,7,25,Júnior,2570.93,Exatas,Híbrido,Setor Público,8,1,1,0
2732,302,2026-05-24T00:00:00.000000000,SP,54,27,Pleno,7041.11,Humanas,Presencial,Autônomo/PJ,4,66,1,0
2733,404,2025-12-17T00:00:00.000000000,PR,82,28,Sênior,11119.94,Biológicas,Híbrido,Iniciativa Privada,10,83,1,1
2734,104,2025-09-24T00:00:00.000000000,MG,9,22,Pleno,8508.61,Tecnologia,Presencial,Iniciativa Privada,7,73,1,0
2735,104,2025-07-20T00:00:00.000000000,MG,95,29,Sênior,9821.61,Tecnologia,EAD,Iniciativa Privada,7,41,1,0
2736,202,2025-08-27T00:00:00.000000000,PR,94,32,Gestão,18687.85,Exatas,Presencial,Autônomo/PJ,5,84,1,0
2737,303,2025-11-30T00:00:00.000000000,MG,99,32,Sênior,11557.89,Humanas,Presencial,Iniciativa Privada,5,39,0,0
2738,202,2026-02-19T00:00:00.000000000,SP,80,33,Gestão,16743.05,Exatas,EAD,Iniciativa Privada,9,8,1,0
2739,404,2026-04-29T00:00:00.000000000,SP,12,27,Júnior,4124.91,Biológicas,Presencial,Iniciativa Privada,5,1,1,0
2740,102,2026-03-13T00:00:00.000000000,SP,100,30,Gestão,15399.16,Tecnologia,Presencial,Autônomo/PJ,9,27,1,0
2741,102,2025-09-03T00:00:00.000000000,SP,113,29,Sênior,10726.63,Tecnologia,EAD,Iniciativa Privada,10,2,0,0
2742,102,2025-01-08T00:00:00.000000000,MG,79,28,Gestão,16019.56,Tecnologia,Presencial,Setor Público,10,15,0,0
2743,403,2025-06-01T00:00:00.000000000,RS,44,30,Sênior,10943.22,Biológicas,EAD,Iniciativa Privada,5,3,1,0
2744,101,2026-01-27T00:00:00.000000000,BA,18,26,Júnior,5620.86,Tecnologia,Presencial,Autônomo/PJ,9,22,1,0
2745,201,2025-07-30T00:00:00.000000000,MG,36,29,Sem vínculo,0.0,Exatas,Presencial,Desempregado,6,93,1,0
2746,202,2026-01-02T00:00:00.000000000,SP,76,29,Sênior,9557.31,Exatas,Híbrido,Iniciativa Privada,5,76,1,0
2747,301,2026-07-24T00:00:00.000000000,SP,68,31,Sênior,12726.97,Humanas,Presencial,Iniciativa Privada,7,5,0,0
2748,101,2025-03-27T00:00:00.000000000,SC,61,25,Sênior,10451.23,Tecnologia,EAD,Autônomo/PJ,9,73,0,0
2749,302,2025-02-24T00:00:00.000000000,MG,118,31,Pleno,6377.47,Humanas,Presencial,Iniciativa Privada,7,54,1,0
2750,202,2026-03-22T00:00:00.000000000,MG,47,25,Sênior,11917.58,Exatas,Presencial,Iniciativa Privada,9,80,0,0
2751,404,2025-10-31T00:00:00.000000000,PR,66,26,Sênior,9861.35,Biológicas,Presencial,Autônomo/PJ,8,7,0,0
2752,401,2025-05-12T00:00:00.000000000,PR,47,27,Sem vínculo,0.0,Biológicas,Presencial,Desempregado,9,72,1,0
2753,203,2026-02-25T00:00:00.000000000,SC,61,25,Sênior,10341.56,Exatas,Presencial,Setor Público,4,97,1,0
2754,402,2026-01-20T00:00:00.000000000,SP,41,24,Júnior,3049.2,Biológicas,Presencial,Iniciativa Privada,9,80,0,0
2755,104,2025-07-17T00:00:00.000000000,PR,89,33,Gestão,16251.44,Tecnologia,Presencial,Iniciativa Privada,9,85,1,0
2756,303,2025-02-16T00:00:00.000000000,RS,73,29,Gestão,18047.59,Humanas,Presencial,Iniciativa Privada,6,63,1,0
2757,201,2025-07-22T00:00:00.000000000,SP,12,25,Júnior,3998.99,Exatas,Híbrido,Autônomo/PJ,6,66,1,0
2758,204,2025-09-18T00:00:00.000000000,MG,59,24,Sênior,9698.67,Exatas,Presencial,Autônomo/PJ,10,40,1,0
2759,102,2025-01-24T00:00:00.000000000,SP,6,22,Júnior,2893.16,Tecnologia,EAD,ONG,8,39,1,0
2760,203,2025-12-06T00:00:00.000000000,BA,49,30,Pleno,6367.93,Exatas,Presencial,Iniciativa Privada,8,92,1,0
2761,102,2026-02-16T00:00:00.000000000,SP,50,24,Sênior,11818.49,Tecnologia,EAD,Setor Público,5,26,0,0
2762,301,2025-09-18T00:00:00.000000000,MG,111,31,Sênior,11216.36,Humanas,Presencial,Iniciativa Privada,8,38,0,0
2763,103,2025-10-13T00:00:00.000000000,SP,52,31,Sênior,12034.62,Tecnologia,Presencial,Iniciativa Privada,6,52,0,0
2764,301,2026-05-28T00:00:00.000000000,PR,18,25,Júnior,2789.39,Humanas,Presencial,Autônomo/PJ,4,39,0,0
2765,301,2025-03-27T00:00:00.000000000,SP,27,29,Pleno,7131.9,Humanas,Presencial,Iniciativa Privada,9,51,0,0
2766,304,2026-03-06T00:00:00.000000000,SP,26,29,Sênior,12823.62,Humanas,Híbrido,Setor Público,4,36,0,0
2767,302,2025-01-31T00:00:00.000000000,RJ,91,29,Sênior,12713.88,Humanas,Presencial,Setor Público,6,66,0,0
2768,103,2026-03-16T00:00:00.000000000,GO,97,31,Sem vínculo,0.0,Tecnologia,Híbrido,Desempregado,5,18,0,0
2769,101,2025-12-15T00:00:00.000000000,SP,14,27,Júnior,3794.54,Tecnologia,Híbrido,Autônomo/PJ,4,33,0,0
2770,201,2026-02-16T00:00:00.000000000,SP,31,27,Pleno,6461.14,Exatas,Presencial,Autônomo/PJ,9,77,0,0
2771,403,2026-06-12T00:00:00.000000000,PR,14,23,Júnior,4178.27,Biológicas,Presencial,Iniciativa Privada,9,84,0,0
2772,201,2025-11-06T00:00:00.000000000,RJ,20,24,Júnior,3622.34,Exatas,Híbrido,Iniciativa Privada,4,65,0,0
2773,304,2026-01-31T00:00:00.000000000,GO,15,26,Júnior,3776.8,Humanas,Presencial,Iniciativa Privada,5,9,0,0
2774,404,2025-12-04T00:00:00.000000000,SP,93,33,Sênior,11847.91,Biológicas,EAD,Iniciativa Privada,4,51,1,0
2775,404,2026-03-13T00:00:00.000000000,MG,47,30,Sênior,13085.56,Biológicas,Híbrido,Setor Público,7,41,0,0
2776,204,2025-12-31T00:00:00.000000000,SP,77,30,Gestão,16428.18,Exatas,EAD,Setor Público,10,59,1,0
2777,201,2025-04-23T00:00:00.000000000,SP,29,26,Pleno,9003.71,Exatas,EAD,Iniciativa Privada,6,80,1,0
2778,403,2025-06-25T00:00:00.000000000,MG,85,33,Sênior,11103.78,Biológicas,EAD,Iniciativa Privada,4,1,0,0
2779,403,2025-05-29T00:00:00.000000000,MG,54,30,Sênior,10164.58,Biológicas,EAD,Iniciativa Privada,4,90,0,0
2780,303,2025-06-27T00:00:00.000000000,PR,31,22,Pleno,6821.83,Humanas,Presencial,Setor Público,5,0,0,0
2781,303,2026-01-17T00:00:00.000000000,SP,96,31,Gestão,15643.85,Humanas,Presencial,Setor Público,4,49,1,0
2782,302,2025-08-11T00:00:00.000000000,RJ,42,30,Pleno,7272.92,Humanas,EAD,Setor Público,5,35,1,0
2783,203,2025-09-16T00:00:00.000000000,RJ,73,29,Sênior,10913.28,Exatas,Híbrido,Iniciativa Privada,6,96,0,0
2784,402,2025-07-08T00:00:00.000000000,BA,55,30,Pleno,7683.56,Biológicas,Presencial,Iniciativa Privada,7,21,0,0
2785,302,2025-11-02T00:00:00.000000000,SP,29,23,Sênior,10613.76,Humanas,Presencial,Autônomo/PJ,8,98,0,1
2786,104,2026-01-13T00:00:00.000000000,SP,24,23,Pleno,6132.48,Tecnologia,Presencial,Autônomo/PJ,6,97,0,0
2787,102,2025-12-09T00:00:00.000000000,SP,105,33,Sênior,13176.91,Tecnologia,Híbrido,Iniciativa Privada,4,81,1,0
2788,401,2025-06-05T00:00:00.000000000,MG,65,30,Sênior,12918.73,Biológicas,Presencial,Setor Público,10,35,1,1
2789,302,2025-02-24T00:00:00.000000000,SP,44,24,Pleno,6557.37,Humanas,EAD,Iniciativa Privada,7,2,1,0
2790,204,2026-03-18T00:00:00.000000000,GO,79,32,Sênior,11146.81,Exatas,Híbrido,Autônomo/PJ,8,43,1,0
2791,102,2025-07-19T00:00:00.000000000,SP,94,33,Pleno,5124.96,Tecnologia,Presencial,Autônomo/PJ,8,15,0,0
2792,301,2026-02-07T00:00:00.000000000,RS,23,26,Júnior,1500.0,Humanas,Híbrido,Setor Público,9,10,0,0
2793,101,2025-06-26T00:00:00.000000000,SP,24,24,Pleno,5228.81,Tecnologia,Híbrido,Iniciativa Privada,9,9,1,0
2794,201,2026-03-25T00:00:00.000000000,MG,41,29,Pleno,8116.0,Exatas,Híbrido,Iniciativa Privada,4,50,1,0
2795,304,2026-06-25T00:00:00.000000000,GO,79,27,Gestão,17370.58,Humanas,Presencial,Setor Público,9,41,0,1
2796,204,2025-10-28T00:00:00.000000000,SP,102,31,Gestão,15864.41,Exatas,Presencial,Setor Público,8,84,0,0
2797,403,2025-11-03T00:00:00.000000000,BA,60,31,Pleno,7228.19,Biológicas,EAD,Setor Público,8,24,1,0
2798,104,2025-09-24T00:00:00.000000000,RJ,119,36,Gestão,15856.67,Tecnologia,Presencial,Setor Público,6,98,1,0
2799,101,2025-08-02T00:00:00.000000000,GO,74,32,Sênior,12615.24,Tecnologia,Presencial,Iniciativa Privada,9,5,0,0
2800,101,2026-04-28T00:00:00.000000000,MG,52,26,Sem vínculo,0.0,Tecnologia,Híbrido,Desempregado,9,43,1,0
2801,104,2025-09-19T00:00:00.000000000,SP,54,29,Sênior,10973.76,Tecnologia,EAD,Autônomo/PJ,6,7,0,0
2802,102,2025-03-08T00:00:00.000000000,SP,104,34,Sênior,12458.13,Tecnologia,Presencial,Iniciativa Privada,8,33,1,0
2803,304,2026-07-28T00:00:00.000000000,SP,113,33,Sênior,9442.9,Humanas,Presencial,Setor Público,5,40,1,0
2804,204,2025-05-13T00:00:00.000000000,SP,103,28,Gestão,15476.87,Exatas,EAD,Iniciativa Privada,4,0,1,0
2805,401,2026-06-24T00:00:00.000000000,SP,38,24,Júnior,4441.02,Biológicas,Híbrido,Iniciativa Privada,5,2,0,0
2806,103,2026-05-27T00:00:00.000000000,SP,26,29,Sênior,12532.3,Tecnologia,Presencial,Iniciativa Privada,5,51,1,0
2807,301,2025-07-30T00:00:00.000000000,RJ,86,34,Gestão,18735.36,Humanas,Presencial,Setor Público,8,90,0,1
2808,403,2025-09-10T00:00:00.000000000,PR,27,29,Pleno,6911.42,Biológicas,EAD,ONG,4,76,0,0
2809,101,2025-02-07T00:00:00.000000000,SP,53,28,Sênior,10946.73,Tecnologia,Presencial,Setor Público,5,42,0,0
2810,204,2025-02-12T00:00:00.000000000,SP,42,30,Pleno,6163.72,Exatas,Presencial,Iniciativa Privada,10,46,1,1
2811,301,2026-02-09T00:00:00.000000000,MG,20,28,Júnior,3877.17,Humanas,Presencial,Iniciativa Privada,10,82,0,0
2812,301,2025-02-15T00:00:00.000000000,SP,40,28,Sênior,9681.53,Humanas,Presencial,Iniciativa Privada,10,18,1,0
2813,201,2026-03-30T00:00:00.000000000,SP,97,31,Sênior,9328.05,Exatas,Presencial,Iniciativa Privada,6,69,0,0
2814,104,2025-11-01T00:00:00.000000000,SP,76,26,Sênior,12585.69,Tecnologia,EAD,Autônomo/PJ,6,46,0,0
2815,304,2025-08-21T00:00:00.000000000,GO,37,27,Sem vínculo,0.0,Humanas,Presencial,Desempregado,4,77,1,0
2816,304,2025-09-02T00:00:00.000000000,SC,16,21,Júnior,5014.3,Humanas,Híbrido,Iniciativa Privada,5,4,0,0
2817,104,2025-10-22T00:00:00.000000000,SP,15,22,Júnior,3797.65,Tecnologia,EAD,Setor Público,10,63,0,0
2818,403,2026-01-18T00:00:00.000000000,MG,78,31,Sem vínculo,0.0,Biológicas,EAD,Desempregado,7,44,0,0
2819,203,2025-06-07T00:00:00.000000000,RJ,83,32,Gestão,16387.93,Exatas,Presencial,Iniciativa Privada,9,63,0,0
2820,202,2026-02-09T00:00:00.000000000,MG,82,29,Sênior,10780.38,Exatas,Híbrido,Autônomo/PJ,7,44,1,0
2821,404,2025-01-01T00:00:00.000000000,MG,62,30,Gestão,16829.87,Biológicas,Híbrido,Setor Público,4,35,1,0
2822,303,2025-08-05T00:00:00.000000000,MG,30,22,Pleno,6305.02,Humanas,Presencial,Setor Público,9,8,1,0
2823,101,2026-05-22T00:00:00.000000000,SP,7,24,Júnior,3281.43,Tecnologia,Presencial,Iniciativa Privada,4,22,1,0
2824,204,2025-01-30T00:00:00.000000000,SP,69,26,Sênior,11872.67,Exatas,Presencial,Setor Público,7,31,1,0
2825,302,2026-06-04T00:00:00.000000000,RJ,40,24,Pleno,5422.85,Humanas,Presencial,Autônomo/PJ,5,92,0,0
2826,302,2025-10-02T00:00:00.000000000,RS,12,26,Júnior,3874.92,Humanas,Presencial,Iniciativa Privada,5,44,1,0
2827,402,2026-05-07T00:00:00.000000000,MG,90,33,Gestão,15705.64,Biológicas,Presencial,Iniciativa Privada,8,27,1,0
2828,101,2025-02-05T00:00:00.000000000,SC,23,25,Júnior,3784.5,Tecnologia,Presencial,Iniciativa Privada,9,51,0,0
2829,103,2025-11-07T00:00:00.000000000,BA,72,32,Gestão,14937.82,Tecnologia,Presencial,ONG,4,10,0,0
2830,201,2025-02-13T00:00:00.000000000,SP,47,29,Júnior,2379.37,Exatas,Híbrido,Iniciativa Privada,5,18,1,0
2831,304,2025-06-04T00:00:00.000000000,MG,44,30,Pleno,7792.99,Humanas,EAD,Autônomo/PJ,7,63,0,0
2832,102,2025-03-18T00:00:00.000000000,MG,46,27,Pleno,7120.54,Tecnologia,Híbrido,Iniciativa Privada,9,64,1,0
2833,401,2026-03-14T00:00:00.000000000,BA,118,29,Sênior,12256.48,Biológicas,Presencial,Iniciativa Privada,7,72,1,0
2834,101,2026-03-08T00:00:00.000000000,BA,80,31,Sênior,13875.01,Tecnologia,EAD,Iniciativa Privada,6,56,1,0
2835,103,2026-06-26T00:00:00.000000000,MG,108,34,Gestão,16836.38,Tecnologia,EAD,Iniciativa Privada,5,65,1,0
2836,403,2025-02-08T00:00:00.000000000,SP,29,29,Pleno,7050.9,Biológicas,EAD,Iniciativa Privada,10,3,1,0
2837,202,2025-08-27T00:00:00.000000000,PR,65,27,Gestão,16441.38,Exatas,Presencial,Setor Público,10,28,0,0
2838,401,2025-01-13T00:00:00.000000000,SP,51,29,Sênior,11448.2,Biológicas,Presencial,Iniciativa Privada,8,3,0,0
2839,101,2025-05-02T00:00:00.000000000,PR,24,23,Pleno,6814.76,Tecnologia,Híbrido,Iniciativa Privada,8,0,1,0
2840,103,2025-05-24T00:00:00.000000000,GO,73,26,Sênior,9823.39,Tecnologia,Presencial,Iniciativa Privada,9,91,0,0
2841,301,2026-03-31T00:00:00.000000000,SP,95,31,Sênior,8842.1,Humanas,Presencial,Setor Público,4,17,1,0
2842,401,2026-01-03T00:00:00.000000000,MG,107,33,Sênior,12615.56,Biológicas,Presencial,Autônomo/PJ,6,12,0,0
2843,201,2025-09-04T00:00:00.000000000,RJ,47,23,Sênior,11658.91,Exatas,Híbrido,Setor Público,9,69,1,0
2844,103,2025-02-14T00:00:00.000000000,RJ,37,30,Sem vínculo,0.0,Tecnologia,Presencial,Desempregado,7,48,1,0
2845,302,2026-01-10T00:00:00.000000000,SP,44,28,Pleno,5851.18,Humanas,EAD,Iniciativa Privada,7,46,0,0
2846,104,2025-10-18T00:00:00.000000000,PR,114,33,Gestão,15456.65,Tecnologia,Presencial,Iniciativa Privada,4,85,1,0
2847,402,2025-07-26T00:00:00.000000000,GO,115,32,Sênior,12231.51,Biológicas,Presencial,Iniciativa Privada,8,29,0,0
2848,104,2026-06-03T00:00:00.000000000,GO,41,27,Sênior,11419.54,Tecnologia,Presencial,Iniciativa Privada,8,26,1,0
2849,401,2025-08-30T00:00:00.000000000,SP,109,33,Sênior,11629.31,Biológicas,Presencial,Setor Público,7,71,1,1
2850,202,2025-04-24T00:00:00.000000000,RS,106,32,Sênior,10430.2,Exatas,Híbrido,Iniciativa Privada,10,27,0,0
2851,204,2025-10-29T00:00:00.000000000,PR,102,33,Gestão,16992.17,Exatas,EAD,Iniciativa Privada,4,1,0,0
2852,303,2025-10-03T00:00:00.000000000,SP,41,25,Pleno,7181.07,Humanas,Presencial,Iniciativa Privada,9,19,0,0
2853,103,2025-04-06T00:00:00.000000000,SP,8,24,Sem vínculo,0.0,Tecnologia,Presencial,Desempregado,5,74,0,0
2854,402,2025-10-21T00:00:00.000000000,SP,78,33,Sem vínculo,0.0,Biológicas,Presencial,Desempregado,9,77,0,0
2855,102,2025-12-26T00:00:00.000000000,GO,13,22,Pleno,5386.77,Tecnologia,Híbrido,Iniciativa Privada,6,23,0,0
2856,201,2025-10-15T00:00:00.000000000,MG,102,29,Sênior,10115.94,Exatas,Presencial,Iniciativa Privada,8,76,0,0
2857,202,2025-06-03T00:00:00.000000000,PR,75,33,Gestão,19094.12,Exatas,Presencial,Autônomo/PJ,9,71,0,0
2858,401,2026-07-24T00:00:00.000000000,SP,46,23,Sem vínculo,0.0,Biológicas,Presencial,Desempregado,8,43,1,0
2859,101,2026-02-27T00:00:00.000000000,PR,108,31,Sênior,10354.19,Tecnologia,Presencial,Iniciativa Privada,8,20,1,0
2860,203,2025-02-19T00:00:00.000000000,SP,73,26,Pleno,6432.54,Exatas,Presencial,Iniciativa Privada,5,21,0,0
2861,303,2025-07-26T00:00:00.000000000,SP,18,28,Sem vínculo,0.0,Humanas,EAD,Desempregado,10,72,1,0
2862,104,2026-07-18T00:00:00.000000000,MG,54,25,Júnior,3268.51,Tecnologia,Presencial,Autônomo/PJ,5,57,1,0
2863,103,2026-07-19T00:00:00.000000000,SP,65,31,Pleno,4859.83,Tecnologia,Híbrido,Iniciativa Privada,9,10,0,0
2864,203,2025-08-01T00:00:00.000000000,SC,7,21,Júnior,4337.83,Exatas,Híbrido,Setor Público,6,79,1,0
2865,102,2025-03-07T00:00:00.000000000,SP,65,28,Sem vínculo,0.0,Tecnologia,Presencial,Desempregado,8,52,1,0
2866,203,2025-08-20T00:00:00.000000000,MG,10,24,Júnior,4399.44,Exatas,Presencial,Autônomo/PJ,7,8,1,0
2867,304,2025-11-16T00:00:00.000000000,RJ,49,30,Sênior,12243.69,Humanas,EAD,Autônomo/PJ,8,66,1,1
2868,402,2025-05-17T00:00:00.000000000,MG,32,23,Pleno,6201.83,Biológicas,EAD,Autônomo/PJ,6,99,1,0
2869,204,2026-07-20T00:00:00.000000000,SP,37,28,Pleno,6756.13,Exatas,Presencial,Iniciativa Privada,9,51,0,0
2870,303,2025-03-06T00:00:00.000000000,SP,26,27,Pleno,5592.46,Humanas,Presencial,Autônomo/PJ,6,12,0,0
2871,104,2026-05-29T00:00:00.000000000,GO,13,21,Júnior,3629.34,Tecnologia,Híbrido,Iniciativa Privada,7,0,1,0
2872,202,2025-05-12T00:00:00.000000000,SP,107,34,Sem vínculo,0.0,Exatas,Presencial,Desempregado,5,43,0,0
2873,401,2025-11-30T00:00:00.000000000,SC,77,26,Gestão,17786.93,Biológicas,EAD,Iniciativa Privada,7,74,0,0
2874,104,2025-02-01T00:00:00.000000000,BA,55,28,Pleno,7475.86,Tecnologia,EAD,ONG,6,23,0,0
2875,204,2026-05-13T00:00:00.000000000,SP,72,30,Sênior,11830.38,Exatas,Presencial,Iniciativa Privada,7,4,0,0
2876,302,2025-08-31T00:00:00.000000000,SP,49,27,Pleno,7252.8,Humanas,EAD,Iniciativa Privada,8,65,0,0
2877,302,2025-07-11T00:00:00.000000000,MG,63,32,Pleno,6926.15,Humanas,Híbrido,Iniciativa Privada,6,80,0,0
2878,204,2025-05-22T00:00:00.000000000,BA,8,27,Júnior,4456.98,Exatas,Presencial,Setor Público,10,80,1,1
2879,103,2026-07-15T00:00:00.000000000,GO,91,29,Gestão,16761.02,Tecnologia,Híbrido,Autônomo/PJ,9,19,0,0
2880,204,2025-07-10T00:00:00.000000000,RJ,75,26,Sênior,10283.09,Exatas,Presencial,Autônomo/PJ,5,63,0,0
2881,102,2025-05-29T00:00:00.000000000,PR,7,24,Júnior,2537.41,Tecnologia,EAD,Iniciativa Privada,5,14,0,0
2882,301,2026-02-20T00:00:00.000000000,SP,92,34,Sênior,10695.77,Humanas,EAD,Iniciativa Privada,7,67,1,0
2883,201,2026-06-04T00:00:00.000000000,BA,49,24,Sem vínculo,0.0,Exatas,EAD,Desempregado,7,53,1,0
2884,403,2025-01-16T00:00:00.000000000,BA,7,24,Júnior,5604.26,Biológicas,Presencial,Autônomo/PJ,10,10,0,0
2885,104,2025-04-16T00:00:00.000000000,SP,107,29,Gestão,17496.74,Tecnologia,Presencial,Autônomo/PJ,10,22,0,0
2886,201,2025-10-10T00:00:00.000000000,SP,86,27,Sênior,12136.04,Exatas,Híbrido,Autônomo/PJ,7,0,1,0
2887,204,2025-04-14T00:00:00.000000000,SP,40,24,Pleno,7761.85,Exatas,Presencial,Autônomo/PJ,9,41,1,0
2888,102,2025-12-27T00:00:00.000000000,SP,103,28,Pleno,4880.33,Tecnologia,EAD,Iniciativa Privada,8,46,0,0
2889,201,2025-02-04T00:00:00.000000000,SC,92,29,Sênior,11765.19,Exatas,Híbrido,Autônomo/PJ,5,67,1,0
2890,103,2025-04-23T00:00:00.000000000,SP,35,25,Pleno,6196.34,Tecnologia,Presencial,Setor Público,6,37,0,0
2891,102,2025-11-04T00:00:00.000000000,SP,13,26,Júnior,4844.8,Tecnologia,Presencial,ONG,6,1,0,0
2892,103,2025-02-22T00:00:00.000000000,SP,27,29,Pleno,7382.46,Tecnologia,Híbrido,Autônomo/PJ,5,44,1,0
2893,102,2025-03-22T00:00:00.000000000,BA,49,29,Pleno,6876.56,Tecnologia,Híbrido,Iniciativa Privada,9,26,0,0
2894,401,2026-01-04T00:00:00.000000000,MG,63,30,Sênior,10730.38,Biológicas,Presencial,Iniciativa Privada,10,97,1,1
2895,103,2025-08-30T00:00:00.000000000,RJ,41,24,Júnior,4026.12,Tecnologia,EAD,Iniciativa Privada,10,76,0,1
2896,403,2025-01-31T00:00:00.000000000,SP,74,32,Gestão,17347.44,Biológicas,Híbrido,Iniciativa Privada,7,60,1,1
2897,202,2025-12-27T00:00:00.000000000,BA,82,30,Gestão,17113.08,Exatas,Presencial,Setor Público,4,81,0,0
2898,203,2025-08-21T00:00:00.000000000,SC,98,33,Gestão,17519.75,Exatas,Presencial,ONG,7,10,0,0
2899,202,2025-02-03T00:00:00.000000000,SP,36,25,Pleno,8583.06,Exatas,Presencial,Iniciativa Privada,9,68,0,0
2900,402,2025-08-31T00:00:00.000000000,SP,52,29,Pleno,7216.5,Biológicas,Presencial,Iniciativa Privada,5,28,0,0
2901,302,2025-02-28T00:00:00.000000000,SP,60,25,Sem vínculo,0.0,Humanas,EAD,Desempregado,8,24,0,0
2902,402,2026-06-13T00:00:00.000000000,SP,85,28,Gestão,16588.02,Biológicas,EAD,Autônomo/PJ,7,77,0,1
2903,301,2025-03-19T00:00:00.000000000,MG,111,35,Pleno,5629.01,Humanas,Presencial,Iniciativa Privada,10,53,0,1
2904,102,2025-10-29T00:00:00.000000000,GO,67,25,Sênior,7660.29,Tecnologia,Híbrido,Autônomo/PJ,6,47,1,0
2905,404,2025-04-22T00:00:00.000000000,RJ,35,28,Júnior,2492.94,Biológicas,Presencial,Iniciativa Privada,8,45,1,0
2906,403,2026-02-17T00:00:00.000000000,SC,60,25,Sênior,12047.93,Biológicas,Presencial,Iniciativa Privada,5,40,0,0
2907,104,2025-11-13T00:00:00.000000000,RJ,21,21,Júnior,2535.17,Tecnologia,Presencial,Iniciativa Privada,10,40,0,0
2908,401,2025-05-25T00:00:00.000000000,PR,17,28,Júnior,4065.72,Biológicas,EAD,Iniciativa Privada,4,60,1,0
2909,304,2025-01-18T00:00:00.000000000,PR,22,24,Júnior,2434.6,Humanas,Presencial,Iniciativa Privada,7,100,1,0
2910,403,2025-12-17T00:00:00.000000000,SP,21,24,Sem vínculo,0.0,Biológicas,Presencial,Desempregado,8,10,0,0
2911,404,2025-06-04T00:00:00.000000000,SP,17,25,Júnior,2440.72,Biológicas,Híbrido,Autônomo/PJ,8,43,0,0
2912,401,2026-05-21T00:00:00.000000000,MG,13,22,Júnior,3956.41,Biológicas,Híbrido,Iniciativa Privada,6,31,1,0
2913,402,2025-12-26T00:00:00.000000000,SP,89,29,Sênior,10768.42,Biológicas,Presencial,Iniciativa Privada,10,48,0,1
2914,104,2025-11-28T00:00:00.000000000,SP,8,22,Júnior,3180.45,Tecnologia,Presencial,Iniciativa Privada,7,5,0,0
2915,101,2026-06-12T00:00:00.000000000,RJ,21,23,Júnior,5206.89,Tecnologia,EAD,Autônomo/PJ,4,56,1,0
2916,101,2025-01-12T00:00:00.000000000,BA,35,29,Pleno,5397.47,Tecnologia,EAD,Autônomo/PJ,8,5,0,0
2917,103,2025-03-16T00:00:00.000000000,RJ,114,29,Gestão,17516.55,Tecnologia,Híbrido,Iniciativa Privada,6,46,0,0
2918,203,2025-07-31T00:00:00.000000000,SC,28,25,Pleno,5037.87,Exatas,Presencial,Iniciativa Privada,10,62,1,0
2919,304,2025-10-10T00:00:00.000000000,RJ,97,29,Sênior,11513.48,Humanas,Presencial,Setor Público,7,48,0,0
2920,202,2025-07-14T00:00:00.000000000,PR,109,29,Gestão,16879.02,Exatas,EAD,Setor Público,7,21,1,0
2921,301,2025-01-30T00:00:00.000000000,MG,10,26,Júnior,3395.38,Humanas,EAD,Iniciativa Privada,10,66,1,0
2922,404,2025-01-09T00:00:00.000000000,RS,89,30,Sênior,11841.51,Biológicas,EAD,Setor Público,10,18,1,1
2923,301,2025-11-05T00:00:00.000000000,RJ,109,32,Sênior,14286.48,Humanas,Híbrido,Setor Público,10,54,1,1
2924,201,2026-03-21T00:00:00.000000000,MG,113,34,Sênior,11384.02,Exatas,EAD,Iniciativa Privada,4,33,1,0
2925,102,2025-11-06T00:00:00.000000000,MG,70,30,Sênior,12219.98,Tecnologia,Presencial,Iniciativa Privada,6,40,1,0
2926,102,2026-03-02T00:00:00.000000000,RJ,35,29,Pleno,6128.86,Tecnologia,EAD,Iniciativa Privada,10,6,0,0
2927,204,2025-04-01T00:00:00.000000000,SP,26,23,Júnior,2501.22,Exatas,Presencial,ONG,4,56,0,0
2928,302,2026-04-01T00:00:00.000000000,SP,89,33,Sem vínculo,0.0,Humanas,Presencial,Desempregado,8,15,1,0
2929,202,2026-03-20T00:00:00.000000000,SP,75,27,Gestão,15890.38,Exatas,Híbrido,ONG,9,58,1,0
2930,304,2025-03-20T00:00:00.000000000,RS,27,23,Pleno,8641.52,Humanas,EAD,Autônomo/PJ,10,37,0,0
2931,102,2026-04-20T00:00:00.000000000,SP,87,34,Gestão,17959.7,Tecnologia,Presencial,Setor Público,5,8,1,0
2932,103,2025-04-13T00:00:00.000000000,SP,77,33,Gestão,16278.35,Tecnologia,Presencial,Setor Público,5,76,0,0
2933,301,2026-04-01T00:00:00.000000000,PR,108,29,Sem vínculo,0.0,Humanas,Presencial,Desempregado,4,33,1,0
2934,101,2025-11-10T00:00:00.000000000,SP,37,27,Pleno,4652.38,Tecnologia,Presencial,Iniciativa Privada,4,45,1,0
2935,301,2025-09-04T00:00:00.000000000,RJ,38,30,Júnior,4873.21,Humanas,EAD,Iniciativa Privada,9,36,1,0
2936,401,2025-08-22T00:00:00.000000000,SP,21,22,Júnior,3434.47,Biológicas,EAD,Setor Público,9,42,1,0
2937,104,2025-08-23T00:00:00.000000000,BA,81,31,Sênior,12209.27,Tecnologia,Presencial,Setor Público,9,46,1,0
2938,201,2026-01-22T00:00:00.000000000,RS,43,27,Pleno,5781.69,Exatas,Presencial,Iniciativa Privada,9,5,1,0
2939,301,2025-02-07T00:00:00.000000000,RS,103,28,Gestão,16701.61,Humanas,Presencial,Setor Público,10,37,1,1
2940,301,2025-06-10T00:00:00.000000000,RJ,19,25,Pleno,5757.45,Humanas,Presencial,Autônomo/PJ,5,60,0,0
2941,101,2026-04-07T00:00:00.000000000,PR,41,25,Sênior,11677.05,Tecnologia,Presencial,Iniciativa Privada,8,3,0,0
2942,403,2026-03-25T00:00:00.000000000,SP,102,34,Sênior,12503.41,Biológicas,EAD,Autônomo/PJ,9,4,1,0
2943,101,2025-04-27T00:00:00.000000000,SP,28,26,Júnior,4091.76,Tecnologia,EAD,Iniciativa Privada,9,69,1,0
2944,203,2025-08-29T00:00:00.000000000,SP,119,30,Sem vínculo,0.0,Exatas,Híbrido,Desempregado,4,59,1,0
2945,204,2025-01-26T00:00:00.000000000,MG,114,29,Pleno,7319.47,Exatas,EAD,Iniciativa Privada,9,76,1,1
2946,102,2026-07-16T00:00:00.000000000,RJ,71,31,Sênior,13735.63,Tecnologia,EAD,Setor Público,8,87,1,0
2947,101,2025-10-25T00:00:00.000000000,RJ,110,30,Sênior,12194.41,Tecnologia,Presencial,Iniciativa Privada,10,91,1,0
2948,102,2025-06-03T00:00:00.000000000,SP,90,33,Sênior,10803.69,Tecnologia,Presencial,Iniciativa Privada,10,76,1,0
2949,202,2026-04-13T00:00:00.000000000,RJ,7,25,Pleno,5736.83,Exatas,EAD,Setor Público,8,55,0,0
2950,104,2025-02-18T00:00:00.000000000,PR,96,30,Gestão,17989.45,Tecnologia,Presencial,Iniciativa Privada,10,81,0,0
2951,402,2025-02-15T00:00:00.000000000,RJ,78,31,Sênior,12297.99,Biológicas,EAD,Iniciativa Privada,6,58,1,0
2952,103,2025-10-12T00:00:00.000000000,PR,70,26,Gestão,18963.78,Tecnologia,Presencial,Iniciativa Privada,10,6,0,0
2953,402,2025-03-23T00:00:00.000000000,SP,80,27,Gestão,16244.41,Biológicas,Híbrido,Autônomo/PJ,8,67,1,1
2954,402,2025-02-13T00:00:00.000000000,SC,72,27,Sênior,11917.52,Biológicas,Presencial,Autônomo/PJ,9,30,0,0
2955,202,2025-09-30T00:00:00.000000000,MG,57,27,Sênior,11266.29,Exatas,Presencial,Iniciativa Privada,10,87,0,0
2956,201,2026-01-29T00:00:00.000000000,SP,67,27,Sênior,9773.9,Exatas,Híbrido,Setor Público,7,85,0,0
2957,101,2025-02-27T00:00:00.000000000,SP,28,28,Pleno,5503.13,Tecnologia,Presencial,Autônomo/PJ,9,84,1,1
2958,403,2026-07-19T00:00:00.000000000,MG,31,29,Sênior,11192.06,Biológicas,Híbrido,Setor Público,5,47,0,0
2959,303,2025-01-01T00:00:00.000000000,SC,73,27,Gestão,15654.87,Humanas,Presencial,Iniciativa Privada,10,41,1,1
2960,401,2025-08-04T00:00:00.000000000,RJ,87,28,Sênior,10823.83,Biológicas,EAD,Setor Público,10,89,0,1
2961,203,2025-11-13T00:00:00.000000000,SP,60,31,Gestão,18636.88,Exatas,Presencial,Iniciativa Privada,5,29,1,0
2962,401,2025-08-16T00:00:00.000000000,RS,11,27,Pleno,7792.26,Biológicas,Presencial,Iniciativa Privada,10,50,0,0
2963,204,2026-04-18T00:00:00.000000000,MG,40,28,Sênior,11079.94,Exatas,EAD,Iniciativa Privada,4,34,0,0
2964,402,2026-04-29T00:00:00.000000000,RJ,27,27,Sênior,10786.78,Biológicas,Presencial,Setor Público,4,61,0,0
2965,102,2025-10-14T00:00:00.000000000,RJ,48,25,Pleno,3182.63,Tecnologia,Presencial,Iniciativa Privada,6,50,1,0
2966,303,2026-05-26T00:00:00.000000000,SP,20,21,Sem vínculo,0.0,Humanas,EAD,Desempregado,9,86,0,0
2967,301,2026-08-01T00:00:00.000000000,MG,91,30,Sênior,9782.84,Humanas,Híbrido,Iniciativa Privada,6,49,0,0
2968,301,2026-04-03T00:00:00.000000000,SP,65,30,Gestão,16956.83,Humanas,Presencial,Iniciativa Privada,7,29,0,0
2969,203,2025-04-05T00:00:00.000000000,BA,106,28,Sênior,11579.79,Exatas,Presencial,Iniciativa Privada,4,18,0,0
2970,301,2026-05-08T00:00:00.000000000,RJ,111,32,Gestão,14559.74,Humanas,EAD,Iniciativa Privada,5,95,1,0
2971,104,2025-05-30T00:00:00.000000000,RJ,17,22,Júnior,3402.3,Tecnologia,EAD,Iniciativa Privada,7,49,0,0
2972,202,2025-01-23T00:00:00.000000000,MG,116,31,Gestão,18028.19,Exatas,Híbrido,Iniciativa Privada,10,53,0,0
2973,203,2025-08-03T00:00:00.000000000,GO,54,28,Pleno,6795.24,Exatas,Presencial,Iniciativa Privada,4,82,1,0
2974,103,2026-02-03T00:00:00.000000000,SC,47,27,Júnior,3825.77,Tecnologia,EAD,Iniciativa Privada,7,85,0,0
2975,301,2026-02-14T00:00:00.000000000,RJ,43,24,Pleno,6431.37,Humanas,Presencial,Iniciativa Privada,9,3,0,0
2976,103,2025-05-11T00:00:00.000000000,PR,87,32,Sênior,11852.51,Tecnologia,Presencial,Iniciativa Privada,8,11,1,0
2977,104,2025-05-28T00:00:00.000000000,MG,50,24,Pleno,7957.85,Tecnologia,Presencial,Autônomo/PJ,10,14,1,0
2978,201,2026-01-16T00:00:00.000000000,RJ,40,25,Pleno,7020.58,Exatas,Presencial,Setor Público,10,14,1,0
2979,401,2025-04-19T00:00:00.000000000,SP,35,28,Pleno,5422.84,Biológicas,Presencial,Setor Público,8,9,0,0
2980,201,2026-07-06T00:00:00.000000000,RJ,93,30,Sênior,12448.91,Exatas,Presencial,Iniciativa Privada,7,60,0,0
2981,401,2025-05-01T00:00:00.000000000,SP,111,30,Sênior,11168.8,Biológicas,Híbrido,Setor Público,4,18,0,0
2982,204,2025-10-22T00:00:00.000000000,GO,35,24,Sem vínculo,0.0,Exatas,EAD,Desempregado,8,52,1,0
2983,301,2025-04-30T00:00:00.000000000,SP,83,33,Sênior,10686.07,Humanas,Presencial,Iniciativa Privada,8,71,1,1
2984,103,2026-04-01T00:00:00.000000000,BA,11,22,Júnior,6354.76,Tecnologia,Híbrido,Iniciativa Privada,7,56,0,0
2985,404,2026-06-14T00:00:00.000000000,RJ,72,31,Sênior,11412.83,Biológicas,Híbrido,Iniciativa Privada,8,94,0,1
2986,202,2025-06-18T00:00:00.000000000,MG,85,34,Gestão,16014.89,Exatas,Presencial,Iniciativa Privada,9,8,0,0
2987,202,2025-05-23T00:00:00.000000000,RJ,12,24,Júnior,3008.49,Exatas,Presencial,Iniciativa Privada,10,28,1,0
2988,103,2025-02-06T00:00:00.000000000,SP,57,31,Pleno,6171.26,Tecnologia,Presencial,Setor Público,5,6,1,0
2989,403,2025-09-18T00:00:00.000000000,SP,19,23,Júnior,4188.49,Biológicas,Presencial,Iniciativa Privada,8,71,1,0
2990,304,2025-08-19T00:00:00.000000000,SP,78,31,Sem vínculo,0.0,Humanas,Presencial,Desempregado,9,16,0,0
2991,402,2025-09-11T00:00:00.000000000,MG,20,28,Pleno,6938.44,Biológicas,Presencial,Iniciativa Privada,10,78,1,0
2992,102,2025-11-25T00:00:00.000000000,RJ,26,22,Pleno,7327.99,Tecnologia,Presencial,Iniciativa Privada,7,15,0,0
2993,102,2025-10-24T00:00:00.000000000,PR,40,28,Sem vínculo,0.0,Tecnologia,Presencial,Desempregado,8,70,0,0
2994,102,2025-01-10T00:00:00.000000000,SP,71,25,Gestão,18336.67,Tecnologia,Presencial,Autônomo/PJ,8,82,0,0
2995,202,2026-03-22T00:00:00.000000000,SP,96,28,Gestão,18672.32,Exatas,Presencial,Iniciativa Privada,6,37,1,0
2996,401,2025-08-18T00:00:00.000000000,RJ,7,27,Pleno,8052.68,Biológicas,Presencial,Setor Público,7,88,0,0
2997,203,2026-06-20T00:00:00.000000000,GO,40,30,Júnior,1500.0,Exatas,Presencial,Autônomo/PJ,7,75,0,0
2998,101,2025-03-19T00:00:00.000000000,PR,87,33,Pleno,8657.22,Tecnologia,Presencial,Iniciativa Privada,9,95,1,1
2999,202,2026-03-01T00:00:00.000000000,RJ,83,32,Sênior,10736.32,Exatas,EAD,Iniciativa Privada,6,46,1,0
3000,304,2025-07-12T00:00:00.000000000,RJ,25,24,Pleno,7116.09,Humanas,EAD,Autônomo/PJ,6,9,1,0
3001,104,2026-02-05T00:00:00.000000000,SP,87,32,Gestão,17665.65,Tecnologia,Presencial,Iniciativa Privada,9,23,0,0
3002,402,2025-04-19T00:00:00.000000000,BA,15,27,Júnior,3332.82,Biológicas,Híbrido,Iniciativa Privada,5,49,1,0
3003,102,2025-09-20T00:00:00.000000000,MG,30,22,Sênior,10750.96,Tecnologia,EAD,Iniciativa Privada,8,67,1,0
3004,304,2025-11-25T00:00:00.000000000,SP,71,31,Sênior,9914.04,Humanas,Presencial,Iniciativa Privada,4,42,1,0
3005,201,2025-12-29T00:00:00.000000000,MG,30,25,Pleno,6566.76,Exatas,Presencial,ONG,4,36,1,0
3006,101,2026-01-13T00:00:00.000000000,SP,59,26,Pleno,6376.9,Tecnologia,Presencial,Iniciativa Privada,6,44,0,0
3007,302,2025-12-07T00:00:00.000000000,BA,38,28,Pleno,5214.21,Humanas,Presencial,ONG,7,53,1,0
3008,201,2025-09-16T00:00:00.000000000,SP,41,28,Pleno,6464.89,Exatas,Presencial,Iniciativa Privada,7,42,1,0
3009,304,2025-12-01T00:00:00.000000000,MG,100,32,Gestão,17546.6,Humanas,Presencial,Iniciativa Privada,9,67,1,1
3010,301,2025-03-26T00:00:00.000000000,SP,19,26,Júnior,5953.9,Humanas,Híbrido,Iniciativa Privada,5,99,0,0
3011,102,2026-06-06T00:00:00.000000000,PR,70,27,Sênior,10869.46,Tecnologia,Presencial,Autônomo/PJ,4,36,0,0
3012,404,2026-07-25T00:00:00.000000000,PR,115,32,Sem vínculo,0.0,Biológicas,Presencial,Desempregado,10,88,1,0
3013,301,2025-11-04T00:00:00.000000000,MG,85,32,Sênior,10928.14,Humanas,Presencial,Iniciativa Privada,10,40,1,1
3014,303,2025-09-19T00:00:00.000000000,MG,59,28,Pleno,7832.42,Humanas,Híbrido,Iniciativa Privada,9,93,1,1
3015,204,2026-03-28T00:00:00.000000000,RS,115,31,Sênior,11621.89,Exatas,Presencial,Setor Público,9,0,1,0
3016,104,2025-09-08T00:00:00.000000000,SP,57,24,Pleno,4710.98,Tecnologia,Presencial,Autônomo/PJ,7,92,0,0
3017,103,2025-11-20T00:00:00.000000000,SP,8,21,Júnior,2780.13,Tecnologia,Presencial,Iniciativa Privada,5,15,1,0
3018,403,2025-08-17T00:00:00.000000000,SP,104,29,Pleno,5911.13,Biológicas,Presencial,Setor Público,5,36,1,0
3019,404,2025-10-24T00:00:00.000000000,BA,46,23,Pleno,6798.48,Biológicas,Presencial,Setor Público,6,36,1,0
3020,203,2025-08-25T00:00:00.000000000,SP,11,26,Júnior,2176.34,Exatas,EAD,Iniciativa Privada,4,6,1,0
3021,102,2025-08-05T00:00:00.000000000,PR,30,27,Júnior,1917.46,Tecnologia,Presencial,Iniciativa Privada,5,39,1,0
3022,302,2025-09-03T00:00:00.000000000,MG,18,28,Júnior,2954.79,Humanas,Presencial,Iniciativa Privada,5,50,0,0
3023,302,2026-03-24T00:00:00.000000000,SP,103,29,Sênior,11015.88,Humanas,Presencial,Autônomo/PJ,5,63,0,0
3024,404,2025-11-15T00:00:00.000000000,SP,13,27,Júnior,2363.81,Biológicas,Híbrido,Setor Público,10,96,1,1
3025,103,2026-03-08T00:00:00.000000000,SP,26,23,Pleno,5177.02,Tecnologia,Presencial,Iniciativa Privada,4,21,0,0
3026,103,2026-02-08T00:00:00.000000000,RJ,103,28,Pleno,7565.04,Tecnologia,EAD,Iniciativa Privada,6,42,0,0
3027,201,2025-02-06T00:00:00.000000000,SP,73,31,Pleno,6112.23,Exatas,Presencial,Iniciativa Privada,8,61,1,0
3028,101,2026-07-30T00:00:00.000000000,SP,30,27,Sênior,12509.23,Tecnologia,Presencial,Autônomo/PJ,7,53,1,0
3029,403,2025-12-08T00:00:00.000000000,RS,84,33,Sênior,12175.81,Biológicas,EAD,Iniciativa Privada,10,26,0,0
3030,203,2026-01-24T00:00:00.000000000,BA,73,26,Gestão,16238.21,Exatas,Presencial,Iniciativa Privada,9,28,0,0
3031,403,2025-02-03T00:00:00.000000000,SP,50,30,Sênior,10527.74,Biológicas,Presencial,Iniciativa Privada,9,15,1,0
3032,104,2025-02-08T00:00:00.000000000,SP,65,30,Pleno,7942.2,Tecnologia,Presencial,Iniciativa Privada,4,84,1,0
3033,303,2025-07-28T00:00:00.000000000,SP,17,28,Júnior,4194.7,Humanas,Presencial,Iniciativa Privada,10,10,0,0
3034,201,2025-06-01T00:00:00.000000000,MG,37,28,Pleno,6419.0,Exatas,Presencial,Iniciativa Privada,4,20,1,0
3035,104,2025-12-31T00:00:00.000000000,SC,101,30,Gestão,18131.96,Tecnologia,Presencial,Iniciativa Privada,10,8,0,0
3036,203,2025-07-18T00:00:00.000000000,SP,97,35,Gestão,15628.6,Exatas,Presencial,Autônomo/PJ,9,26,0,0
3037,201,2025-03-20T00:00:00.000000000,SP,18,27,Júnior,5512.67,Exatas,Presencial,Iniciativa Privada,4,85,0,0
3038,404,2026-04-22T00:00:00.000000000,PR,36,25,Pleno,5856.87,Biológicas,EAD,Iniciativa Privada,8,78,1,0
3039,103,2026-03-10T00:00:00.000000000,MG,83,26,Gestão,15506.98,Tecnologia,Presencial,Autônomo/PJ,7,22,1,0
3040,403,2025-02-01T00:00:00.000000000,SP,25,25,Pleno,6154.93,Biológicas,EAD,Iniciativa Privada,7,50,0,0
3041,403,2025-03-28T00:00:00.000000000,MG,23,22,Júnior,2254.38,Biológicas,Presencial,Setor Público,5,92,1,0
3042,304,2026-07-05T00:00:00.000000000,SP,98,30,Gestão,17203.9,Humanas,EAD,Iniciativa Privada,9,79,0,1
3043,301,2026-01-28T00:00:00.000000000,SP,65,26,Gestão,16628.12,Humanas,EAD,Iniciativa Privada,9,2,1,1
3044,101,2025-09-01T00:00:00.000000000,PR,68,29,Sênior,11109.02,Tecnologia,EAD,Iniciativa Privada,9,15,0,0
3045,202,2025-08-20T00:00:00.000000000,SC,11,20,Júnior,5753.87,Exatas,EAD,Iniciativa Privada,5,7,1,0
3046,303,2025-07-11T00:00:00.000000000,RJ,37,26,Pleno,7035.65,Humanas,Presencial,Autônomo/PJ,9,89,1,1
3047,302,2026-06-24T00:00:00.000000000,GO,98,32,Gestão,16167.59,Humanas,Presencial,Iniciativa Privada,6,41,1,0
3048,202,2025-09-27T00:00:00.000000000,RJ,48,28,Pleno,6520.72,Exatas,EAD,Iniciativa Privada,10,72,0,0
3049,401,2025-03-18T00:00:00.000000000,PR,7,25,Júnior,4955.69,Biológicas,Presencial,Iniciativa Privada,4,34,0,0
3050,204,2025-06-16T00:00:00.000000000,RJ,65,29,Sênior,11064.46,Exatas,Presencial,Iniciativa Privada,6,70,1,0
3051,404,2025-10-11T00:00:00.000000000,RS,28,22,Pleno,6576.77,Biológicas,Presencial,Iniciativa Privada,4,71,0,0
3052,201,2025-03-30T00:00:00.000000000,GO,88,29,Sênior,10838.79,Exatas,Presencial,Iniciativa Privada,10,98,1,0
3053,304,2026-06-28T00:00:00.000000000,SP,36,23,Pleno,7608.69,Humanas,EAD,Iniciativa Privada,7,47,0,0
3054,302,2025-06-05T00:00:00.000000000,GO,10,22,Júnior,3527.99,Humanas,Presencial,Autônomo/PJ,10,53,0,0
3055,303,2025-09-07T00:00:00.000000000,SC,88,31,Gestão,18603.47,Humanas,Presencial,Iniciativa Privada,9,35,1,1
3056,101,2025-04-05T00:00:00.000000000,PR,39,27,Pleno,6764.96,Tecnologia,Híbrido,Autônomo/PJ,10,5,0,0
3057,103,2025-01-17T00:00:00.000000000,SP,15,28,Júnior,3182.82,Tecnologia,Presencial,ONG,6,70,1,0
3058,204,2025-04-27T00:00:00.000000000,SC,94,30,Sênior,11303.27,Exatas,Presencial,Iniciativa Privada,7,11,1,0
3059,403,2025-11-29T00:00:00.000000000,RS,7,22,Pleno,8554.81,Biológicas,EAD,Autônomo/PJ,10,58,1,0
3060,304,2026-06-06T00:00:00.000000000,SP,16,25,Júnior,3626.71,Humanas,Presencial,Autônomo/PJ,5,64,1,0
3061,104,2025-03-21T00:00:00.000000000,BA,55,29,Pleno,5638.56,Tecnologia,Híbrido,Iniciativa Privada,9,49,0,0
3062,102,2026-03-08T00:00:00.000000000,SP,36,30,Sem vínculo,0.0,Tecnologia,Presencial,Desempregado,10,42,1,0
3063,304,2025-07-22T00:00:00.000000000,SP,61,26,Sênior,11113.31,Humanas,Presencial,Iniciativa Privada,7,42,1,0
3064,202,2025-04-26T00:00:00.000000000,RJ,84,34,Gestão,18970.41,Exatas,Presencial,Iniciativa Privada,8,48,0,0
3065,402,2025-08-08T00:00:00.000000000,MG,78,29,Gestão,15622.03,Biológicas,Presencial,Autônomo/PJ,6,88,1,0
3066,202,2025-09-10T00:00:00.000000000,MG,92,27,Sênior,10785.85,Exatas,Híbrido,Iniciativa Privada,9,75,1,0
3067,201,2025-06-18T00:00:00.000000000,SP,88,30,Sênior,12819.07,Exatas,EAD,Iniciativa Privada,9,54,1,0
3068,201,2025-11-12T00:00:00.000000000,BA,14,22,Júnior,4270.22,Exatas,EAD,Iniciativa Privada,4,90,1,0
3069,304,2026-01-07T00:00:00.000000000,SP,104,35,Gestão,16025.24,Humanas,Presencial,Autônomo/PJ,7,86,1,1
3070,202,2025-06-05T00:00:00.000000000,SP,26,24,Pleno,6196.87,Exatas,Híbrido,Autônomo/PJ,9,82,0,0
3071,101,2025-01-13T00:00:00.000000000,SP,78,26,Gestão,16324.91,Tecnologia,EAD,Setor Público,9,84,0,0
3072,102,2026-05-23T00:00:00.000000000,MG,33,22,Sem vínculo,0.0,Tecnologia,Presencial,Desempregado,6,49,1,0
3073,303,2026-04-10T00:00:00.000000000,GO,67,27,Sênior,13463.33,Humanas,EAD,Iniciativa Privada,4,20,1,0
3074,103,2025-08-08T00:00:00.000000000,MG,115,35,Sênior,11895.2,Tecnologia,Híbrido,Iniciativa Privada,9,87,1,0
3075,103,2025-01-15T00:00:00.000000000,SC,12,27,Pleno,6221.46,Tecnologia,EAD,Setor Público,9,12,0,0
3076,104,2025-04-27T00:00:00.000000000,SP,85,30,Gestão,16787.39,Tecnologia,Presencial,Autônomo/PJ,6,41,1,0
3077,402,2025-11-27T00:00:00.000000000,RJ,21,25,Júnior,2851.82,Biológicas,Híbrido,Iniciativa Privada,10,99,1,1
3078,103,2025-02-25T00:00:00.000000000,RJ,102,34,Gestão,18289.53,Tecnologia,Presencial,Iniciativa Privada,6,14,1,0
3079,301,2025-12-17T00:00:00.000000000,RJ,9,23,Júnior,4238.11,Humanas,EAD,Autônomo/PJ,10,49,0,0
3080,303,2025-05-12T00:00:00.000000000,SP,9,26,Sem vínculo,0.0,Humanas,Presencial,Desempregado,8,0,1,0
3081,303,2025-08-14T00:00:00.000000000,MG,108,30,Sênior,12768.67,Humanas,Híbrido,Setor Público,7,50,1,1
3082,303,2025-11-04T00:00:00.000000000,RJ,45,28,Pleno,6292.52,Humanas,Presencial,Iniciativa Privada,10,33,0,0
3083,204,2026-04-20T00:00:00.000000000,PR,22,25,Sem vínculo,0.0,Exatas,Presencial,Desempregado,8,41,1,0
3084,201,2025-08-10T00:00:00.000000000,RJ,106,31,Sênior,10937.26,Exatas,Presencial,ONG,5,61,0,0
3085,102,2025-06-22T00:00:00.000000000,SP,108,34,Gestão,17562.07,Tecnologia,Presencial,Iniciativa Privada,9,94,1,0
3086,201,2025-12-06T00:00:00.000000000,MG,57,29,Júnior,3683.41,Exatas,Híbrido,Autônomo/PJ,6,31,1,0
3087,402,2026-05-21T00:00:00.000000000,SP,98,35,Sênior,13967.02,Biológicas,Híbrido,Autônomo/PJ,10,99,1,1
3088,404,2025-06-06T00:00:00.000000000,RS,57,30,Sem vínculo,0.0,Biológicas,Presencial,Desempregado,7,60,0,0
3089,304,2025-05-31T00:00:00.000000000,MG,41,30,Pleno,6233.75,Humanas,Presencial,Autônomo/PJ,10,92,0,1
3090,404,2025-06-27T00:00:00.000000000,SP,43,25,Sênior,10949.53,Biológicas,Presencial,Setor Público,5,53,1,0
3091,404,2026-06-17T00:00:00.000000000,BA,108,30,Sênior,11629.95,Biológicas,Presencial,Setor Público,9,73,0,0
3092,302,2025-04-22T00:00:00.000000000,RJ,55,25,Pleno,5582.46,Humanas,EAD,Iniciativa Privada,5,57,1,0
3093,203,2025-05-18T00:00:00.000000000,SP,68,26,Pleno,7071.41,Exatas,EAD,Setor Público,8,84,0,0
3094,202,2025-08-21T00:00:00.000000000,MG,106,32,Sênior,10373.88,Exatas,Presencial,Autônomo/PJ,5,99,1,0
3095,401,2025-11-28T00:00:00.000000000,SP,68,25,Sem vínculo,0.0,Biológicas,Presencial,Desempregado,10,23,0,0
3096,304,2026-06-26T00:00:00.000000000,SC,67,29,Sênior,11919.13,Humanas,EAD,Iniciativa Privada,4,26,0,0
3097,404,2025-11-03T00:00:00.000000000,SC,104,31,Sênior,11662.11,Biológicas,Presencial,Setor Público,4,20,1,0
3098,101,2025-06-10T00:00:00.000000000,BA,12,26,Júnior,5585.21,Tecnologia,Presencial,Iniciativa Privada,4,17,0,0
3099,102,2026-02-06T00:00:00.000000000,RJ,32,27,Pleno,6841.47,Tecnologia,Presencial,Setor Público,9,54,0,0
3100,103,2025-10-05T00:00:00.000000000,RJ,97,35,Sênior,10640.15,Tecnologia,Presencial,Setor Público,5,67,1,0
3101,103,2025-11-16T00:00:00.000000000,PR,91,27,Pleno,7255.41,Tecnologia,Presencial,Iniciativa Privada,9,46,1,0
3102,401,2026-06-17T00:00:00.000000000,SP,19,24,Júnior,2692.4,Biológicas,Híbrido,Iniciativa Privada,9,53,0,0
3103,103,2026-05-12T00:00:00.000000000,RJ,76,26,Sênior,12120.02,Tecnologia,Presencial,Iniciativa Privada,6,17,1,0
3104,202,2025-12-29T00:00:00.000000000,RJ,106,33,Sênior,11223.47,Exatas,EAD,Iniciativa Privada,7,72,1,0
3105,102,2026-01-07T00:00:00.000000000,SP,91,33,Gestão,15959.61,Tecnologia,Presencial,Autônomo/PJ,4,63,0,0
3106,101,2025-02-05T00:00:00.000000000,RJ,10,24,Júnior,2187.58,Tecnologia,EAD,Iniciativa Privada,4,48,0,0
3107,102,2025-10-30T00:00:00.000000000,RS,60,26,Sênior,13288.2,Tecnologia,Presencial,Iniciativa Privada,4,93,0,0
3108,404,2026-03-14T00:00:00.000000000,RS,7,25,Júnior,2044.77,Biológicas,Presencial,Iniciativa Privada,8,34,1,0
3109,301,2025-02-01T00:00:00.000000000,SP,67,27,Pleno,6743.95,Humanas,Presencial,Iniciativa Privada,8,93,1,0
3110,302,2025-07-05T00:00:00.000000000,SP,96,29,Gestão,18352.42,Humanas,EAD,Autônomo/PJ,10,38,0,1
3111,401,2025-06-23T00:00:00.000000000,SP,26,27,Pleno,5656.65,Biológicas,EAD,Iniciativa Privada,10,57,1,0
3112,403,2026-07-20T00:00:00.000000000,RS,107,32,Gestão,16741.43,Biológicas,Híbrido,ONG,4,56,1,0
3113,202,2025-09-07T00:00:00.000000000,SP,84,27,Sênior,13338.29,Exatas,Presencial,Iniciativa Privada,4,5,0,0
3114,104,2025-10-06T00:00:00.000000000,PR,26,28,Júnior,3112.48,Tecnologia,Presencial,Iniciativa Privada,9,77,1,1
3115,102,2025-01-02T00:00:00.000000000,SP,15,27,Júnior,2924.43,Tecnologia,Presencial,Iniciativa Privada,8,92,1,0
3116,101,2025-07-13T00:00:00.000000000,MG,92,28,Gestão,16344.53,Tecnologia,Presencial,Autônomo/PJ,7,95,0,0
3117,101,2025-06-15T00:00:00.000000000,SP,63,29,Gestão,18073.3,Tecnologia,Presencial,Setor Público,6,77,1,0
3118,202,2025-04-20T00:00:00.000000000,PR,44,29,Sem vínculo,0.0,Exatas,EAD,Desempregado,7,19,1,0
3119,104,2026-01-15T00:00:00.000000000,SP,10,26,Júnior,3823.75,Tecnologia,Presencial,Setor Público,9,49,0,0
3120,404,2025-10-12T00:00:00.000000000,MG,70,28,Gestão,16835.47,Biológicas,Híbrido,Iniciativa Privada,6,8,0,0
3121,404,2026-02-25T00:00:00.000000000,SP,18,23,Júnior,4524.77,Biológicas,Presencial,Autônomo/PJ,5,75,1,0
3122,101,2025-04-23T00:00:00.000000000,PR,90,28,Sem vínculo,0.0,Tecnologia,Presencial,Desempregado,5,13,1,0
3123,402,2025-08-16T00:00:00.000000000,RS,95,27,Gestão,18319.19,Biológicas,EAD,Iniciativa Privada,7,22,1,1
3124,303,2026-04-16T00:00:00.000000000,SP,119,35,Sênior,10770.6,Humanas,Presencial,Iniciativa Privada,8,47,0,0
3125,101,2026-06-12T00:00:00.000000000,RS,114,32,Sênior,10365.04,Tecnologia,Híbrido,Setor Público,10,97,0,0
3126,304,2026-05-11T00:00:00.000000000,MG,90,31,Sênior,11522.93,Humanas,EAD,Iniciativa Privada,10,79,0,1
3127,102,2025-01-31T00:00:00.000000000,SP,58,30,Sem vínculo,0.0,Tecnologia,EAD,Desempregado,4,81,0,0
3128,104,2025-06-11T00:00:00.000000000,RJ,87,34,Pleno,7955.92,Tecnologia,Híbrido,Iniciativa Privada,5,55,0,0
3129,203,2026-01-13T00:00:00.000000000,SP,106,30,Sênior,11350.29,Exatas,Presencial,Iniciativa Privada,9,39,1,0
3130,204,2026-03-22T00:00:00.000000000,PR,50,24,Sem vínculo,0.0,Exatas,Presencial,Desempregado,10,96,1,0
3131,104,2026-03-03T00:00:00.000000000,PR,37,27,Pleno,7158.69,Tecnologia,Híbrido,Autônomo/PJ,8,68,0,0
3132,203,2026-05-19T00:00:00.000000000,SP,41,27,Sênior,10299.77,Exatas,Presencial,Iniciativa Privada,8,38,1,0
3133,402,2026-06-11T00:00:00.000000000,RJ,86,28,Sem vínculo,0.0,Biológicas,Presencial,Desempregado,6,73,0,0
3134,301,2026-06-16T00:00:00.000000000,SC,104,34,Sênior,11515.31,Humanas,Presencial,Iniciativa Privada,5,85,1,0
3135,302,2026-06-04T00:00:00.000000000,GO,118,30,Sênior,12630.76,Humanas,Presencial,Iniciativa Privada,7,42,1,0
3136,303,2025-02-03T00:00:00.000000000,RJ,65,25,Sem vínculo,0.0,Humanas,EAD,Desempregado,9,96,0,0
3137,304,2026-05-05T00:00:00.000000000,BA,16,28,Pleno,8056.34,Humanas,Presencial,Iniciativa Privada,8,30,1,0
3138,102,2026-02-27T00:00:00.000000000,RJ,68,31,Gestão,17523.57,Tecnologia,Presencial,Iniciativa Privada,7,69,1,0
3139,401,2026-04-13T00:00:00.000000000,SP,26,27,Júnior,3609.1,Biológicas,Presencial,Iniciativa Privada,7,99,1,0
3140,403,2025-01-24T00:00:00.000000000,SC,57,30,Sênior,11741.91,Biológicas,Presencial,Autônomo/PJ,9,2,1,1
3141,102,2025-08-04T00:00:00.000000000,RJ,60,32,Sênior,12447.78,Tecnologia,Híbrido,Iniciativa Privada,5,3,0,0
3142,201,2025-02-24T00:00:00.000000000,RJ,31,27,Pleno,7010.68,Exatas,EAD,Setor Público,9,26,0,0
3143,303,2025-01-26T00:00:00.000000000,RJ,73,30,Gestão,15936.7,Humanas,Presencial,Setor Público,7,88,0,1
3144,101,2025-10-08T00:00:00.000000000,SC,39,24,Sênior,10144.79,Tecnologia,Presencial,Iniciativa Privada,10,100,1,0
3145,103,2025-11-23T00:00:00.000000000,SC,57,26,Sênior,10650.91,Tecnologia,Presencial,Setor Público,7,26,1,0
3146,104,2025-07-05T00:00:00.000000000,RJ,117,35,Gestão,16498.4,Tecnologia,Presencial,ONG,4,99,0,0
3147,402,2026-05-10T00:00:00.000000000,SP,87,29,Gestão,19006.15,Biológicas,EAD,Iniciativa Privada,10,46,1,1
3148,101,2025-01-12T00:00:00.000000000,RJ,109,35,Gestão,18501.99,Tecnologia,Presencial,Iniciativa Privada,10,59,0,0
3149,103,2026-03-10T00:00:00.000000000,MG,104,32,Sênior,11418.85,Tecnologia,Presencial,Iniciativa Privada,9,35,1,0
3150,101,2025-07-27T00:00:00.000000000,SP,110,30,Gestão,17283.19,Tecnologia,EAD,Setor Público,7,45,0,0
3151,301,2025-05-13T00:00:00.000000000,PR,98,28,Sênior,13737.4,Humanas,EAD,ONG,4,60,1,0
3152,402,2025-12-05T00:00:00.000000000,RJ,57,24,Sênior,11148.86,Biológicas,EAD,Iniciativa Privada,5,41,1,0
3153,204,2025-07-15T00:00:00.000000000,SP,34,22,Pleno,5784.41,Exatas,EAD,Iniciativa Privada,7,6,0,0
3154,101,2025-09-19T00:00:00.000000000,SP,43,29,Júnior,4610.57,Tecnologia,Presencial,Iniciativa Privada,8,29,1,0
3155,203,2025-10-09T00:00:00.000000000,SP,47,29,Júnior,2048.4,Exatas,Presencial,Setor Público,9,49,0,0
3156,303,2026-01-04T00:00:00.000000000,GO,26,24,Pleno,7515.14,Humanas,Presencial,Iniciativa Privada,7,46,0,0
3157,304,2025-04-13T00:00:00.000000000,SP,47,24,Pleno,6317.88,Humanas,Presencial,Autônomo/PJ,4,92,1,0
3158,303,2025-07-02T00:00:00.000000000,SP,18,28,Júnior,2713.1,Humanas,Presencial,Iniciativa Privada,8,39,1,0
3159,104,2026-02-27T00:00:00.000000000,RJ,118,35,Gestão,15383.22,Tecnologia,EAD,Autônomo/PJ,5,4,0,0
3160,103,2025-01-09T00:00:00.000000000,SP,110,30,Gestão,16599.03,Tecnologia,EAD,Iniciativa Privada,9,69,1,0
3161,102,2026-07-11T00:00:00.000000000,SP,69,27,Gestão,16564.33,Tecnologia,Presencial,Setor Público,6,57,1,0
3162,401,2025-09-01T00:00:00.000000000,SP,22,27,Júnior,4049.32,Biológicas,Presencial,Iniciativa Privada,6,43,1,0
3163,302,2026-07-21T00:00:00.000000000,RJ,14,21,Pleno,7056.66,Humanas,EAD,Autônomo/PJ,4,70,1,0
3164,301,2026-01-28T00:00:00.000000000,MG,46,23,Pleno,5389.75,Humanas,Presencial,Iniciativa Privada,5,31,1,0
3165,401,2026-06-11T00:00:00.000000000,SP,6,24,Júnior,3435.05,Biológicas,Presencial,Iniciativa Privada,5,78,1,0
3166,401,2025-02-06T00:00:00.000000000,RJ,7,25,Júnior,5210.03,Biológicas,EAD,Iniciativa Privada,7,76,1,0
3167,102,2025-06-27T00:00:00.000000000,BA,65,28,Sênior,11135.69,Tecnologia,Presencial,Autônomo/PJ,6,81,1,0
3168,101,2025-03-13T00:00:00.000000000,SP,53,31,Pleno,5198.33,Tecnologia,Presencial,Iniciativa Privada,7,73,0,0
3169,402,2025-12-18T00:00:00.000000000,SP,34,27,Sênior,14282.81,Biológicas,Presencial,Iniciativa Privada,5,39,1,0
3170,404,2025-05-29T00:00:00.000000000,SP,102,34,Gestão,15824.85,Biológicas,EAD,Autônomo/PJ,4,56,1,0
3171,203,2025-04-15T00:00:00.000000000,RJ,15,22,Júnior,4769.82,Exatas,EAD,Autônomo/PJ,4,10,1,0
3172,403,2025-08-09T00:00:00.000000000,PR,119,35,Sênior,12135.76,Biológicas,EAD,Iniciativa Privada,8,39,0,0
3173,101,2026-01-09T00:00:00.000000000,SP,63,26,Pleno,6154.31,Tecnologia,Presencial,Setor Público,10,46,1,0
3174,102,2026-06-02T00:00:00.000000000,PR,65,26,Gestão,15714.71,Tecnologia,EAD,Iniciativa Privada,4,1,0,0
3175,203,2025-09-17T00:00:00.000000000,SP,109,34,Sênior,11915.95,Exatas,Híbrido,Setor Público,10,90,1,0
3176,402,2025-10-26T00:00:00.000000000,RJ,26,25,Sênior,11949.3,Biológicas,Presencial,ONG,6,51,0,0
3177,302,2025-02-11T00:00:00.000000000,PR,33,26,Pleno,7257.7,Humanas,Presencial,Iniciativa Privada,8,71,1,0
3178,301,2026-05-07T00:00:00.000000000,SP,80,31,Sênior,11152.68,Humanas,EAD,Autônomo/PJ,6,48,0,0
3179,103,2026-03-15T00:00:00.000000000,MG,39,26,Pleno,5264.9,Tecnologia,Híbrido,Iniciativa Privada,7,58,1,0
3180,101,2025-02-16T00:00:00.000000000,SP,13,21,Pleno,7622.64,Tecnologia,Híbrido,Setor Público,10,37,1,0
3181,401,2025-03-26T00:00:00.000000000,PR,64,25,Gestão,16281.98,Biológicas,Presencial,Setor Público,7,15,1,0
3182,103,2025-02-27T00:00:00.000000000,SP,91,28,Sem vínculo,0.0,Tecnologia,Híbrido,Desempregado,4,87,0,0
3183,303,2025-07-28T00:00:00.000000000,RS,77,28,Gestão,16129.46,Humanas,Presencial,Iniciativa Privada,8,86,1,1
3184,304,2025-09-05T00:00:00.000000000,SP,54,30,Júnior,4323.1,Humanas,Presencial,Iniciativa Privada,6,77,0,0
3185,304,2025-07-30T00:00:00.000000000,RS,84,33,Sênior,11201.07,Humanas,Híbrido,Iniciativa Privada,6,26,1,0
3186,402,2025-02-08T00:00:00.000000000,SP,22,22,Sem vínculo,0.0,Biológicas,Híbrido,Desempregado,5,73,1,0
3187,203,2025-09-09T00:00:00.000000000,PR,65,27,Sênior,11820.46,Exatas,EAD,Autônomo/PJ,4,27,0,0
3188,304,2026-02-17T00:00:00.000000000,SP,92,34,Gestão,17575.01,Humanas,Híbrido,Setor Público,9,88,1,1
3189,102,2026-03-22T00:00:00.000000000,GO,93,30,Gestão,18632.98,Tecnologia,EAD,Iniciativa Privada,7,65,1,0
3190,202,2025-02-21T00:00:00.000000000,SP,50,31,Sênior,11534.1,Exatas,Presencial,ONG,10,44,1,0
3191,202,2026-01-09T00:00:00.000000000,SP,88,34,Sênior,12590.03,Exatas,Híbrido,Autônomo/PJ,9,32,0,0
3192,104,2026-06-10T00:00:00.000000000,RJ,74,26,Sênior,11220.58,Tecnologia,Híbrido,Setor Público,10,59,1,0
3193,403,2025-06-05T00:00:00.000000000,SP,37,30,Sênior,13031.59,Biológicas,Presencial,Iniciativa Privada,5,49,1,0
3194,301,2026-06-26T00:00:00.000000000,SP,49,30,Júnior,5575.06,Humanas,Presencial,Iniciativa Privada,7,45,0,0
3195,102,2025-03-31T00:00:00.000000000,GO,70,30,Sênior,14669.29,Tecnologia,Presencial,Setor Público,10,34,1,0
3196,104,2025-12-17T00:00:00.000000000,BA,92,29,Gestão,17074.68,Tecnologia,EAD,Autônomo/PJ,7,40,0,0
3197,104,2025-03-10T00:00:00.000000000,SP,106,31,Gestão,18136.35,Tecnologia,EAD,Iniciativa Privada,10,57,0,0
3198,301,2025-06-12T00:00:00.000000000,GO,13,21,Júnior,4009.32,Humanas,Híbrido,Setor Público,6,76,0,0
3199,401,2025-08-30T00:00:00.000000000,RJ,82,33,Gestão,16965.39,Biológicas,Presencial,Iniciativa Privada,7,54,1,0
3200,204,2026-05-10T00:00:00.000000000,SP,77,31,Sênior,10715.82,Exatas,EAD,Autônomo/PJ,8,4,0,0
3201,103,2026-01-18T00:00:00.000000000,PR,92,29,Sênior,10867.94,Tecnologia,Híbrido,Iniciativa Privada,7,4,1,0
3202,101,2025-02-21T00:00:00.000000000,MG,48,25,Pleno,6291.02,Tecnologia,Presencial,Iniciativa Privada,10,21,0,0
3203,104,2025-03-04T00:00:00.000000000,BA,6,21,Pleno,7762.81,Tecnologia,EAD,Iniciativa Privada,8,33,0,0
3204,301,2026-05-24T00:00:00.000000000,SP,114,30,Sênior,10424.8,Humanas,Presencial,Iniciativa Privada,10,64,0,0
3205,103,2025-10-19T00:00:00.000000000,MG,56,30,Pleno,6443.93,Tecnologia,EAD,Iniciativa Privada,7,58,1,0
3206,102,2025-04-01T00:00:00.000000000,SP,29,25,Pleno,6419.01,Tecnologia,EAD,Autônomo/PJ,5,16,0,0
3207,101,2026-02-28T00:00:00.000000000,SP,104,29,Sênior,10997.12,Tecnologia,EAD,Iniciativa Privada,10,50,0,0
3208,203,2025-12-31T00:00:00.000000000,SP,29,28,Pleno,5439.71,Exatas,Presencial,Iniciativa Privada,6,48,0,0
3209,204,2025-05-30T00:00:00.000000000,BA,22,25,Júnior,3451.81,Exatas,Presencial,Iniciativa Privada,5,8,0,0
3210,401,2025-09-28T00:00:00.000000000,SC,10,26,Júnior,1500.0,Biológicas,EAD,Iniciativa Privada,6,73,1,0
3211,301,2025-04-26T00:00:00.000000000,PR,25,22,Júnior,5256.42,Humanas,Presencial,Iniciativa Privada,10,14,1,0
3212,304,2026-05-31T00:00:00.000000000,RJ,26,28,Pleno,4400.03,Humanas,Presencial,Iniciativa Privada,10,28,0,0
3213,102,2025-08-29T00:00:00.000000000,SP,109,32,Gestão,15550.9,Tecnologia,Presencial,Setor Público,5,52,0,0
3214,104,2025-01-30T00:00:00.000000000,SP,63,30,Sênior,12606.18,Tecnologia,Presencial,Iniciativa Privada,10,24,1,0
3215,201,2025-05-23T00:00:00.000000000,SP,36,30,Pleno,5966.7,Exatas,EAD,Autônomo/PJ,4,84,0,0
3216,104,2025-11-22T00:00:00.000000000,SP,115,35,Gestão,17305.89,Tecnologia,EAD,Iniciativa Privada,7,80,1,0
3217,203,2025-01-16T00:00:00.000000000,PR,105,29,Sênior,12816.92,Exatas,EAD,Iniciativa Privada,7,90,0,0
3218,104,2025-04-21T00:00:00.000000000,RJ,16,21,Júnior,2181.72,Tecnologia,EAD,Iniciativa Privada,4,27,1,0
3219,101,2025-04-17T00:00:00.000000000,SP,57,26,Pleno,5001.28,Tecnologia,Presencial,ONG,4,22,0,0
3220,104,2026-01-14T00:00:00.000000000,SP,20,22,Júnior,3437.79,Tecnologia,Presencial,Setor Público,8,99,1,0
3221,402,2025-06-11T00:00:00.000000000,SP,88,27,Gestão,16525.75,Biológicas,Híbrido,Autônomo/PJ,5,2,0,0
3222,104,2025-10-10T00:00:00.000000000,RJ,12,25,Júnior,2290.56,Tecnologia,Presencial,Iniciativa Privada,10,32,0,0
3223,102,2025-09-26T00:00:00.000000000,GO,33,29,Sênior,10726.44,Tecnologia,Presencial,Autônomo/PJ,7,70,0,0
3224,103,2026-04-29T00:00:00.000000000,MG,56,26,Pleno,4247.8,Tecnologia,EAD,Iniciativa Privada,8,68,0,0
3225,302,2025-03-14T00:00:00.000000000,SC,112,33,Sênior,12514.37,Humanas,Presencial,Iniciativa Privada,10,89,0,1
3226,304,2025-07-16T00:00:00.000000000,RJ,63,30,Sênior,12513.28,Humanas,Presencial,Setor Público,10,16,0,1
3227,101,2025-08-31T00:00:00.000000000,SP,10,20,Júnior,2919.34,Tecnologia,Presencial,Iniciativa Privada,9,80,1,0
3228,302,2025-09-16T00:00:00.000000000,SP,10,24,Sem vínculo,0.0,Humanas,Híbrido,Desempregado,7,66,0,0
3229,203,2025-05-29T00:00:00.000000000,RS,99,35,Pleno,6514.37,Exatas,Presencial,Iniciativa Privada,10,66,0,0
3230,302,2026-01-25T00:00:00.000000000,PR,101,35,Sem vínculo,0.0,Humanas,Presencial,Desempregado,4,33,1,0
3231,302,2026-02-20T00:00:00.000000000,SP,13,26,Júnior,3883.91,Humanas,EAD,Setor Público,8,7,1,0
3232,302,2026-03-02T00:00:00.000000000,RJ,69,32,Pleno,6732.03,Humanas,Híbrido,Setor Público,9,44,1,0
3233,303,2025-08-05T00:00:00.000000000,RJ,15,21,Júnior,4258.28,Humanas,Presencial,Iniciativa Privada,8,59,1,0
3234,104,2025-03-27T00:00:00.000000000,MG,43,23,Sênior,10835.51,Tecnologia,Presencial,Iniciativa Privada,8,55,1,0
3235,202,2025-08-04T00:00:00.000000000,GO,116,36,Sem vínculo,0.0,Exatas,Presencial,Desempregado,5,69,0,0
3236,102,2026-02-27T00:00:00.000000000,MG,101,32,Sênior,12713.78,Tecnologia,Presencial,Iniciativa Privada,9,100,1,0
3237,401,2025-11-16T00:00:00.000000000,RJ,117,29,Sênior,12604.17,Biológicas,EAD,Setor Público,8,21,0,0
3238,103,2025-04-28T00:00:00.000000000,SP,97,29,Sem vínculo,0.0,Tecnologia,Presencial,Desempregado,7,32,0,0
3239,202,2026-02-19T00:00:00.000000000,SP,86,34,Sênior,11152.61,Exatas,Presencial,Iniciativa Privada,5,49,0,0
3240,103,2025-02-09T00:00:00.000000000,SP,100,28,Sênior,11588.21,Tecnologia,EAD,Setor Público,7,70,1,0
3241,102,2025-06-10T00:00:00.000000000,SP,13,24,Júnior,4948.52,Tecnologia,EAD,Setor Público,9,82,1,0
3242,304,2026-06-21T00:00:00.000000000,PR,109,34,Sênior,11676.98,Humanas,Híbrido,Iniciativa Privada,8,45,1,0
3243,204,2026-02-24T00:00:00.000000000,PR,30,29,Júnior,3600.5,Exatas,EAD,Iniciativa Privada,8,51,0,0
3244,202,2025-04-05T00:00:00.000000000,SP,78,26,Sênior,11051.98,Exatas,Presencial,Iniciativa Privada,9,73,1,0
3245,104,2026-03-18T00:00:00.000000000,SC,71,28,Sênior,12066.11,Tecnologia,EAD,Iniciativa Privada,7,86,1,0
3246,302,2026-07-12T00:00:00.000000000,SP,84,27,Gestão,16312.22,Humanas,Presencial,Autônomo/PJ,10,65,1,1
3247,104,2026-04-11T00:00:00.000000000,SP,55,24,Sênior,12754.85,Tecnologia,Presencial,Iniciativa Privada,6,20,1,0
3248,201,2025-10-15T00:00:00.000000000,SP,72,30,Sem vínculo,0.0,Exatas,EAD,Desempregado,8,23,0,0
3249,301,2026-02-16T00:00:00.000000000,SP,54,25,Pleno,4970.43,Humanas,Presencial,Iniciativa Privada,8,47,1,0
3250,201,2026-02-04T00:00:00.000000000,SP,41,30,Pleno,6886.38,Exatas,Presencial,Setor Público,10,12,0,0
3251,103,2026-06-12T00:00:00.000000000,RJ,73,31,Sênior,10942.0,Tecnologia,Híbrido,Setor Público,5,63,1,0
3252,303,2025-01-18T00:00:00.000000000,RJ,83,33,Gestão,16132.33,Humanas,EAD,Iniciativa Privada,7,4,1,0
3253,101,2025-05-16T00:00:00.000000000,BA,110,30,Gestão,18678.92,Tecnologia,EAD,Iniciativa Privada,10,17,0,0
3254,103,2026-04-09T00:00:00.000000000,SP,46,25,Pleno,7626.85,Tecnologia,EAD,Autônomo/PJ,10,74,0,1
3255,204,2025-09-05T00:00:00.000000000,SP,94,31,Gestão,15944.61,Exatas,Presencial,ONG,8,36,1,0
3256,102,2025-01-01T00:00:00.000000000,SP,67,29,Pleno,7006.34,Tecnologia,EAD,Iniciativa Privada,7,53,1,0
3257,102,2026-01-16T00:00:00.000000000,MG,119,30,Sênior,12168.62,Tecnologia,Híbrido,Iniciativa Privada,5,31,0,0
3258,302,2026-05-24T00:00:00.000000000,SP,15,27,Júnior,1643.03,Humanas,Presencial,Iniciativa Privada,7,27,0,0
3259,401,2026-04-05T00:00:00.000000000,SC,26,26,Pleno,6887.67,Biológicas,EAD,Iniciativa Privada,7,85,0,0
3260,203,2026-05-20T00:00:00.000000000,RJ,41,30,Pleno,7539.34,Exatas,EAD,Setor Público,10,44,0,0
3261,104,2026-04-21T00:00:00.000000000,RJ,17,22,Júnior,4026.89,Tecnologia,Presencial,Autônomo/PJ,5,27,1,0
3262,104,2026-07-11T00:00:00.000000000,MG,96,32,Sênior,10586.83,Tecnologia,Presencial,Iniciativa Privada,8,64,0,0
3263,301,2025-02-01T00:00:00.000000000,SP,109,29,Sem vínculo,0.0,Humanas,Presencial,Desempregado,7,69,1,0
3264,204,2025-04-28T00:00:00.000000000,SP,7,21,Pleno,7548.23,Exatas,Presencial,Iniciativa Privada,6,74,1,0
3265,104,2025-07-03T00:00:00.000000000,SP,18,22,Júnior,3308.1,Tecnologia,Presencial,Setor Público,8,41,0,0
3266,304,2025-07-10T00:00:00.000000000,MG,58,31,Sênior,10877.1,Humanas,Híbrido,Iniciativa Privada,10,32,0,1
3267,104,2025-03-15T00:00:00.000000000,SP,37,26,Sênior,10976.06,Tecnologia,Presencial,Iniciativa Privada,5,15,1,0
3268,103,2025-04-13T00:00:00.000000000,SP,100,32,Sênior,11055.74,Tecnologia,Presencial,Iniciativa Privada,4,12,1,0
3269,104,2026-02-24T00:00:00.000000000,BA,21,25,Júnior,3097.42,Tecnologia,Presencial,Iniciativa Privada,9,20,0,0
3270,302,2026-04-18T00:00:00.000000000,SP,37,24,Pleno,8366.16,Humanas,Híbrido,Autônomo/PJ,6,58,1,0
3271,101,2025-04-24T00:00:00.000000000,SC,37,23,Pleno,7936.67,Tecnologia,Presencial,Autônomo/PJ,8,46,1,0
3272,103,2026-01-14T00:00:00.000000000,PR,103,28,Sênior,11837.34,Tecnologia,EAD,Iniciativa Privada,9,38,0,0
3273,104,2025-11-09T00:00:00.000000000,SP,16,26,Júnior,2509.11,Tecnologia,EAD,Autônomo/PJ,5,87,0,0
3274,403,2025-11-26T00:00:00.000000000,SP,15,21,Júnior,4473.21,Biológicas,EAD,Iniciativa Privada,6,42,0,0
3275,204,2025-12-05T00:00:00.000000000,SP,20,25,Pleno,5376.51,Exatas,Presencial,Autônomo/PJ,8,26,1,0
3276,102,2025-08-26T00:00:00.000000000,MG,22,27,Júnior,6008.41,Tecnologia,Presencial,Iniciativa Privada,9,36,0,0
3277,301,2025-06-22T00:00:00.000000000,MG,45,26,Pleno,7973.96,Humanas,Presencial,Iniciativa Privada,4,2,0,0
3278,104,2025-03-20T00:00:00.000000000,PR,23,22,Júnior,4249.22,Tecnologia,Presencial,Iniciativa Privada,8,75,0,0
3279,204,2026-04-09T00:00:00.000000000,GO,60,27,Gestão,17153.92,Exatas,Presencial,Setor Público,4,6,1,0
3280,204,2026-05-16T00:00:00.000000000,MG,78,29,Sênior,11769.31,Exatas,EAD,Setor Público,4,57,0,0
3281,204,2026-07-16T00:00:00.000000000,SP,30,29,Pleno,6372.64,Exatas,Presencial,Iniciativa Privada,7,19,1,0
3282,101,2025-10-12T00:00:00.000000000,SP,109,36,Gestão,18029.88,Tecnologia,Presencial,Iniciativa Privada,10,78,0,0
3283,401,2025-08-11T00:00:00.000000000,SC,64,31,Sênior,11653.64,Biológicas,EAD,Iniciativa Privada,5,64,1,0
3284,202,2025-09-23T00:00:00.000000000,SP,83,28,Sênior,12117.43,Exatas,Presencial,Setor Público,7,73,1,0
3285,401,2026-01-08T00:00:00.000000000,SP,94,30,Gestão,18861.2,Biológicas,Presencial,Setor Público,4,13,0,0
3286,304,2025-08-21T00:00:00.000000000,PR,119,29,Sênior,11655.32,Humanas,Híbrido,Iniciativa Privada,5,78,0,0
3287,402,2025-08-24T00:00:00.000000000,RJ,27,26,Sênior,13341.59,Biológicas,Presencial,Iniciativa Privada,5,97,0,0
3288,202,2025-11-10T00:00:00.000000000,GO,35,28,Júnior,4199.78,Exatas,Presencial,Autônomo/PJ,5,48,0,0
3289,102,2026-01-15T00:00:00.000000000,MG,89,29,Sênior,12202.1,Tecnologia,Presencial,Iniciativa Privada,6,88,1,0
3290,304,2026-07-17T00:00:00.000000000,SP,90,33,Pleno,5433.01,Humanas,EAD,Iniciativa Privada,8,94,0,0
3291,303,2026-02-24T00:00:00.000000000,GO,49,27,Pleno,7827.75,Humanas,EAD,Iniciativa Privada,4,73,1,0
3292,404,2025-02-21T00:00:00.000000000,SP,37,27,Pleno,5772.33,Biológicas,Presencial,Iniciativa Privada,5,36,0,0
3293,101,2026-05-24T00:00:00.000000000,SP,56,30,Sênior,11276.34,Tecnologia,EAD,Iniciativa Privada,9,5,0,0
3294,201,2025-07-24T00:00:00.000000000,RJ,51,26,Sênior,13011.04,Exatas,Presencial,Setor Público,6,5,0,0
3295,404,2025-09-14T00:00:00.000000000,SP,118,30,Pleno,6059.91,Biológicas,Presencial,Iniciativa Privada,6,27,0,0
3296,404,2025-07-04T00:00:00.000000000,RJ,26,25,Pleno,6917.35,Biológicas,EAD,Autônomo/PJ,9,77,0,0
3297,102,2025-05-25T00:00:00.000000000,SP,104,29,Pleno,6320.65,Tecnologia,Presencial,Iniciativa Privada,4,12,1,0
3298,304,2025-01-14T00:00:00.000000000,RJ,37,23,Sênior,10256.59,Humanas,Presencial,Autônomo/PJ,7,12,0,0
3299,302,2025-09-03T00:00:00.000000000,SP,99,29,Gestão,16301.62,Humanas,Presencial,Setor Público,6,9,1,0
3300,101,2025-07-06T00:00:00.000000000,PR,44,24,Pleno,5969.25,Tecnologia,Híbrido,Setor Público,4,79,1,0
3301,402,2025-12-03T00:00:00.000000000,SC,118,34,Gestão,17111.12,Biológicas,Híbrido,Iniciativa Privada,6,38,1,0
3302,204,2025-09-16T00:00:00.000000000,SP,17,24,Júnior,2442.08,Exatas,EAD,Iniciativa Privada,4,98,1,0
3303,301,2025-02-09T00:00:00.000000000,SP,110,29,Sênior,10774.03,Humanas,Híbrido,Iniciativa Privada,5,78,1,0
3304,403,2026-02-22T00:00:00.000000000,SP,52,25,Pleno,5582.98,Biológicas,EAD,Setor Público,10,22,0,1
3305,102,2025-12-17T00:00:00.000000000,SP,23,28,Júnior,3820.02,Tecnologia,Híbrido,Iniciativa Privada,7,36,0,0
3306,401,2025-01-09T00:00:00.000000000,PR,26,26,Sem vínculo,0.0,Biológicas,Presencial,Desempregado,9,7,1,0
3307,302,2025-12-16T00:00:00.000000000,PR,18,23,Sem vínculo,0.0,Humanas,EAD,Desempregado,6,89,0,0
3308,401,2025-03-25T00:00:00.000000000,SP,26,23,Pleno,6232.25,Biológicas,EAD,Iniciativa Privada,9,59,1,0
3309,201,2026-06-17T00:00:00.000000000,SP,13,21,Sem vínculo,0.0,Exatas,Híbrido,Desempregado,6,85,0,0
3310,102,2025-12-24T00:00:00.000000000,SP,51,25,Pleno,5012.04,Tecnologia,Presencial,Iniciativa Privada,6,4,1,0
3311,303,2026-01-13T00:00:00.000000000,MG,109,31,Pleno,5827.37,Humanas,Presencial,Iniciativa Privada,10,97,1,1
3312,201,2025-06-21T00:00:00.000000000,SP,115,29,Sênior,12589.93,Exatas,Híbrido,Iniciativa Privada,8,26,1,0
3313,201,2025-01-25T00:00:00.000000000,BA,12,24,Pleno,6703.93,Exatas,EAD,Setor Público,8,18,1,0
3314,201,2026-01-28T00:00:00.000000000,PR,28,22,Pleno,5087.17,Exatas,Híbrido,Iniciativa Privada,10,42,0,0
3315,203,2025-04-13T00:00:00.000000000,SP,113,32,Sem vínculo,0.0,Exatas,EAD,Desempregado,9,42,0,0
3316,303,2025-08-24T00:00:00.000000000,MG,101,28,Sênior,11181.38,Humanas,EAD,Iniciativa Privada,5,34,1,0
3317,304,2026-02-14T00:00:00.000000000,GO,80,33,Gestão,13274.47,Humanas,Presencial,Iniciativa Privada,6,83,1,0
3318,302,2026-07-03T00:00:00.000000000,MG,91,33,Sênior,11906.83,Humanas,Presencial,Autônomo/PJ,7,54,1,0
3319,303,2025-11-28T00:00:00.000000000,SP,27,24,Pleno,3880.43,Humanas,EAD,Iniciativa Privada,8,60,1,0
3320,402,2026-06-16T00:00:00.000000000,SP,112,31,Sênior,10686.72,Biológicas,Híbrido,Iniciativa Privada,4,46,0,0
3321,104,2025-01-29T00:00:00.000000000,SC,94,27,Pleno,4139.47,Tecnologia,EAD,Setor Público,4,76,1,0
3322,402,2026-06-27T00:00:00.000000000,MG,27,28,Pleno,6743.86,Biológicas,Presencial,Iniciativa Privada,4,55,1,0
3323,203,2025-01-19T00:00:00.000000000,MG,97,29,Gestão,18466.21,Exatas,EAD,Iniciativa Privada,5,81,0,0
3324,202,2025-05-28T00:00:00.000000000,RS,34,24,Pleno,5044.43,Exatas,EAD,Iniciativa Privada,10,17,1,0
3325,203,2026-04-16T00:00:00.000000000,RS,18,28,Júnior,4447.09,Exatas,Híbrido,Iniciativa Privada,6,64,0,0
3326,202,2026-05-06T00:00:00.000000000,GO,87,30,Sem vínculo,0.0,Exatas,Presencial,Desempregado,6,95,1,0
3327,103,2025-10-10T00:00:00.000000000,SP,7,23,Júnior,2615.18,Tecnologia,Presencial,Autônomo/PJ,9,52,1,0
3328,103,2025-04-23T00:00:00.000000000,RJ,34,26,Pleno,6922.43,Tecnologia,Presencial,Iniciativa Privada,8,88,1,0
3329,102,2026-03-31T00:00:00.000000000,PR,90,32,Gestão,18842.22,Tecnologia,Presencial,Iniciativa Privada,4,84,0,0
3330,204,2025-11-26T00:00:00.000000000,PR,84,33,Pleno,7619.52,Exatas,Híbrido,Iniciativa Privada,5,90,0,0
3331,101,2025-09-12T00:00:00.000000000,MG,57,29,Sem vínculo,0.0,Tecnologia,Presencial,Desempregado,9,10,1,0
3332,104,2026-02-03T00:00:00.000000000,SP,32,27,Pleno,5393.27,Tecnologia,Híbrido,Iniciativa Privada,7,0,1,0
3333,102,2026-05-23T00:00:00.000000000,PR,55,27,Pleno,8083.36,Tecnologia,Híbrido,Iniciativa Privada,6,82,0,0
3334,104,2026-04-11T00:00:00.000000000,PR,100,35,Pleno,7015.76,Tecnologia,Presencial,Autônomo/PJ,6,95,0,0
3335,403,2026-02-11T00:00:00.000000000,SP,84,34,Sem vínculo,0.0,Biológicas,Híbrido,Desempregado,5,7,1,0
3336,301,2025-04-08T00:00:00.000000000,RJ,28,26,Pleno,5886.59,Humanas,Presencial,Iniciativa Privada,9,18,0,0
3337,402,2025-10-17T00:00:00.000000000,SP,93,32,Sênior,11550.24,Biológicas,EAD,Iniciativa Privada,9,54,0,0
3338,302,2025-06-05T00:00:00.000000000,SP,49,29,Sênior,10394.46,Humanas,Presencial,Iniciativa Privada,8,15,1,0
3339,402,2025-06-11T00:00:00.000000000,SP,82,26,Sênior,12776.49,Biológicas,Híbrido,Iniciativa Privada,10,98,1,1
3340,201,2025-04-07T00:00:00.000000000,RJ,27,22,Pleno,3894.6,Exatas,EAD,Setor Público,5,65,0,0
3341,203,2026-01-12T00:00:00.000000000,RJ,48,24,Pleno,7887.18,Exatas,Híbrido,Setor Público,9,11,1,0
3342,202,2026-07-21T00:00:00.000000000,MG,42,24,Pleno,4145.38,Exatas,EAD,Setor Público,8,92,0,0
3343,104,2026-03-26T00:00:00.000000000,MG,66,30,Sênior,11363.64,Tecnologia,Presencial,Iniciativa Privada,9,73,0,0
3344,302,2025-04-27T00:00:00.000000000,SC,102,35,Gestão,18478.71,Humanas,Presencial,Iniciativa Privada,6,61,0,0
3345,402,2026-05-21T00:00:00.000000000,SP,61,32,Sênior,12949.62,Biológicas,Presencial,Iniciativa Privada,8,85,1,0
3346,302,2025-07-08T00:00:00.000000000,SP,8,21,Júnior,3185.51,Humanas,Presencial,Iniciativa Privada,9,97,1,0
3347,202,2026-04-21T00:00:00.000000000,RS,68,32,Sênior,12368.43,Exatas,Híbrido,Autônomo/PJ,10,57,0,0
3348,403,2025-11-19T00:00:00.000000000,SP,24,26,Pleno,5837.13,Biológicas,Presencial,Iniciativa Privada,10,20,0,0
3349,404,2025-06-29T00:00:00.000000000,BA,28,28,Júnior,2630.22,Biológicas,Híbrido,Iniciativa Privada,8,36,0,0
3350,203,2025-06-30T00:00:00.000000000,SC,34,25,Pleno,5697.28,Exatas,Híbrido,Iniciativa Privada,10,4,0,0
3351,404,2025-10-14T00:00:00.000000000,RJ,35,27,Sênior,11334.86,Biológicas,Presencial,Iniciativa Privada,8,69,1,0
3352,102,2026-04-20T00:00:00.000000000,BA,44,30,Pleno,4362.47,Tecnologia,Presencial,Iniciativa Privada,10,31,1,0
3353,101,2025-09-19T00:00:00.000000000,SP,113,32,Gestão,18463.12,Tecnologia,Híbrido,Autônomo/PJ,9,66,0,0
3354,103,2026-06-07T00:00:00.000000000,SP,116,36,Sênior,12307.84,Tecnologia,Presencial,Iniciativa Privada,8,9,1,0
3355,301,2025-06-11T00:00:00.000000000,MG,30,28,Pleno,7156.81,Humanas,Presencial,Autônomo/PJ,10,68,1,0
3356,103,2026-05-02T00:00:00.000000000,SP,106,28,Sênior,11463.27,Tecnologia,Presencial,Iniciativa Privada,4,87,0,0
3357,102,2025-06-30T00:00:00.000000000,GO,116,34,Sênior,13314.04,Tecnologia,Híbrido,Iniciativa Privada,10,83,0,0
3358,103,2026-04-14T00:00:00.000000000,SP,13,23,Sem vínculo,0.0,Tecnologia,EAD,Desempregado,4,61,1,0
3359,102,2025-01-21T00:00:00.000000000,RJ,111,30,Sênior,10810.56,Tecnologia,Presencial,Iniciativa Privada,9,36,1,0
3360,203,2025-10-02T00:00:00.000000000,MG,63,26,Sênior,12359.91,Exatas,Presencial,Setor Público,4,94,1,0
3361,102,2025-09-17T00:00:00.000000000,MG,21,26,Júnior,4089.51,Tecnologia,Presencial,Iniciativa Privada,4,46,1,0
3362,202,2025-11-29T00:00:00.000000000,SP,77,32,Gestão,16152.35,Exatas,Presencial,Iniciativa Privada,5,80,0,0
3363,104,2026-04-11T00:00:00.000000000,SP,6,20,Júnior,2379.9,Tecnologia,Híbrido,Autônomo/PJ,10,48,0,0
3364,102,2025-04-26T00:00:00.000000000,SC,113,30,Sênior,11687.21,Tecnologia,Presencial,ONG,7,23,1,0
3365,404,2026-02-17T00:00:00.000000000,SP,10,20,Júnior,4245.47,Biológicas,EAD,Autônomo/PJ,9,81,1,0
3366,402,2026-06-21T00:00:00.000000000,SC,8,24,Júnior,3142.2,Biológicas,Presencial,Setor Público,8,25,1,0
3367,201,2025-09-14T00:00:00.000000000,MG,70,28,Gestão,15411.91,Exatas,Presencial,Iniciativa Privada,5,54,1,0
3368,102,2025-06-17T00:00:00.000000000,PR,9,26,Júnior,3883.75,Tecnologia,Presencial,Setor Público,9,6,0,0
3369,401,2026-06-17T00:00:00.000000000,PR,109,31,Gestão,17312.91,Biológicas,EAD,Autônomo/PJ,4,77,0,0
3370,201,2025-01-15T00:00:00.000000000,SP,104,31,Sênior,11142.96,Exatas,EAD,Iniciativa Privada,8,40,1,0
3371,302,2025-02-19T00:00:00.000000000,MG,101,31,Pleno,3564.87,Humanas,Presencial,Iniciativa Privada,7,1,1,0
3372,201,2025-10-31T00:00:00.000000000,RS,69,29,Sênior,12056.44,Exatas,Presencial,Autônomo/PJ,9,29,0,0
3373,104,2026-05-02T00:00:00.000000000,RJ,111,30,Gestão,17278.98,Tecnologia,EAD,Iniciativa Privada,8,80,0,0
3374,303,2026-02-20T00:00:00.000000000,BA,103,30,Gestão,17424.33,Humanas,Presencial,Iniciativa Privada,10,19,0,0
3375,302,2025-11-01T00:00:00.000000000,RJ,112,30,Gestão,17972.36,Humanas,Presencial,ONG,10,55,1,1
3376,201,2025-07-15T00:00:00.000000000,SP,94,32,Sênior,11514.81,Exatas,Presencial,Iniciativa Privada,6,73,1,0
3377,102,2026-01-23T00:00:00.000000000,SP,15,24,Júnior,2282.89,Tecnologia,Presencial,Iniciativa Privada,6,23,1,0
3378,404,2026-03-31T00:00:00.000000000,BA,26,27,Pleno,7017.38,Biológicas,EAD,Setor Público,9,11,0,0
3379,102,2025-11-06T00:00:00.000000000,SP,51,24,Pleno,6917.0,Tecnologia,Presencial,Iniciativa Privada,5,90,0,0
3380,302,2025-05-07T00:00:00.000000000,RS,108,32,Sênior,9970.3,Humanas,Presencial,Autônomo/PJ,7,14,0,0
3381,201,2025-06-24T00:00:00.000000000,RS,96,29,Sênior,11563.21,Exatas,Presencial,Iniciativa Privada,5,72,0,0
3382,204,2025-05-14T00:00:00.000000000,SP,32,25,Júnior,2160.62,Exatas,EAD,Iniciativa Privada,8,81,1,0
3383,103,2025-03-07T00:00:00.000000000,SP,71,25,Gestão,18099.04,Tecnologia,Presencial,Iniciativa Privada,7,47,0,0
3384,303,2026-01-28T00:00:00.000000000,PR,46,27,Sem vínculo,0.0,Humanas,Presencial,Desempregado,9,60,0,0
3385,101,2025-12-31T00:00:00.000000000,SP,117,34,Gestão,16516.54,Tecnologia,Presencial,Iniciativa Privada,5,70,1,0
3386,202,2025-10-06T00:00:00.000000000,PR,18,28,Júnior,2218.7,Exatas,EAD,Iniciativa Privada,8,27,0,0
3387,101,2025-12-29T00:00:00.000000000,RJ,14,26,Júnior,2627.2,Tecnologia,Presencial,Iniciativa Privada,4,99,1,0
3388,401,2025-06-20T00:00:00.000000000,RJ,41,24,Júnior,3264.26,Biológicas,EAD,Iniciativa Privada,8,2,0,0
3389,401,2025-02-20T00:00:00.000000000,PR,91,30,Gestão,17873.73,Biológicas,EAD,Iniciativa Privada,10,15,1,1
3390,302,2025-11-24T00:00:00.000000000,SP,111,30,Gestão,17280.74,Humanas,Híbrido,Iniciativa Privada,5,35,1,0
3391,404,2025-05-25T00:00:00.000000000,RJ,95,31,Sênior,10764.82,Biológicas,EAD,Iniciativa Privada,9,3,0,0
3392,101,2025-10-01T00:00:00.000000000,SP,63,28,Sênior,11895.99,Tecnologia,EAD,Iniciativa Privada,9,98,0,0
3393,402,2025-06-04T00:00:00.000000000,SP,59,31,Pleno,6268.31,Biológicas,EAD,Autônomo/PJ,7,8,0,0
3394,104,2026-05-23T00:00:00.000000000,RJ,17,24,Júnior,3726.48,Tecnologia,EAD,Setor Público,7,11,0,0
3395,201,2025-12-29T00:00:00.000000000,SC,86,34,Sênior,9338.76,Exatas,EAD,Iniciativa Privada,4,73,0,0
3396,103,2025-11-21T00:00:00.000000000,SP,83,27,Sênior,10860.36,Tecnologia,Presencial,Iniciativa Privada,5,43,1,0
3397,404,2025-10-25T00:00:00.000000000,RJ,19,22,Júnior,1721.32,Biológicas,Presencial,Autônomo/PJ,10,65,0,0
3398,301,2026-05-09T00:00:00.000000000,MG,39,23,Pleno,5468.17,Humanas,EAD,Autônomo/PJ,9,18,0,0
3399,204,2026-06-30T00:00:00.000000000,SP,58,30,Júnior,3450.78,Exatas,EAD,Iniciativa Privada,9,12,0,0
3400,404,2025-10-31T00:00:00.000000000,SP,25,28,Sem vínculo,0.0,Biológicas,EAD,Desempregado,4,54,1,0
3401,304,2026-04-12T00:00:00.000000000,GO,80,30,Gestão,17710.57,Humanas,EAD,Iniciativa Privada,6,96,1,0
3402,304,2025-08-27T00:00:00.000000000,PR,21,27,Pleno,7635.94,Humanas,Híbrido,Iniciativa Privada,9,64,0,0
3403,104,2026-06-01T00:00:00.000000000,MG,100,28,Gestão,18172.73,Tecnologia,Presencial,Iniciativa Privada,8,91,0,0
3404,404,2025-06-25T00:00:00.000000000,MG,75,31,Sem vínculo,0.0,Biológicas,Presencial,Desempregado,6,69,0,0
3405,401,2026-02-14T00:00:00.000000000,SP,61,32,Sênior,11997.12,Biológicas,Presencial,Iniciativa Privada,6,2,0,0
3406,403,2025-12-30T00:00:00.000000000,MG,88,30,Sênior,11399.58,Biológicas,Híbrido,Autônomo/PJ,4,24,1,0
3407,102,2025-01-23T00:00:00.000000000,RJ,106,29,Gestão,17066.82,Tecnologia,Presencial,Iniciativa Privada,4,51,0,0
3408,104,2025-11-14T00:00:00.000000000,RJ,63,28,Sênior,11010.0,Tecnologia,EAD,Iniciativa Privada,8,15,1,0
3409,202,2026-06-09T00:00:00.000000000,SP,9,23,Júnior,4446.77,Exatas,Presencial,Iniciativa Privada,4,42,0,0
3410,101,2025-10-03T00:00:00.000000000,SP,116,31,Pleno,8232.85,Tecnologia,Presencial,Autônomo/PJ,4,55,1,0
3411,104,2025-08-17T00:00:00.000000000,SP,9,25,Júnior,5065.33,Tecnologia,EAD,Iniciativa Privada,4,67,0,0
3412,303,2025-04-18T00:00:00.000000000,BA,25,24,Sênior,11689.16,Humanas,Presencial,Iniciativa Privada,9,7,1,0
3413,402,2025-06-25T00:00:00.000000000,RJ,15,27,Júnior,2735.73,Biológicas,Presencial,Iniciativa Privada,4,79,1,0
3414,404,2025-11-16T00:00:00.000000000,RJ,29,25,Pleno,7109.82,Biológicas,Presencial,ONG,4,43,1,0
3415,101,2025-10-13T00:00:00.000000000,SP,104,35,Gestão,16134.61,Tecnologia,Presencial,Iniciativa Privada,10,37,1,0
3416,103,2025-11-25T00:00:00.000000000,SP,31,23,Júnior,3507.11,Tecnologia,Presencial,Iniciativa Privada,6,22,0,0
3417,102,2025-12-22T00:00:00.000000000,PR,42,30,Pleno,6081.87,Tecnologia,Presencial,Iniciativa Privada,6,5,0,0
3418,202,2025-01-14T00:00:00.000000000,RJ,107,31,Sem vínculo,0.0,Exatas,EAD,Desempregado,8,42,1,0
3419,204,2025-10-02T00:00:00.000000000,RJ,90,32,Sênior,12022.11,Exatas,Presencial,ONG,7,43,1,0
3420,203,2025-03-12T00:00:00.000000000,SP,59,31,Pleno,6691.3,Exatas,Presencial,Autônomo/PJ,8,79,0,1
3421,403,2025-07-14T00:00:00.000000000,PR,109,31,Gestão,16518.42,Biológicas,Presencial,Iniciativa Privada,9,79,1,1
3422,203,2026-06-07T00:00:00.000000000,SP,108,30,Pleno,9099.75,Exatas,Presencial,Iniciativa Privada,9,22,1,0
3423,203,2025-04-16T00:00:00.000000000,SP,26,25,Sem vínculo,0.0,Exatas,Presencial,Desempregado,9,15,0,0
3424,301,2025-07-15T00:00:00.000000000,RJ,79,30,Gestão,15501.51,Humanas,EAD,Iniciativa Privada,5,99,0,0
3425,303,2025-05-25T00:00:00.000000000,SP,43,28,Sênior,10756.22,Humanas,EAD,Iniciativa Privada,8,75,0,0
3426,202,2025-12-16T00:00:00.000000000,SP,51,29,Pleno,6933.18,Exatas,Híbrido,Iniciativa Privada,10,100,0,1
3427,402,2026-02-28T00:00:00.000000000,MG,9,24,Sem vínculo,0.0,Biológicas,Híbrido,Desempregado,8,8,1,0
3428,301,2026-04-16T00:00:00.000000000,MG,65,32,Gestão,18350.33,Humanas,EAD,Iniciativa Privada,4,81,0,0
3429,402,2025-08-04T00:00:00.000000000,SC,62,28,Gestão,18121.8,Biológicas,EAD,Setor Público,4,8,1,0
3430,102,2025-04-03T00:00:00.000000000,RJ,50,29,Sênior,10252.14,Tecnologia,EAD,Autônomo/PJ,4,84,1,0
3431,103,2025-09-17T00:00:00.000000000,SP,25,23,Júnior,5453.17,Tecnologia,EAD,Iniciativa Privada,7,57,1,0
3432,402,2026-07-29T00:00:00.000000000,SP,22,24,Júnior,4056.87,Biológicas,EAD,Iniciativa Privada,10,64,1,0
3433,201,2026-06-25T00:00:00.000000000,BA,76,29,Sem vínculo,0.0,Exatas,Presencial,Desempregado,10,58,1,0
3434,303,2025-10-12T00:00:00.000000000,MG,9,22,Sem vínculo,0.0,Humanas,Presencial,Desempregado,9,22,1,0
3435,304,2026-04-29T00:00:00.000000000,PR,98,33,Sênior,11585.86,Humanas,EAD,Autônomo/PJ,4,68,0,0
3436,103,2026-01-07T00:00:00.000000000,SP,19,26,Júnior,6082.79,Tecnologia,EAD,Setor Público,5,18,0,0
3437,201,2025-03-11T00:00:00.000000000,RJ,8,24,Pleno,6754.94,Exatas,Presencial,Iniciativa Privada,10,34,1,0
3438,403,2026-01-14T00:00:00.000000000,SP,93,29,Sem vínculo,0.0,Biológicas,Presencial,Desempregado,6,96,0,0
3439,403,2025-10-06T00:00:00.000000000,MG,106,35,Sênior,14071.79,Biológicas,Presencial,Iniciativa Privada,5,54,0,0
3440,301,2025-10-29T00:00:00.000000000,GO,85,33,Gestão,18689.01,Humanas,Híbrido,Autônomo/PJ,10,81,0,1
3441,303,2025-09-12T00:00:00.000000000,BA,63,32,Sem vínculo,0.0,Humanas,Presencial,Desempregado,10,39,0,0
3442,401,2025-09-21T00:00:00.000000000,RJ,60,32,Gestão,15867.02,Biológicas,EAD,Setor Público,7,13,1,0
3443,301,2026-02-28T00:00:00.000000000,RJ,9,22,Júnior,3465.88,Humanas,Híbrido,Autônomo/PJ,4,83,0,0
3444,104,2025-08-01T00:00:00.000000000,GO,29,27,Pleno,7572.1,Tecnologia,Presencial,Autônomo/PJ,8,12,0,0
3445,102,2025-04-10T00:00:00.000000000,MG,39,26,Sênior,13538.71,Tecnologia,Híbrido,Iniciativa Privada,10,52,1,0
3446,202,2025-04-22T00:00:00.000000000,SP,35,24,Pleno,5930.55,Exatas,Híbrido,Setor Público,6,79,1,0
3447,103,2025-11-04T00:00:00.000000000,RJ,87,31,Sênior,11478.18,Tecnologia,Presencial,Iniciativa Privada,9,94,1,0
3448,103,2026-04-20T00:00:00.000000000,SP,24,24,Pleno,6794.45,Tecnologia,Presencial,Iniciativa Privada,7,38,0,0
3449,404,2026-07-02T00:00:00.000000000,RJ,36,27,Sênior,13730.33,Biológicas,Presencial,Iniciativa Privada,5,98,0,0
3450,304,2025-04-22T00:00:00.000000000,RJ,65,32,Gestão,17317.98,Humanas,Presencial,Iniciativa Privada,10,83,0,1
3451,404,2025-03-28T00:00:00.000000000,MG,65,31,Sênior,11397.42,Biológicas,Híbrido,Autônomo/PJ,4,64,1,0
3452,301,2025-07-02T00:00:00.000000000,SP,24,24,Sem vínculo,0.0,Humanas,Presencial,Desempregado,7,55,1,0
3453,204,2025-06-14T00:00:00.000000000,SP,54,28,Pleno,6635.96,Exatas,Híbrido,Iniciativa Privada,7,39,1,0
3454,104,2025-03-31T00:00:00.000000000,RJ,68,27,Sênior,12773.91,Tecnologia,Presencial,Iniciativa Privada,8,45,1,0
3455,403,2026-03-31T00:00:00.000000000,SC,115,35,Gestão,15518.77,Biológicas,Híbrido,Iniciativa Privada,9,76,0,1
3456,104,2025-08-26T00:00:00.000000000,MG,88,34,Sem vínculo,0.0,Tecnologia,Presencial,Desempregado,8,6,0,0
3457,301,2026-06-18T00:00:00.000000000,SP,27,24,Pleno,8195.63,Humanas,EAD,Iniciativa Privada,8,44,1,0
3458,101,2025-02-27T00:00:00.000000000,GO,29,23,Pleno,5922.47,Tecnologia,Presencial,Setor Público,9,21,1,0
3459,103,2026-06-26T00:00:00.000000000,GO,114,33,Sem vínculo,0.0,Tecnologia,Presencial,Desempregado,5,6,0,0
3460,104,2026-02-06T00:00:00.000000000,SP,81,32,Gestão,14383.86,Tecnologia,Presencial,Iniciativa Privada,8,83,0,0
3461,204,2026-06-03T00:00:00.000000000,SP,35,26,Sem vínculo,0.0,Exatas,Presencial,Desempregado,9,51,1,0
3462,401,2025-07-16T00:00:00.000000000,PR,63,29,Sem vínculo,0.0,Biológicas,Presencial,Desempregado,7,100,1,0
3463,304,2025-02-15T00:00:00.000000000,SC,107,28,Sem vínculo,0.0,Humanas,EAD,Desempregado,10,99,0,0
3464,304,2026-06-14T00:00:00.000000000,BA,36,29,Sênior,11555.29,Humanas,Presencial,Iniciativa Privada,7,67,1,1
3465,404,2026-02-01T00:00:00.000000000,RS,105,30,Sênior,10728.82,Biológicas,EAD,Iniciativa Privada,9,69,0,0
3466,302,2025-03-15T00:00:00.000000000,MG,69,29,Gestão,16356.77,Humanas,EAD,ONG,7,66,1,1
3467,403,2026-02-20T00:00:00.000000000,RJ,24,27,Pleno,7941.28,Biológicas,EAD,Iniciativa Privada,10,2,0,0
3468,202,2025-12-01T00:00:00.000000000,SP,53,24,Pleno,6096.62,Exatas,Híbrido,Setor Público,6,57,1,0
3469,403,2026-07-29T00:00:00.000000000,SP,50,25,Pleno,7535.08,Biológicas,EAD,Iniciativa Privada,6,66,1,0
3470,301,2025-10-23T00:00:00.000000000,RJ,105,32,Sênior,12524.52,Humanas,Presencial,Iniciativa Privada,9,99,1,1
3471,104,2025-03-25T00:00:00.000000000,MG,99,35,Pleno,7137.53,Tecnologia,Presencial,Iniciativa Privada,9,53,0,1
3472,103,2025-01-15T00:00:00.000000000,MG,60,29,Gestão,18156.7,Tecnologia,Presencial,Setor Público,5,8,1,0
3473,102,2025-05-14T00:00:00.000000000,PR,118,29,Gestão,16121.42,Tecnologia,Presencial,Iniciativa Privada,10,53,0,0
3474,204,2026-04-23T00:00:00.000000000,SP,60,27,Sênior,8751.88,Exatas,Presencial,Setor Público,9,79,0,0
3475,401,2025-11-15T00:00:00.000000000,MG,102,33,Gestão,16794.29,Biológicas,Presencial,Iniciativa Privada,8,50,0,1
3476,303,2026-01-27T00:00:00.000000000,SP,23,28,Pleno,7469.41,Humanas,Presencial,Setor Público,7,15,1,0
3477,403,2026-04-24T00:00:00.000000000,RJ,68,26,Sênior,14445.83,Biológicas,Presencial,Setor Público,8,11,0,0
3478,203,2026-01-03T00:00:00.000000000,PR,118,36,Sênior,12161.82,Exatas,EAD,Iniciativa Privada,9,19,0,0
3479,304,2026-01-02T00:00:00.000000000,MG,97,32,Sênior,12312.02,Humanas,Presencial,Iniciativa Privada,7,52,0,0
3480,102,2025-10-15T00:00:00.000000000,BA,52,26,Pleno,6597.81,Tecnologia,Presencial,Iniciativa Privada,6,30,0,0
3481,302,2026-01-13T00:00:00.000000000,SP,80,32,Sênior,12368.98,Humanas,Presencial,Iniciativa Privada,7,93,1,0
3482,303,2026-04-08T00:00:00.000000000,RJ,62,30,Sênior,11486.1,Humanas,Presencial,Setor Público,5,20,1,0
3483,401,2025-01-13T00:00:00.000000000,SP,50,30,Pleno,5311.23,Biológicas,Presencial,Iniciativa Privada,4,2,0,0
3484,201,2026-06-20T00:00:00.000000000,RJ,38,28,Pleno,7907.16,Exatas,Presencial,Iniciativa Privada,10,20,1,0
3485,302,2025-06-17T00:00:00.000000000,RS,22,22,Júnior,4631.58,Humanas,Presencial,Autônomo/PJ,7,91,1,0
3486,101,2025-09-27T00:00:00.000000000,MG,75,29,Sênior,12081.17,Tecnologia,Presencial,Iniciativa Privada,9,27,1,0
3487,302,2025-03-11T00:00:00.000000000,RS,9,25,Sem vínculo,0.0,Humanas,Presencial,Desempregado,5,4,1,0
3488,403,2025-11-14T00:00:00.000000000,SP,25,25,Pleno,5885.57,Biológicas,Presencial,Iniciativa Privada,6,70,0,0
3489,202,2026-01-11T00:00:00.000000000,RS,117,35,Sem vínculo,0.0,Exatas,Presencial,Desempregado,6,68,1,0
3490,102,2025-03-30T00:00:00.000000000,SP,52,29,Pleno,6750.02,Tecnologia,EAD,Iniciativa Privada,4,72,0,0
3491,103,2025-09-14T00:00:00.000000000,RS,96,29,Sênior,10608.07,Tecnologia,Presencial,Iniciativa Privada,9,46,1,0
3492,201,2025-08-05T00:00:00.000000000,SP,20,21,Júnior,3028.18,Exatas,EAD,Iniciativa Privada,8,84,1,0
3493,302,2026-03-26T00:00:00.000000000,SP,75,27,Gestão,17563.39,Humanas,EAD,Iniciativa Privada,8,19,0,1
3494,102,2026-06-28T00:00:00.000000000,RJ,52,25,Júnior,3673.96,Tecnologia,Presencial,Iniciativa Privada,7,37,0,0
3495,403,2025-05-21T00:00:00.000000000,GO,83,26,Gestão,15729.65,Biológicas,Híbrido,Iniciativa Privada,6,36,0,0
3496,201,2025-06-10T00:00:00.000000000,SP,80,26,Gestão,18057.67,Exatas,Presencial,Setor Público,5,57,1,0
3497,102,2025-02-01T00:00:00.000000000,SP,108,31,Gestão,19289.22,Tecnologia,Presencial,Iniciativa Privada,4,16,1,0
3498,303,2025-06-01T00:00:00.000000000,RS,14,26,Júnior,3006.64,Humanas,Presencial,Autônomo/PJ,8,41,0,0
3499,302,2025-09-17T00:00:00.000000000,SP,95,33,Sênior,12651.39,Humanas,Híbrido,Iniciativa Privada,7,91,0,0
3500,404,2025-10-06T00:00:00.000000000,SP,21,23,Sem vínculo,0.0,Biológicas,Híbrido,Desempregado,7,94,1,0
3501,103,2025-10-12T00:00:00.000000000,RJ,74,26,Sênior,11402.36,Tecnologia,EAD,Iniciativa Privada,6,96,1,0
3502,101,2026-06-26T00:00:00.000000000,SP,66,28,Sênior,13204.43,Tecnologia,Presencial,Iniciativa Privada,5,31,1,0
3503,101,2025-05-28T00:00:00.000000000,GO,15,27,Júnior,4230.3,Tecnologia,Híbrido,Iniciativa Privada,5,61,0,0
3504,101,2025-03-08T00:00:00.000000000,PR,55,27,Júnior,2904.0,Tecnologia,Presencial,Iniciativa Privada,8,95,1,0
3505,401,2026-07-24T00:00:00.000000000,RJ,8,21,Júnior,5759.02,Biológicas,EAD,Iniciativa Privada,7,86,0,0
3506,102,2025-10-06T00:00:00.000000000,BA,82,30,Sênior,12406.41,Tecnologia,Híbrido,Iniciativa Privada,6,20,0,0
3507,402,2026-03-19T00:00:00.000000000,RJ,112,30,Gestão,17633.9,Biológicas,EAD,Setor Público,5,88,0,1
3508,301,2026-02-03T00:00:00.000000000,SP,118,30,Sem vínculo,0.0,Humanas,Presencial,Desempregado,7,32,1,0
3509,301,2025-05-08T00:00:00.000000000,SP,99,32,Sênior,10332.74,Humanas,EAD,Iniciativa Privada,5,66,0,0
3510,401,2025-12-03T00:00:00.000000000,RJ,114,34,Sem vínculo,0.0,Biológicas,Presencial,Desempregado,4,5,0,0
3511,102,2026-04-27T00:00:00.000000000,SP,75,26,Sem vínculo,0.0,Tecnologia,Presencial,Desempregado,5,91,1,0
3512,101,2025-07-05T00:00:00.000000000,GO,86,30,Gestão,16593.11,Tecnologia,EAD,ONG,5,65,0,0
3513,301,2025-06-18T00:00:00.000000000,PR,114,30,Sênior,13378.51,Humanas,Presencial,Iniciativa Privada,7,31,1,0
3514,104,2025-09-17T00:00:00.000000000,SP,56,28,Júnior,3995.4,Tecnologia,Presencial,Iniciativa Privada,5,63,1,0
3515,404,2026-07-12T00:00:00.000000000,MG,24,24,Sênior,12250.28,Biológicas,EAD,Iniciativa Privada,5,25,1,0
3516,401,2026-05-22T00:00:00.000000000,PR,47,24,Júnior,4312.06,Biológicas,EAD,Setor Público,4,61,1,0
3517,403,2026-06-05T00:00:00.000000000,GO,40,26,Pleno,6589.61,Biológicas,Presencial,Iniciativa Privada,5,4,1,0
3518,401,2026-04-16T00:00:00.000000000,RS,51,24,Pleno,5714.84,Biológicas,Presencial,Iniciativa Privada,5,10,0,0
3519,304,2025-06-10T00:00:00.000000000,RJ,31,23,Júnior,2926.13,Humanas,Híbrido,Iniciativa Privada,7,73,1,0
3520,303,2025-10-16T00:00:00.000000000,PR,74,27,Gestão,19216.05,Humanas,Presencial,Iniciativa Privada,6,78,1,0
3521,103,2025-12-06T00:00:00.000000000,MG,98,33,Sênior,10005.89,Tecnologia,EAD,Autônomo/PJ,4,81,1,0
3522,301,2026-05-17T00:00:00.000000000,MG,69,32,Gestão,15542.61,Humanas,Híbrido,Iniciativa Privada,5,48,1,0
3523,104,2025-04-16T00:00:00.000000000,SP,42,27,Pleno,5911.93,Tecnologia,Presencial,Setor Público,6,77,1,0
3524,404,2026-04-20T00:00:00.000000000,SP,89,29,Sênior,11379.55,Biológicas,Presencial,Autônomo/PJ,7,91,0,0
3525,403,2026-04-08T00:00:00.000000000,RJ,54,26,Sênior,10590.98,Biológicas,Presencial,Iniciativa Privada,4,93,1,0
3526,101,2026-04-28T00:00:00.000000000,SP,26,28,Pleno,7350.07,Tecnologia,EAD,Iniciativa Privada,9,61,1,1
3527,102,2025-06-02T00:00:00.000000000,SP,79,26,Sênior,11637.13,Tecnologia,EAD,Autônomo/PJ,7,59,1,0
3528,202,2025-05-29T00:00:00.000000000,PR,69,31,Gestão,17634.82,Exatas,EAD,Iniciativa Privada,6,76,0,0
3529,304,2025-07-07T00:00:00.000000000,SP,10,23,Júnior,3137.03,Humanas,Presencial,Iniciativa Privada,4,83,1,0
3530,302,2025-05-11T00:00:00.000000000,MG,105,28,Gestão,18149.02,Humanas,Presencial,Iniciativa Privada,5,1,0,0
3531,304,2026-03-28T00:00:00.000000000,RJ,75,27,Gestão,16239.46,Humanas,Presencial,Setor Público,6,88,0,1
3532,404,2026-05-31T00:00:00.000000000,BA,95,34,Gestão,17798.13,Biológicas,EAD,Setor Público,7,58,0,1
3533,104,2026-05-06T00:00:00.000000000,RJ,9,21,Júnior,3698.17,Tecnologia,EAD,Iniciativa Privada,4,75,1,0
3534,302,2026-04-21T00:00:00.000000000,SP,108,31,Gestão,19535.82,Humanas,Presencial,Iniciativa Privada,6,24,1,0
3535,304,2025-09-20T00:00:00.000000000,MG,44,26,Pleno,8216.45,Humanas,EAD,Iniciativa Privada,10,67,1,1
3536,103,2026-06-22T00:00:00.000000000,SC,119,33,Sênior,12490.71,Tecnologia,EAD,Autônomo/PJ,9,41,0,0
3537,201,2026-04-04T00:00:00.000000000,BA,40,26,Júnior,2857.46,Exatas,Híbrido,Iniciativa Privada,6,75,1,0
3538,401,2026-06-20T00:00:00.000000000,RJ,6,21,Pleno,8535.81,Biológicas,Presencial,Autônomo/PJ,7,70,1,0
3539,404,2025-10-22T00:00:00.000000000,SP,29,26,Pleno,6645.1,Biológicas,Presencial,Iniciativa Privada,7,54,0,0
3540,301,2026-03-11T00:00:00.000000000,GO,62,28,Gestão,16557.02,Humanas,Presencial,Autônomo/PJ,5,37,1,0
3541,402,2025-10-02T00:00:00.000000000,SP,105,35,Sênior,11807.61,Biológicas,EAD,Iniciativa Privada,5,95,0,0
3542,102,2025-11-04T00:00:00.000000000,MG,75,33,Gestão,19374.12,Tecnologia,EAD,Setor Público,6,42,1,0
3543,401,2026-01-11T00:00:00.000000000,RJ,46,26,Júnior,2029.05,Biológicas,EAD,Iniciativa Privada,7,69,1,0
3544,102,2025-06-07T00:00:00.000000000,SP,59,28,Júnior,2830.59,Tecnologia,Presencial,Autônomo/PJ,10,52,0,1
3545,201,2025-07-23T00:00:00.000000000,SP,51,25,Pleno,5347.71,Exatas,EAD,Iniciativa Privada,6,90,0,0
3546,101,2025-03-16T00:00:00.000000000,SP,65,28,Gestão,16085.79,Tecnologia,Presencial,Iniciativa Privada,10,98,0,0
3547,401,2026-01-15T00:00:00.000000000,MG,113,33,Sênior,9705.3,Biológicas,EAD,Iniciativa Privada,8,20,0,0
3548,104,2025-10-31T00:00:00.000000000,GO,65,30,Sênior,9001.39,Tecnologia,Presencial,Autônomo/PJ,9,19,1,0
3549,101,2025-03-03T00:00:00.000000000,SP,62,32,Sênior,12264.36,Tecnologia,Presencial,Setor Público,7,18,0,0
3550,204,2026-07-24T00:00:00.000000000,SC,36,28,Pleno,6072.43,Exatas,Presencial,Iniciativa Privada,10,32,1,0
3551,101,2025-04-18T00:00:00.000000000,SP,89,28,Sênior,9246.6,Tecnologia,Presencial,Setor Público,8,62,1,0
3552,101,2025-07-06T00:00:00.000000000,RJ,29,26,Pleno,7533.71,Tecnologia,Presencial,Setor Público,10,67,1,1
3553,301,2025-08-17T00:00:00.000000000,SP,94,32,Sem vínculo,0.0,Humanas,Presencial,Desempregado,8,59,1,0
3554,102,2025-02-17T00:00:00.000000000,GO,41,27,Sênior,11602.55,Tecnologia,Presencial,Autônomo/PJ,7,18,0,0
3555,104,2025-09-25T00:00:00.000000000,PR,90,30,Sênior,11642.47,Tecnologia,Presencial,Setor Público,5,27,0,0
3556,104,2025-09-11T00:00:00.000000000,MG,35,23,Sênior,10218.61,Tecnologia,EAD,Iniciativa Privada,6,21,1,0
3557,101,2025-03-28T00:00:00.000000000,SC,29,27,Pleno,5970.21,Tecnologia,Presencial,Autônomo/PJ,4,50,1,0
3558,201,2025-06-30T00:00:00.000000000,MG,113,35,Gestão,17268.22,Exatas,Híbrido,Setor Público,4,87,1,0
3559,302,2025-01-25T00:00:00.000000000,BA,111,32,Sem vínculo,0.0,Humanas,Híbrido,Desempregado,9,62,0,0
3560,202,2026-01-23T00:00:00.000000000,PR,35,29,Sênior,10667.63,Exatas,Presencial,Iniciativa Privada,10,61,1,0
3561,102,2025-08-10T00:00:00.000000000,GO,91,33,Sênior,10492.48,Tecnologia,Presencial,Iniciativa Privada,7,93,1,0
3562,304,2026-02-01T00:00:00.000000000,RJ,97,34,Sênior,13443.98,Humanas,Presencial,Iniciativa Privada,10,28,1,1
3563,204,2026-05-26T00:00:00.000000000,SP,12,21,Júnior,1724.15,Exatas,EAD,Setor Público,5,73,0,0
3564,204,2026-07-15T00:00:00.000000000,RJ,40,23,Sem vínculo,0.0,Exatas,EAD,Desempregado,5,31,1,0
3565,101,2026-03-16T00:00:00.000000000,SP,60,26,Gestão,18589.24,Tecnologia,Presencial,Iniciativa Privada,5,72,1,0
3566,104,2025-06-24T00:00:00.000000000,MG,97,33,Gestão,16956.47,Tecnologia,Presencial,Autônomo/PJ,4,24,1,0
3567,103,2025-11-07T00:00:00.000000000,RJ,19,26,Júnior,3156.33,Tecnologia,Presencial,Setor Público,8,15,1,0
3568,103,2025-10-01T00:00:00.000000000,MG,15,26,Pleno,6977.12,Tecnologia,Presencial,Autônomo/PJ,9,14,1,0
3569,102,2025-02-04T00:00:00.000000000,SP,85,31,Pleno,8178.82,Tecnologia,Híbrido,Iniciativa Privada,10,58,1,1
3570,204,2025-08-05T00:00:00.000000000,SP,21,24,Júnior,3759.28,Exatas,Presencial,Autônomo/PJ,4,47,1,0
3571,303,2026-02-12T00:00:00.000000000,RJ,59,29,Júnior,4871.18,Humanas,Presencial,Iniciativa Privada,5,17,1,0
3572,402,2026-06-03T00:00:00.000000000,BA,100,31,Sênior,11778.66,Biológicas,Presencial,Autônomo/PJ,4,22,1,0
3573,304,2025-09-26T00:00:00.000000000,SP,111,30,Sênior,10663.17,Humanas,EAD,Iniciativa Privada,4,54,0,0
3574,301,2026-04-20T00:00:00.000000000,RJ,94,33,Gestão,16898.55,Humanas,Presencial,Iniciativa Privada,9,41,1,1
3575,203,2025-11-21T00:00:00.000000000,PR,82,31,Pleno,3811.52,Exatas,Presencial,Autônomo/PJ,6,2,1,0
3576,101,2025-12-22T00:00:00.000000000,MG,75,27,Sênior,12895.56,Tecnologia,Presencial,Iniciativa Privada,7,70,0,0
3577,204,2025-03-31T00:00:00.000000000,SP,49,29,Pleno,7544.13,Exatas,Presencial,Iniciativa Privada,10,51,1,1
3578,203,2025-02-11T00:00:00.000000000,RJ,78,26,Sênior,10971.72,Exatas,EAD,Setor Público,8,10,0,0
3579,304,2025-12-31T00:00:00.000000000,SP,50,26,Júnior,4896.83,Humanas,Presencial,Iniciativa Privada,10,54,0,0
3580,401,2025-07-21T00:00:00.000000000,BA,105,29,Sênior,12882.19,Biológicas,EAD,Iniciativa Privada,6,87,0,0
3581,103,2026-01-01T00:00:00.000000000,SP,61,30,Gestão,15051.78,Tecnologia,Presencial,Iniciativa Privada,7,98,1,0
3582,101,2025-10-15T00:00:00.000000000,SP,112,36,Sênior,11651.26,Tecnologia,Presencial,Iniciativa Privada,5,24,0,0
3583,204,2026-04-26T00:00:00.000000000,SP,89,29,Sênior,10010.18,Exatas,EAD,Iniciativa Privada,9,91,0,0
3584,204,2026-05-16T00:00:00.000000000,SP,87,28,Sênior,12441.36,Exatas,Presencial,Iniciativa Privada,9,75,0,0
3585,101,2025-02-21T00:00:00.000000000,PR,112,36,Sem vínculo,0.0,Tecnologia,EAD,Desempregado,6,86,0,0
3586,203,2025-04-13T00:00:00.000000000,SP,62,32,Gestão,17204.63,Exatas,Presencial,Iniciativa Privada,10,80,0,0
3587,101,2025-12-27T00:00:00.000000000,SP,26,26,Pleno,5599.78,Tecnologia,Híbrido,Iniciativa Privada,7,40,0,0
3588,304,2026-02-28T00:00:00.000000000,RJ,73,33,Sênior,12386.05,Humanas,Presencial,Iniciativa Privada,9,36,0,1
3589,101,2025-07-24T00:00:00.000000000,SP,55,29,Sênior,11305.28,Tecnologia,Presencial,Iniciativa Privada,6,81,0,0
3590,204,2025-01-14T00:00:00.000000000,SP,38,27,Pleno,6089.81,Exatas,Presencial,Setor Público,9,54,1,0
3591,301,2026-04-15T00:00:00.000000000,SC,96,28,Gestão,16740.22,Humanas,Presencial,Setor Público,4,8,0,0
3592,403,2026-04-11T00:00:00.000000000,PR,12,26,Júnior,2335.63,Biológicas,EAD,Iniciativa Privada,4,98,0,0
3593,403,2025-10-31T00:00:00.000000000,GO,75,32,Pleno,7207.39,Biológicas,Presencial,Iniciativa Privada,6,35,0,0
3594,201,2026-03-03T00:00:00.000000000,RS,20,28,Júnior,4151.31,Exatas,Híbrido,Iniciativa Privada,10,56,0,0
3595,201,2025-04-20T00:00:00.000000000,MG,87,27,Sênior,11359.58,Exatas,Presencial,Autônomo/PJ,6,62,1,0
3596,203,2026-07-19T00:00:00.000000000,SP,37,25,Pleno,5115.65,Exatas,Presencial,Setor Público,10,81,0,0
3597,104,2026-05-30T00:00:00.000000000,PR,80,27,Sênior,9964.64,Tecnologia,EAD,Iniciativa Privada,8,19,1,0
3598,103,2025-03-09T00:00:00.000000000,SC,25,29,Pleno,5888.49,Tecnologia,Híbrido,Iniciativa Privada,5,84,0,0
3599,104,2025-09-03T00:00:00.000000000,PR,93,30,Sênior,11839.6,Tecnologia,Presencial,Autônomo/PJ,4,46,0,0
3600,301,2026-01-24T00:00:00.000000000,RJ,20,21,Júnior,5151.95,Humanas,Híbrido,ONG,9,19,1,0
3601,201,2025-11-04T00:00:00.000000000,SP,53,27,Sem vínculo,0.0,Exatas,Híbrido,Desempregado,6,5,1,0
3602,104,2025-12-18T00:00:00.000000000,SC,76,33,Pleno,6611.42,Tecnologia,Híbrido,Iniciativa Privada,7,72,0,0
3603,301,2025-03-07T00:00:00.000000000,PR,26,25,Pleno,6747.36,Humanas,Híbrido,Iniciativa Privada,9,92,0,1
3604,304,2026-04-05T00:00:00.000000000,BA,47,30,Pleno,6577.31,Humanas,Híbrido,Iniciativa Privada,5,28,1,0
3605,302,2025-12-13T00:00:00.000000000,SP,31,23,Sênior,11598.05,Humanas,EAD,Autônomo/PJ,7,76,1,1
3606,203,2025-11-21T00:00:00.000000000,SP,113,31,Sem vínculo,0.0,Exatas,EAD,Desempregado,9,99,1,0
3607,102,2025-02-02T00:00:00.000000000,SP,19,22,Júnior,2159.83,Tecnologia,Presencial,Iniciativa Privada,5,90,0,0
3608,104,2025-03-09T00:00:00.000000000,PR,62,30,Sênior,13527.89,Tecnologia,Presencial,Iniciativa Privada,7,48,0,0
3609,403,2025-07-06T00:00:00.000000000,SP,42,23,Pleno,5004.38,Biológicas,EAD,Iniciativa Privada,4,5,1,0
3610,104,2025-07-11T00:00:00.000000000,SP,63,28,Sênior,12368.96,Tecnologia,Híbrido,Iniciativa Privada,6,38,0,0
3611,203,2025-08-01T00:00:00.000000000,BA,26,23,Pleno,6675.04,Exatas,Presencial,Iniciativa Privada,10,31,0,0
3612,203,2026-03-04T00:00:00.000000000,SP,87,34,Sênior,11350.02,Exatas,EAD,Setor Público,9,48,0,0
3613,403,2025-12-17T00:00:00.000000000,SC,74,27,Gestão,16106.17,Biológicas,Presencial,Iniciativa Privada,6,42,0,0
3614,203,2025-04-18T00:00:00.000000000,SP,8,21,Júnior,2852.23,Exatas,Presencial,Iniciativa Privada,8,27,1,0
3615,204,2025-08-28T00:00:00.000000000,SC,92,27,Pleno,10359.22,Exatas,Presencial,Setor Público,9,44,0,0
3616,103,2025-08-04T00:00:00.000000000,MG,95,29,Sênior,10450.51,Tecnologia,Presencial,Iniciativa Privada,6,64,1,0
3617,403,2025-06-26T00:00:00.000000000,GO,42,29,Júnior,4129.46,Biológicas,Híbrido,Iniciativa Privada,10,49,1,0
3618,302,2026-07-19T00:00:00.000000000,GO,93,28,Gestão,17482.64,Humanas,Presencial,Iniciativa Privada,9,53,1,1
3619,101,2025-11-26T00:00:00.000000000,SP,54,24,Sênior,11178.86,Tecnologia,EAD,ONG,4,50,0,0
3620,201,2026-07-15T00:00:00.000000000,SP,24,25,Pleno,4385.54,Exatas,Presencial,Autônomo/PJ,5,42,1,0
3621,202,2026-03-26T00:00:00.000000000,SP,94,34,Gestão,17148.72,Exatas,Híbrido,Iniciativa Privada,5,63,1,0
3622,102,2026-03-23T00:00:00.000000000,MG,90,32,Sênior,12178.28,Tecnologia,EAD,Iniciativa Privada,6,94,0,0
3623,204,2026-06-21T00:00:00.000000000,RS,17,27,Júnior,4581.01,Exatas,Presencial,Iniciativa Privada,7,29,0,0
3624,304,2025-06-28T00:00:00.000000000,RJ,66,29,Sênior,11105.38,Humanas,Presencial,Setor Público,6,81,1,0
3625,204,2026-01-30T00:00:00.000000000,MG,46,29,Pleno,7213.48,Exatas,Presencial,Autônomo/PJ,9,92,1,1
3626,302,2025-05-25T00:00:00.000000000,SP,38,30,Pleno,6248.28,Humanas,Presencial,ONG,5,41,0,0
3627,302,2025-07-17T00:00:00.000000000,SC,55,30,Pleno,5052.08,Humanas,Presencial,Iniciativa Privada,10,37,1,0
3628,303,2025-03-25T00:00:00.000000000,BA,73,33,Sem vínculo,0.0,Humanas,Híbrido,Desempregado,9,86,0,0
3629,204,2025-03-26T00:00:00.000000000,SP,111,29,Sem vínculo,0.0,Exatas,EAD,Desempregado,8,85,1,0
3630,204,2026-04-02T00:00:00.000000000,RJ,76,30,Sênior,10975.75,Exatas,Presencial,ONG,5,65,1,0
3631,104,2026-04-21T00:00:00.000000000,SP,91,28,Gestão,16979.34,Tecnologia,Híbrido,Setor Público,7,68,0,0
3632,101,2025-09-10T00:00:00.000000000,MG,38,24,Pleno,7674.15,Tecnologia,Presencial,Iniciativa Privada,7,14,0,0
3633,403,2025-03-13T00:00:00.000000000,RJ,86,33,Gestão,16691.81,Biológicas,Presencial,Iniciativa Privada,8,60,0,1
3634,404,2025-08-11T00:00:00.000000000,SP,29,22,Pleno,6616.19,Biológicas,EAD,Iniciativa Privada,9,95,1,0
3635,104,2025-10-03T00:00:00.000000000,RJ,66,29,Gestão,17431.67,Tecnologia,Presencial,Iniciativa Privada,9,5,1,0
3636,204,2025-09-03T00:00:00.000000000,SP,66,26,Gestão,17066.53,Exatas,Presencial,Autônomo/PJ,9,77,1,0
3637,401,2025-12-07T00:00:00.000000000,RJ,103,31,Pleno,5423.58,Biológicas,Presencial,Setor Público,10,23,0,0
3638,101,2026-07-27T00:00:00.000000000,MG,33,24,Sem vínculo,0.0,Tecnologia,EAD,Desempregado,7,84,0,0
3639,202,2026-04-16T00:00:00.000000000,SP,63,27,Gestão,18484.81,Exatas,Híbrido,Iniciativa Privada,6,13,1,0
3640,103,2026-03-30T00:00:00.000000000,PR,48,25,Pleno,7916.24,Tecnologia,EAD,Iniciativa Privada,6,11,0,0
3641,302,2025-01-07T00:00:00.000000000,PR,46,27,Pleno,6512.24,Humanas,EAD,Autônomo/PJ,10,54,0,1
3642,403,2025-07-07T00:00:00.000000000,SP,44,28,Sênior,10411.5,Biológicas,Presencial,Iniciativa Privada,10,67,0,0
3643,401,2025-01-04T00:00:00.000000000,SP,91,28,Gestão,15434.71,Biológicas,Presencial,Iniciativa Privada,10,43,1,1
3644,204,2025-05-05T00:00:00.000000000,PR,54,29,Sem vínculo,0.0,Exatas,EAD,Desempregado,5,84,0,0
3645,302,2025-01-15T00:00:00.000000000,BA,22,26,Pleno,6096.3,Humanas,Presencial,Autônomo/PJ,4,80,0,0
3646,204,2026-06-09T00:00:00.000000000,SP,103,35,Sênior,11389.16,Exatas,Presencial,Iniciativa Privada,6,92,1,0
3647,102,2025-08-28T00:00:00.000000000,SP,75,33,Sênior,12267.88,Tecnologia,Presencial,Autônomo/PJ,6,50,1,0
3648,101,2025-12-26T00:00:00.000000000,SP,115,33,Gestão,18011.03,Tecnologia,Híbrido,Setor Público,9,79,0,0
3649,401,2026-06-02T00:00:00.000000000,MG,75,31,Gestão,18161.27,Biológicas,Presencial,Autônomo/PJ,10,81,0,1
3650,101,2025-11-16T00:00:00.000000000,SP,103,31,Gestão,15345.98,Tecnologia,Híbrido,Autônomo/PJ,9,37,1,0
3651,202,2025-08-19T00:00:00.000000000,SP,70,29,Gestão,16648.17,Exatas,Presencial,Iniciativa Privada,10,40,1,0
3652,203,2025-01-30T00:00:00.000000000,MG,79,27,Sênior,11088.23,Exatas,EAD,Setor Público,8,43,0,0
3653,402,2026-06-18T00:00:00.000000000,MG,90,33,Sênior,11954.17,Biológicas,Presencial,Iniciativa Privada,6,74,0,1
3654,303,2025-06-05T00:00:00.000000000,SP,10,23,Júnior,2438.28,Humanas,Híbrido,Iniciativa Privada,10,95,0,1
3655,302,2026-02-03T00:00:00.000000000,RJ,7,20,Sem vínculo,0.0,Humanas,Presencial,Desempregado,5,91,0,0
3656,202,2025-12-12T00:00:00.000000000,MG,27,24,Pleno,7510.58,Exatas,Presencial,Iniciativa Privada,10,15,0,0
3657,301,2025-07-14T00:00:00.000000000,SP,117,30,Sênior,11648.59,Humanas,Presencial,Autônomo/PJ,9,97,1,1
3658,304,2025-06-17T00:00:00.000000000,SP,62,26,Sênior,11979.51,Humanas,Presencial,Autônomo/PJ,8,49,1,0
3659,404,2026-01-12T00:00:00.000000000,RS,71,26,Sem vínculo,0.0,Biológicas,Híbrido,Desempregado,6,93,1,0
3660,203,2026-05-04T00:00:00.000000000,SP,79,29,Sênior,8980.7,Exatas,EAD,ONG,5,37,0,0
3661,204,2025-12-28T00:00:00.000000000,PR,103,28,Gestão,15224.51,Exatas,EAD,Iniciativa Privada,8,85,1,0
3662,402,2026-04-27T00:00:00.000000000,GO,21,27,Pleno,5153.62,Biológicas,Presencial,Iniciativa Privada,4,4,0,0
3663,302,2025-09-01T00:00:00.000000000,SP,117,33,Gestão,14406.23,Humanas,EAD,Iniciativa Privada,9,8,0,1
3664,101,2025-06-20T00:00:00.000000000,SP,56,31,Pleno,6010.9,Tecnologia,Híbrido,Iniciativa Privada,5,76,1,0
3665,101,2026-05-28T00:00:00.000000000,MG,44,23,Pleno,6069.13,Tecnologia,EAD,Iniciativa Privada,6,38,0,0
3666,404,2026-02-10T00:00:00.000000000,RS,91,30,Sênior,10636.21,Biológicas,Presencial,Setor Público,8,86,0,0
3667,203,2026-07-28T00:00:00.000000000,GO,81,27,Sênior,13124.14,Exatas,EAD,Setor Público,4,26,1,0
3668,204,2025-07-26T00:00:00.000000000,PR,93,29,Sem vínculo,0.0,Exatas,EAD,Desempregado,5,31,1,0
3669,104,2025-06-03T00:00:00.000000000,SP,116,30,Sênior,13356.78,Tecnologia,Presencial,Autônomo/PJ,4,63,0,0
3670,204,2025-02-17T00:00:00.000000000,MG,45,27,Sênior,11062.31,Exatas,Presencial,Setor Público,5,94,0,0
3671,304,2025-01-01T00:00:00.000000000,RJ,43,28,Pleno,6416.59,Humanas,Presencial,Iniciativa Privada,6,32,1,0
3672,202,2026-02-11T00:00:00.000000000,RJ,65,27,Gestão,17442.87,Exatas,Híbrido,Iniciativa Privada,5,89,1,0
3673,103,2025-04-17T00:00:00.000000000,SP,64,26,Gestão,19840.08,Tecnologia,Presencial,Iniciativa Privada,6,17,1,0
3674,102,2025-06-22T00:00:00.000000000,SP,15,27,Júnior,5112.58,Tecnologia,Presencial,Autônomo/PJ,5,75,1,0
3675,403,2026-05-21T00:00:00.000000000,PR,104,30,Pleno,7584.54,Biológicas,EAD,Iniciativa Privada,10,66,0,1
3676,401,2025-05-10T00:00:00.000000000,RJ,69,30,Pleno,6196.62,Biológicas,EAD,Autônomo/PJ,8,4,0,0
3677,304,2026-02-02T00:00:00.000000000,SP,68,32,Sênior,10084.24,Humanas,Híbrido,Setor Público,5,77,0,0
3678,302,2025-10-21T00:00:00.000000000,SP,54,24,Pleno,6161.75,Humanas,Presencial,Iniciativa Privada,5,58,0,0
3679,203,2026-07-06T00:00:00.000000000,RS,69,28,Pleno,5454.5,Exatas,EAD,Iniciativa Privada,7,75,0,0
3680,401,2026-03-23T00:00:00.000000000,PR,37,30,Júnior,3032.15,Biológicas,Presencial,Iniciativa Privada,7,3,1,0
3681,301,2025-01-16T00:00:00.000000000,SP,12,22,Júnior,1717.61,Humanas,Presencial,Iniciativa Privada,5,15,0,0
3682,404,2025-12-15T00:00:00.000000000,SP,26,26,Júnior,4289.53,Biológicas,Presencial,Autônomo/PJ,7,74,0,0
3683,103,2025-07-22T00:00:00.000000000,SP,25,22,Pleno,7029.13,Tecnologia,EAD,Autônomo/PJ,6,99,1,0
3684,202,2025-05-14T00:00:00.000000000,GO,31,29,Júnior,5832.76,Exatas,EAD,Setor Público,7,47,0,0
3685,304,2026-06-10T00:00:00.000000000,MG,73,27,Gestão,16135.1,Humanas,Presencial,Autônomo/PJ,5,65,0,1
3686,202,2026-05-23T00:00:00.000000000,RJ,115,29,Gestão,18925.9,Exatas,Presencial,Setor Público,9,76,1,0
3687,201,2025-03-07T00:00:00.000000000,MG,91,34,Sem vínculo,0.0,Exatas,EAD,Desempregado,4,7,0,0
3688,302,2026-04-25T00:00:00.000000000,SP,20,25,Pleno,4767.37,Humanas,Presencial,Iniciativa Privada,9,43,1,0
3689,202,2026-04-04T00:00:00.000000000,SC,109,30,Gestão,14949.4,Exatas,Presencial,Autônomo/PJ,9,20,1,0
3690,304,2025-12-08T00:00:00.000000000,RJ,90,32,Sênior,11323.26,Humanas,Presencial,Iniciativa Privada,9,25,1,0
3691,102,2025-06-08T00:00:00.000000000,SP,84,32,Sênior,11105.06,Tecnologia,Presencial,Iniciativa Privada,9,34,1,0
3692,304,2025-06-10T00:00:00.000000000,SP,91,31,Gestão,17483.14,Humanas,Presencial,Iniciativa Privada,4,14,0,0
3693,101,2025-09-11T00:00:00.000000000,RJ,97,30,Sênior,12850.19,Tecnologia,EAD,Setor Público,5,39,1,0
3694,404,2026-06-11T00:00:00.000000000,GO,19,25,Júnior,4994.06,Biológicas,Presencial,Iniciativa Privada,5,29,0,0
3695,104,2026-07-03T00:00:00.000000000,SP,32,24,Pleno,6292.55,Tecnologia,Híbrido,Iniciativa Privada,4,65,1,0
3696,303,2025-06-04T00:00:00.000000000,RS,110,30,Sem vínculo,0.0,Humanas,EAD,Desempregado,10,79,1,0
3697,202,2026-05-01T00:00:00.000000000,PR,45,30,Sênior,11173.31,Exatas,Presencial,Autônomo/PJ,10,12,1,0
3698,101,2026-03-08T00:00:00.000000000,SP,63,27,Sênior,12234.01,Tecnologia,EAD,Autônomo/PJ,8,0,1,0
3699,204,2025-01-27T00:00:00.000000000,SP,33,23,Pleno,5450.52,Exatas,Presencial,Autônomo/PJ,7,42,1,0
3700,401,2025-01-12T00:00:00.000000000,SP,31,23,Sem vínculo,0.0,Biológicas,EAD,Desempregado,8,27,0,0
3701,103,2025-03-08T00:00:00.000000000,PR,118,35,Sênior,10445.13,Tecnologia,EAD,Setor Público,6,0,1,0
3702,102,2026-06-26T00:00:00.000000000,SP,68,28,Gestão,18015.07,Tecnologia,Híbrido,Iniciativa Privada,9,39,1,0
3703,204,2025-04-06T00:00:00.000000000,SP,71,26,Sênior,9459.98,Exatas,Híbrido,ONG,10,33,1,0
3704,102,2025-08-03T00:00:00.000000000,RJ,30,24,Sênior,11828.07,Tecnologia,Presencial,Autônomo/PJ,9,12,1,0
3705,403,2025-07-13T00:00:00.000000000,PR,8,23,Júnior,3009.09,Biológicas,EAD,Iniciativa Privada,4,60,1,0
3706,203,2025-10-17T00:00:00.000000000,SP,77,29,Sênior,10924.21,Exatas,Presencial,Iniciativa Privada,4,65,1,0
3707,301,2026-06-28T00:00:00.000000000,RJ,49,25,Pleno,6712.72,Humanas,Híbrido,Iniciativa Privada,8,3,1,0
3708,104,2025-02-08T00:00:00.000000000,RJ,102,32,Sem vínculo,0.0,Tecnologia,Presencial,Desempregado,6,88,0,0
3709,101,2025-07-25T00:00:00.000000000,RJ,47,27,Pleno,7071.56,Tecnologia,EAD,Iniciativa Privada,8,97,1,0
3710,103,2026-07-09T00:00:00.000000000,SC,104,33,Sem vínculo,0.0,Tecnologia,Presencial,Desempregado,6,12,0,0
3711,202,2026-04-29T00:00:00.000000000,SP,11,23,Sem vínculo,0.0,Exatas,Presencial,Desempregado,5,35,1,0
3712,201,2025-12-03T00:00:00.000000000,SC,44,24,Pleno,5005.83,Exatas,Presencial,Setor Público,9,95,1,0
3713,101,2026-05-11T00:00:00.000000000,MG,57,30,Júnior,3394.84,Tecnologia,Presencial,Setor Público,5,60,0,0
3714,402,2025-09-06T00:00:00.000000000,MG,28,26,Pleno,7252.01,Biológicas,Presencial,Iniciativa Privada,4,57,0,0
3715,201,2025-03-15T00:00:00.000000000,MG,94,33,Sênior,11616.88,Exatas,Presencial,Iniciativa Privada,5,84,0,0
3716,102,2026-01-08T00:00:00.000000000,RJ,55,25,Pleno,7508.18,Tecnologia,Presencial,Iniciativa Privada,8,89,0,0
3717,104,2025-05-18T00:00:00.000000000,SP,48,25,Pleno,6454.67,Tecnologia,Presencial,Autônomo/PJ,6,14,1,0
3718,102,2026-04-02T00:00:00.000000000,MG,24,29,Pleno,6311.06,Tecnologia,Presencial,Iniciativa Privada,4,92,1,0
3719,104,2026-03-20T00:00:00.000000000,RJ,74,29,Gestão,15519.29,Tecnologia,Presencial,Iniciativa Privada,5,89,1,0
3720,202,2025-12-19T00:00:00.000000000,MG,56,31,Pleno,9487.55,Exatas,Híbrido,Iniciativa Privada,4,84,0,0
3721,403,2026-02-15T00:00:00.000000000,SP,16,27,Sem vínculo,0.0,Biológicas,EAD,Desempregado,4,11,0,0
3722,403,2026-06-22T00:00:00.000000000,GO,17,28,Júnior,3863.19,Biológicas,Presencial,Iniciativa Privada,6,75,0,0
3723,404,2026-03-29T00:00:00.000000000,MG,79,31,Sem vínculo,0.0,Biológicas,Presencial,Desempregado,8,68,0,0
3724,104,2026-02-23T00:00:00.000000000,SP,13,24,Júnior,3646.44,Tecnologia,Presencial,Iniciativa Privada,9,60,1,0
3725,103,2026-03-26T00:00:00.000000000,RJ,29,22,Pleno,7443.61,Tecnologia,Híbrido,Iniciativa Privada,8,41,0,0
3726,404,2025-04-25T00:00:00.000000000,PR,97,35,Gestão,16998.14,Biológicas,Presencial,Iniciativa Privada,7,89,0,1
3727,302,2025-02-20T00:00:00.000000000,PR,46,29,Pleno,6521.21,Humanas,EAD,Iniciativa Privada,8,31,0,0
3728,102,2026-01-04T00:00:00.000000000,RJ,41,27,Pleno,4865.3,Tecnologia,Presencial,Setor Público,5,1,1,0
3729,103,2026-05-30T00:00:00.000000000,RS,106,32,Gestão,15991.23,Tecnologia,Presencial,Iniciativa Privada,7,7,1,0
3730,201,2025-07-29T00:00:00.000000000,SP,90,31,Gestão,15617.75,Exatas,EAD,Setor Público,7,90,1,0
3731,302,2026-03-11T00:00:00.000000000,RJ,77,28,Sênior,10198.97,Humanas,Presencial,Setor Público,7,100,0,1
3732,404,2025-08-15T00:00:00.000000000,RS,60,26,Gestão,18307.13,Biológicas,Presencial,Setor Público,7,53,1,1
3733,101,2025-09-25T00:00:00.000000000,RS,14,24,Pleno,4191.69,Tecnologia,Híbrido,Autônomo/PJ,8,7,0,0
3734,101,2025-04-26T00:00:00.000000000,MG,52,28,Pleno,6138.21,Tecnologia,Presencial,Iniciativa Privada,10,87,1,1
3735,202,2025-12-26T00:00:00.000000000,RS,20,21,Júnior,5092.53,Exatas,Presencial,Setor Público,7,12,1,0
3736,102,2025-11-25T00:00:00.000000000,SP,53,28,Sem vínculo,0.0,Tecnologia,Presencial,Desempregado,5,28,0,0
3737,201,2025-02-09T00:00:00.000000000,RS,115,34,Sênior,9617.66,Exatas,Híbrido,ONG,5,12,1,0
3738,301,2025-07-01T00:00:00.000000000,SP,109,30,Sem vínculo,0.0,Humanas,EAD,Desempregado,4,57,0,0
3739,103,2026-05-05T00:00:00.000000000,SP,87,33,Sênior,13094.77,Tecnologia,Presencial,Iniciativa Privada,10,62,0,0
3740,304,2025-07-28T00:00:00.000000000,SP,47,24,Júnior,2426.91,Humanas,Híbrido,Autônomo/PJ,10,86,1,0
3741,103,2025-09-30T00:00:00.000000000,RJ,65,32,Gestão,18733.88,Tecnologia,Presencial,Setor Público,5,46,0,0
3742,302,2025-04-29T00:00:00.000000000,SP,89,33,Sênior,13028.56,Humanas,Presencial,Iniciativa Privada,9,78,0,1
3743,303,2026-01-17T00:00:00.000000000,SP,75,32,Sênior,10806.46,Humanas,Presencial,Autônomo/PJ,4,87,0,0
3744,103,2026-06-20T00:00:00.000000000,SP,17,28,Pleno,4744.88,Tecnologia,EAD,Setor Público,5,86,1,0
3745,303,2025-09-15T00:00:00.000000000,SP,7,23,Júnior,4109.97,Humanas,EAD,Iniciativa Privada,7,73,1,0
3746,203,2026-04-28T00:00:00.000000000,MG,12,28,Júnior,2280.11,Exatas,Presencial,Iniciativa Privada,6,37,0,0
3747,104,2026-05-24T00:00:00.000000000,RJ,85,29,Gestão,16216.38,Tecnologia,Presencial,Autônomo/PJ,7,68,0,0
3748,104,2025-04-02T00:00:00.000000000,SP,8,26,Júnior,2317.31,Tecnologia,Híbrido,Iniciativa Privada,8,68,0,0
3749,101,2025-06-10T00:00:00.000000000,PR,114,35,Pleno,5028.37,Tecnologia,EAD,Iniciativa Privada,4,94,0,0
3750,302,2025-05-29T00:00:00.000000000,RS,8,27,Júnior,2247.95,Humanas,EAD,Iniciativa Privada,6,39,0,0
3751,103,2025-04-27T00:00:00.000000000,PR,32,25,Júnior,2648.26,Tecnologia,Presencial,Iniciativa Privada,10,0,0,0
3752,301,2026-04-03T00:00:00.000000000,SP,119,33,Sem vínculo,0.0,Humanas,EAD,Desempregado,5,1,1,0
3753,401,2026-07-19T00:00:00.000000000,PR,112,34,Sênior,12096.0,Biológicas,EAD,Iniciativa Privada,7,28,1,0
3754,201,2025-02-14T00:00:00.000000000,SP,45,23,Pleno,7590.89,Exatas,Híbrido,Setor Público,10,6,0,0
3755,104,2025-08-22T00:00:00.000000000,SP,107,31,Sem vínculo,0.0,Tecnologia,Presencial,Desempregado,4,92,0,0
3756,103,2026-01-10T00:00:00.000000000,SP,38,25,Sênior,11427.33,Tecnologia,EAD,Iniciativa Privada,4,56,0,0
3757,103,2026-07-01T00:00:00.000000000,SC,97,31,Gestão,16779.53,Tecnologia,Híbrido,Iniciativa Privada,10,54,0,0
3758,102,2025-07-16T00:00:00.000000000,SP,6,21,Júnior,3318.68,Tecnologia,Presencial,Autônomo/PJ,5,72,1,0
3759,303,2025-01-25T00:00:00.000000000,SP,13,25,Pleno,7139.16,Humanas,EAD,Iniciativa Privada,4,35,0,0
3760,103,2026-01-30T00:00:00.000000000,SP,106,32,Pleno,5011.48,Tecnologia,Híbrido,Iniciativa Privada,5,6,1,0
3761,301,2025-02-05T00:00:00.000000000,RS,37,29,Júnior,4523.21,Humanas,Presencial,Autônomo/PJ,10,91,0,1
3762,102,2026-04-19T00:00:00.000000000,MG,53,28,Pleno,7783.14,Tecnologia,EAD,Autônomo/PJ,5,9,1,0
3763,103,2025-08-11T00:00:00.000000000,SP,112,33,Sênior,10010.54,Tecnologia,Presencial,Autônomo/PJ,7,79,1,0
3764,104,2026-06-14T00:00:00.000000000,MG,106,35,Sem vínculo,0.0,Tecnologia,Presencial,Desempregado,4,73,0,0
3765,103,2025-07-07T00:00:00.000000000,RJ,9,24,Júnior,3962.44,Tecnologia,Presencial,Autônomo/PJ,10,38,1,0
3766,101,2026-02-06T00:00:00.000000000,MG,99,32,Gestão,15546.78,Tecnologia,Presencial,Autônomo/PJ,8,57,0,0
3767,304,2025-09-14T00:00:00.000000000,SP,75,26,Gestão,17313.41,Humanas,EAD,ONG,8,89,0,1
3768,301,2025-05-16T00:00:00.000000000,RS,115,31,Sênior,14426.26,Humanas,Presencial,Iniciativa Privada,7,97,0,1
3769,103,2026-03-20T00:00:00.000000000,SP,24,28,Pleno,4806.84,Tecnologia,Híbrido,Iniciativa Privada,10,97,0,0
3770,304,2026-02-22T00:00:00.000000000,MG,37,30,Pleno,3746.74,Humanas,Presencial,Autônomo/PJ,7,39,0,0
3771,102,2025-10-19T00:00:00.000000000,SP,14,25,Júnior,5826.92,Tecnologia,EAD,Setor Público,5,13,0,0
3772,102,2026-07-28T00:00:00.000000000,SP,17,27,Júnior,3074.54,Tecnologia,Presencial,Iniciativa Privada,10,81,1,1
3773,404,2025-05-09T00:00:00.000000000,SP,16,23,Júnior,3023.9,Biológicas,Presencial,Iniciativa Privada,8,0,1,0
3774,404,2025-12-07T00:00:00.000000000,RJ,51,31,Sênior,12513.05,Biológicas,Presencial,Iniciativa Privada,4,16,0,0
3775,401,2025-09-14T00:00:00.000000000,SP,21,26,Júnior,3230.47,Biológicas,Presencial,Setor Público,8,48,0,0
3776,104,2026-07-20T00:00:00.000000000,PR,6,24,Júnior,1582.99,Tecnologia,Híbrido,Autônomo/PJ,7,85,0,0
3777,401,2025-04-10T00:00:00.000000000,SP,68,31,Sem vínculo,0.0,Biológicas,EAD,Desempregado,7,100,0,0
3778,303,2025-02-08T00:00:00.000000000,MG,114,32,Gestão,16364.17,Humanas,Híbrido,Autônomo/PJ,10,15,0,1
3779,201,2025-09-20T00:00:00.000000000,SC,26,29,Pleno,5713.93,Exatas,EAD,Autônomo/PJ,10,6,1,0
3780,404,2025-05-30T00:00:00.000000000,MG,35,29,Pleno,5945.21,Biológicas,EAD,Iniciativa Privada,10,14,0,0
3781,404,2025-11-26T00:00:00.000000000,PR,18,27,Júnior,1500.0,Biológicas,Presencial,Iniciativa Privada,10,20,0,0
3782,303,2025-04-30T00:00:00.000000000,MG,39,27,Pleno,6089.7,Humanas,Presencial,Iniciativa Privada,5,65,1,0
3783,404,2025-08-07T00:00:00.000000000,SP,9,21,Júnior,2137.45,Biológicas,EAD,Setor Público,4,58,0,0
3784,204,2025-05-03T00:00:00.000000000,SC,33,22,Pleno,5728.67,Exatas,Presencial,Iniciativa Privada,7,47,1,0
3785,302,2025-09-01T00:00:00.000000000,SP,107,31,Sênior,11176.56,Humanas,Presencial,Setor Público,9,88,0,1
3786,102,2026-06-02T00:00:00.000000000,MG,100,31,Sênior,9134.58,Tecnologia,Presencial,Setor Público,4,72,1,0
3787,403,2025-01-21T00:00:00.000000000,PR,64,26,Sênior,11422.47,Biológicas,Presencial,Iniciativa Privada,8,83,1,1
3788,201,2025-07-09T00:00:00.000000000,SP,32,26,Sem vínculo,0.0,Exatas,Presencial,Desempregado,5,49,1,0
3789,402,2025-08-13T00:00:00.000000000,SP,74,33,Sênior,9269.33,Biológicas,Presencial,Setor Público,10,9,1,1
3790,201,2026-04-11T00:00:00.000000000,RJ,30,29,Pleno,5458.72,Exatas,Presencial,Iniciativa Privada,8,51,0,0
3791,304,2025-04-09T00:00:00.000000000,SC,8,20,Júnior,2489.68,Humanas,Presencial,Iniciativa Privada,10,84,0,1
3792,202,2025-12-29T00:00:00.000000000,GO,102,31,Pleno,4165.01,Exatas,Presencial,Setor Público,9,67,0,0
3793,203,2025-03-24T00:00:00.000000000,RJ,73,26,Sênior,11183.74,Exatas,Presencial,Iniciativa Privada,7,29,1,0
3794,303,2025-02-25T00:00:00.000000000,MG,30,25,Pleno,7232.0,Humanas,Presencial,Iniciativa Privada,7,33,1,0
3795,103,2025-01-22T00:00:00.000000000,GO,25,26,Sênior,11818.82,Tecnologia,Híbrido,Setor Público,4,93,1,0
3796,202,2025-07-04T00:00:00.000000000,SP,39,28,Sem vínculo,0.0,Exatas,EAD,Desempregado,10,77,1,0
3797,201,2026-06-06T00:00:00.000000000,SP,31,25,Pleno,6196.74,Exatas,Híbrido,Iniciativa Privada,7,85,1,0
3798,104,2026-08-01T00:00:00.000000000,PR,10,25,Sem vínculo,0.0,Tecnologia,Presencial,Desempregado,9,64,1,0
3799,101,2025-09-21T00:00:00.000000000,SC,104,31,Sênior,12240.81,Tecnologia,Presencial,Autônomo/PJ,4,59,0,0
3800,101,2025-08-13T00:00:00.000000000,RS,66,32,Gestão,17339.63,Tecnologia,EAD,Iniciativa Privada,9,7,1,0
3801,104,2025-02-07T00:00:00.000000000,RJ,97,30,Sênior,9868.68,Tecnologia,Presencial,Autônomo/PJ,6,74,1,0
3802,404,2025-05-03T00:00:00.000000000,SP,98,32,Gestão,17395.73,Biológicas,Presencial,Iniciativa Privada,7,64,0,0
3803,402,2025-06-05T00:00:00.000000000,RJ,14,22,Júnior,5899.57,Biológicas,EAD,Iniciativa Privada,8,68,0,0
3804,302,2025-10-28T00:00:00.000000000,SP,107,33,Gestão,17930.67,Humanas,EAD,Setor Público,8,56,0,1
3805,102,2025-03-08T00:00:00.000000000,SP,55,25,Pleno,5791.46,Tecnologia,Presencial,Autônomo/PJ,4,44,0,0
3806,302,2026-01-29T00:00:00.000000000,PR,11,24,Júnior,4086.77,Humanas,Presencial,Iniciativa Privada,9,48,1,0
3807,202,2026-07-24T00:00:00.000000000,SP,88,33,Sem vínculo,0.0,Exatas,EAD,Desempregado,9,73,0,0
3808,304,2026-02-09T00:00:00.000000000,SC,65,26,Sênior,13550.33,Humanas,Presencial,Autônomo/PJ,9,61,0,1
3809,201,2026-03-25T00:00:00.000000000,RJ,49,28,Sem vínculo,0.0,Exatas,Híbrido,Desempregado,9,38,0,0
3810,102,2025-05-11T00:00:00.000000000,MG,16,28,Júnior,4992.59,Tecnologia,Híbrido,Iniciativa Privada,6,76,1,0
3811,302,2025-03-10T00:00:00.000000000,SP,71,26,Sem vínculo,0.0,Humanas,Híbrido,Desempregado,7,20,1,0
3812,201,2025-12-11T00:00:00.000000000,SP,52,29,Pleno,5087.03,Exatas,Presencial,Iniciativa Privada,9,99,1,1
3813,402,2025-11-16T00:00:00.000000000,SP,113,31,Sênior,12055.51,Biológicas,Presencial,Iniciativa Privada,5,52,1,0
3814,301,2025-06-26T00:00:00.000000000,BA,113,30,Pleno,6557.02,Humanas,Híbrido,Autônomo/PJ,5,44,1,0
3815,201,2026-06-13T00:00:00.000000000,SC,78,31,Sênior,13514.07,Exatas,Presencial,Autônomo/PJ,10,96,1,0
3816,304,2025-06-09T00:00:00.000000000,RJ,90,30,Sênior,12723.12,Humanas,Presencial,Setor Público,10,27,0,1
3817,203,2026-06-17T00:00:00.000000000,SP,93,31,Sênior,10971.3,Exatas,Presencial,Iniciativa Privada,8,52,1,0
3818,104,2025-05-15T00:00:00.000000000,GO,103,28,Pleno,5810.38,Tecnologia,Presencial,Iniciativa Privada,7,8,0,0
3819,203,2025-04-21T00:00:00.000000000,SP,91,33,Sênior,13653.78,Exatas,EAD,Setor Público,5,74,0,0
3820,103,2025-10-10T00:00:00.000000000,SP,8,27,Júnior,2626.94,Tecnologia,Híbrido,Iniciativa Privada,4,92,1,0
3821,103,2026-06-04T00:00:00.000000000,MG,81,26,Gestão,15428.46,Tecnologia,EAD,Setor Público,7,70,1,0
3822,102,2025-07-13T00:00:00.000000000,GO,97,35,Pleno,7661.27,Tecnologia,EAD,Iniciativa Privada,8,60,0,0
3823,104,2025-02-16T00:00:00.000000000,SP,35,26,Sem vínculo,0.0,Tecnologia,Presencial,Desempregado,10,26,0,0
3824,103,2025-12-08T00:00:00.000000000,SP,95,34,Gestão,16919.73,Tecnologia,Presencial,Setor Público,6,21,0,0
3825,301,2025-08-30T00:00:00.000000000,GO,117,31,Sênior,12105.85,Humanas,Presencial,Autônomo/PJ,4,94,1,0
3826,102,2026-06-06T00:00:00.000000000,SP,26,23,Sem vínculo,0.0,Tecnologia,Presencial,Desempregado,4,29,0,0
3827,204,2026-01-05T00:00:00.000000000,SP,33,24,Pleno,6722.63,Exatas,Presencial,Setor Público,9,91,1,1
3828,203,2025-05-11T00:00:00.000000000,MG,95,27,Sênior,12171.23,Exatas,EAD,Iniciativa Privada,7,83,1,0
3829,101,2025-09-27T00:00:00.000000000,RS,67,31,Gestão,16497.35,Tecnologia,Presencial,Iniciativa Privada,10,14,1,0
3830,404,2025-03-02T00:00:00.000000000,RJ,38,28,Sênior,11426.71,Biológicas,Híbrido,Autônomo/PJ,6,14,1,0
3831,304,2025-06-13T00:00:00.000000000,BA,90,33,Sênior,11341.82,Humanas,Híbrido,Iniciativa Privada,4,52,1,0
3832,402,2026-06-09T00:00:00.000000000,MG,40,27,Pleno,5811.92,Biológicas,Presencial,Setor Público,6,75,0,0
3833,204,2025-09-29T00:00:00.000000000,SP,57,28,Pleno,7863.84,Exatas,Presencial,Iniciativa Privada,8,80,0,1
3834,302,2025-05-13T00:00:00.000000000,BA,39,25,Pleno,5660.82,Humanas,EAD,Iniciativa Privada,4,22,1,0
3835,403,2025-09-01T00:00:00.000000000,RJ,46,28,Pleno,5685.13,Biológicas,Híbrido,Iniciativa Privada,10,69,0,0
3836,102,2026-03-10T00:00:00.000000000,SP,56,26,Sem vínculo,0.0,Tecnologia,Híbrido,Desempregado,5,15,0,0
3837,201,2025-02-07T00:00:00.000000000,MG,52,25,Pleno,6322.33,Exatas,Presencial,Setor Público,10,90,0,1
3838,202,2026-07-22T00:00:00.000000000,SP,87,30,Sem vínculo,0.0,Exatas,Presencial,Desempregado,8,86,0,0
3839,401,2025-11-15T00:00:00.000000000,SP,63,30,Sem vínculo,0.0,Biológicas,Presencial,Desempregado,8,64,1,0
3840,102,2026-05-25T00:00:00.000000000,SP,80,29,Gestão,17557.85,Tecnologia,Presencial,Iniciativa Privada,9,44,0,0
3841,304,2026-01-11T00:00:00.000000000,RJ,62,31,Sênior,10996.89,Humanas,Presencial,Iniciativa Privada,4,6,0,0
3842,103,2026-07-14T00:00:00.000000000,SC,28,23,Pleno,6081.49,Tecnologia,EAD,Autônomo/PJ,5,44,1,0
3843,401,2026-04-19T00:00:00.000000000,MG,53,31,Pleno,8288.37,Biológicas,Presencial,ONG,6,38,1,0
3844,202,2025-02-28T00:00:00.000000000,BA,27,29,Júnior,5585.76,Exatas,Híbrido,Iniciativa Privada,5,49,0,0
3845,402,2026-05-14T00:00:00.000000000,SP,22,24,Sem vínculo,0.0,Biológicas,Presencial,Desempregado,8,48,0,0
3846,402,2025-08-06T00:00:00.000000000,SP,74,26,Gestão,18023.75,Biológicas,Presencial,Iniciativa Privada,4,47,0,0
3847,204,2026-07-21T00:00:00.000000000,SP,113,35,Gestão,16770.76,Exatas,Presencial,Iniciativa Privada,5,48,1,0
3848,304,2026-07-21T00:00:00.000000000,SP,16,24,Júnior,2710.0,Humanas,Presencial,Setor Público,10,39,0,0
3849,301,2025-05-09T00:00:00.000000000,SP,99,29,Pleno,6916.72,Humanas,EAD,Iniciativa Privada,5,38,0,0
3850,201,2026-01-18T00:00:00.000000000,PR,20,24,Júnior,1744.07,Exatas,Presencial,Iniciativa Privada,8,56,0,0
3851,204,2026-01-23T00:00:00.000000000,GO,96,32,Gestão,14365.11,Exatas,Híbrido,Iniciativa Privada,6,81,1,0
3852,101,2025-03-26T00:00:00.000000000,BA,40,25,Pleno,5883.76,Tecnologia,Híbrido,Iniciativa Privada,5,62,0,0
3853,203,2026-05-25T00:00:00.000000000,SP,38,23,Júnior,2816.36,Exatas,Híbrido,Setor Público,9,99,1,0
3854,403,2026-03-13T00:00:00.000000000,RS,89,31,Gestão,17777.03,Biológicas,Presencial,ONG,5,55,1,1
3855,104,2025-10-20T00:00:00.000000000,SP,21,25,Júnior,3475.15,Tecnologia,Presencial,ONG,7,85,1,0
3856,301,2025-02-18T00:00:00.000000000,SP,39,24,Júnior,3507.64,Humanas,Presencial,Setor Público,8,1,0,0
3857,102,2025-03-08T00:00:00.000000000,RS,71,27,Gestão,15500.85,Tecnologia,EAD,Iniciativa Privada,7,25,1,0
3858,203,2025-05-09T00:00:00.000000000,MG,104,30,Sênior,10859.46,Exatas,Híbrido,Iniciativa Privada,8,95,1,0
3859,104,2025-01-29T00:00:00.000000000,SP,45,28,Pleno,7610.9,Tecnologia,Presencial,Iniciativa Privada,8,22,0,0
3860,201,2025-12-09T00:00:00.000000000,RJ,33,28,Sênior,11660.38,Exatas,EAD,Iniciativa Privada,7,17,1,0
3861,104,2026-06-29T00:00:00.000000000,SP,52,24,Júnior,3048.26,Tecnologia,Híbrido,Iniciativa Privada,10,82,0,0
3862,302,2025-04-29T00:00:00.000000000,PR,44,29,Sênior,11230.84,Humanas,Híbrido,Autônomo/PJ,6,87,1,0
3863,203,2025-05-13T00:00:00.000000000,RJ,75,27,Sem vínculo,0.0,Exatas,Presencial,Desempregado,6,67,0,0
3864,304,2025-11-23T00:00:00.000000000,BA,78,26,Sênior,11274.99,Humanas,Presencial,Iniciativa Privada,8,59,1,1
3865,204,2025-07-04T00:00:00.000000000,SP,25,27,Pleno,6882.01,Exatas,Presencial,Autônomo/PJ,10,1,0,0
3866,404,2026-05-21T00:00:00.000000000,SP,6,23,Júnior,6453.79,Biológicas,EAD,Iniciativa Privada,10,93,0,1
3867,302,2026-06-18T00:00:00.000000000,RJ,77,30,Gestão,15031.02,Humanas,Presencial,Setor Público,7,48,1,1
3868,104,2025-08-29T00:00:00.000000000,RJ,92,27,Sênior,10232.44,Tecnologia,Presencial,Autônomo/PJ,5,37,0,0
3869,102,2026-05-31T00:00:00.000000000,SP,68,31,Sênior,11215.09,Tecnologia,Presencial,Iniciativa Privada,8,30,1,0
3870,102,2025-06-14T00:00:00.000000000,PR,72,30,Pleno,6017.23,Tecnologia,Presencial,Iniciativa Privada,9,39,1,0
3871,202,2026-07-11T00:00:00.000000000,RS,9,21,Júnior,3522.1,Exatas,Presencial,ONG,8,79,1,0
3872,203,2025-08-06T00:00:00.000000000,GO,63,31,Sênior,10415.92,Exatas,EAD,Autônomo/PJ,4,52,1,0
3873,403,2025-01-05T00:00:00.000000000,SC,30,25,Pleno,7020.75,Biológicas,Híbrido,ONG,6,63,0,0
3874,204,2025-03-22T00:00:00.000000000,RS,52,25,Pleno,5157.15,Exatas,Presencial,Autônomo/PJ,7,32,0,0
3875,304,2025-09-04T00:00:00.000000000,MG,43,30,Sem vínculo,0.0,Humanas,EAD,Desempregado,5,57,0,0
3876,103,2026-05-08T00:00:00.000000000,SC,20,24,Júnior,3295.65,Tecnologia,EAD,Iniciativa Privada,9,49,1,0
3877,101,2026-01-21T00:00:00.000000000,SP,68,28,Sênior,12403.42,Tecnologia,Presencial,Iniciativa Privada,10,63,0,0
3878,403,2026-07-29T00:00:00.000000000,SP,26,26,Sênior,12951.3,Biológicas,EAD,Iniciativa Privada,5,2,0,0
3879,102,2025-11-03T00:00:00.000000000,SP,104,29,Gestão,16557.17,Tecnologia,Presencial,Iniciativa Privada,9,60,1,0
3880,403,2026-06-27T00:00:00.000000000,RJ,62,26,Sênior,12508.24,Biológicas,EAD,Iniciativa Privada,8,81,0,1
3881,102,2025-01-07T00:00:00.000000000,SP,58,24,Sênior,10764.38,Tecnologia,EAD,Setor Público,5,9,1,0
3882,404,2026-05-30T00:00:00.000000000,BA,51,30,Pleno,6567.38,Biológicas,EAD,Setor Público,5,65,1,0
3883,301,2026-07-22T00:00:00.000000000,SP,19,28,Júnior,2342.01,Humanas,Presencial,Iniciativa Privada,8,50,1,0
3884,304,2025-03-14T00:00:00.000000000,SP,105,29,Sem vínculo,0.0,Humanas,EAD,Desempregado,6,93,0,0
3885,402,2025-01-10T00:00:00.000000000,RJ,81,26,Sênior,11172.37,Biológicas,EAD,Iniciativa Privada,4,29,0,0
3886,102,2026-07-27T00:00:00.000000000,SP,22,28,Júnior,3256.51,Tecnologia,EAD,Iniciativa Privada,6,24,0,0
3887,102,2026-07-16T00:00:00.000000000,SP,44,25,Pleno,7388.42,Tecnologia,EAD,Autônomo/PJ,6,42,1,0
3888,101,2025-05-02T00:00:00.000000000,SP,14,23,Júnior,2614.75,Tecnologia,EAD,Autônomo/PJ,4,87,1,0
3889,103,2026-05-28T00:00:00.000000000,RJ,104,35,Sênior,10606.37,Tecnologia,Presencial,Iniciativa Privada,8,63,1,0
3890,204,2026-03-17T00:00:00.000000000,RJ,82,28,Sênior,11995.89,Exatas,Presencial,Iniciativa Privada,6,58,0,0
3891,404,2025-02-07T00:00:00.000000000,PR,84,32,Gestão,17367.0,Biológicas,EAD,Setor Público,7,61,1,1
3892,103,2025-12-11T00:00:00.000000000,PR,87,28,Gestão,20058.88,Tecnologia,EAD,Iniciativa Privada,7,98,1,0
3893,404,2025-12-04T00:00:00.000000000,RJ,102,33,Gestão,17672.68,Biológicas,Presencial,Iniciativa Privada,4,9,1,0
3894,401,2025-07-03T00:00:00.000000000,SP,11,26,Júnior,2379.65,Biológicas,Presencial,Setor Público,7,63,0,0
3895,304,2025-03-08T00:00:00.000000000,SP,96,29,Pleno,4480.06,Humanas,Presencial,Iniciativa Privada,8,93,1,0
3896,402,2025-01-17T00:00:00.000000000,PR,28,22,Júnior,3954.98,Biológicas,Presencial,Iniciativa Privada,5,59,1,0
3897,303,2026-01-18T00:00:00.000000000,SP,64,30,Gestão,15312.17,Humanas,Presencial,Iniciativa Privada,8,89,0,1
3898,201,2026-01-03T00:00:00.000000000,SP,96,33,Sem vínculo,0.0,Exatas,Presencial,Desempregado,4,98,0,0
3899,303,2025-11-12T00:00:00.000000000,PR,103,34,Sem vínculo,0.0,Humanas,Presencial,Desempregado,5,87,0,0
3900,301,2026-05-12T00:00:00.000000000,RJ,51,29,Sênior,10298.25,Humanas,Presencial,Iniciativa Privada,7,19,1,0
3901,102,2025-12-11T00:00:00.000000000,SP,43,26,Pleno,6157.17,Tecnologia,EAD,Iniciativa Privada,6,48,1,0
3902,103,2026-07-07T00:00:00.000000000,SP,19,21,Pleno,5052.64,Tecnologia,Presencial,Iniciativa Privada,10,98,0,1
3903,204,2026-04-18T00:00:00.000000000,GO,105,30,Gestão,16824.26,Exatas,Presencial,Iniciativa Privada,7,73,0,0
3904,101,2025-04-25T00:00:00.000000000,RS,77,26,Sênior,11173.49,Tecnologia,EAD,Iniciativa Privada,8,26,0,0
3905,403,2025-04-10T00:00:00.000000000,PR,67,28,Sênior,10495.42,Biológicas,Híbrido,Setor Público,8,50,0,0
3906,204,2026-03-14T00:00:00.000000000,RJ,40,29,Pleno,7728.27,Exatas,Presencial,Iniciativa Privada,10,56,1,0
3907,203,2025-12-11T00:00:00.000000000,RJ,24,28,Pleno,4279.41,Exatas,Híbrido,Iniciativa Privada,4,78,1,0
3908,103,2025-12-15T00:00:00.000000000,BA,35,23,Pleno,5436.64,Tecnologia,Presencial,Iniciativa Privada,6,78,1,0
3909,203,2025-05-19T00:00:00.000000000,BA,83,26,Gestão,17488.77,Exatas,Presencial,Iniciativa Privada,6,36,1,0
3910,101,2025-11-20T00:00:00.000000000,SP,89,34,Pleno,6065.13,Tecnologia,Presencial,Iniciativa Privada,5,98,0,0
3911,104,2025-10-29T00:00:00.000000000,SC,118,36,Pleno,5755.79,Tecnologia,EAD,Iniciativa Privada,5,2,0,0
3912,402,2025-10-21T00:00:00.000000000,SP,30,28,Sênior,11538.68,Biológicas,Presencial,Setor Público,8,28,1,0
3913,101,2026-06-13T00:00:00.000000000,SP,45,28,Pleno,5961.79,Tecnologia,EAD,Setor Público,4,67,1,0
3914,301,2025-10-19T00:00:00.000000000,MG,93,33,Sênior,12133.73,Humanas,Presencial,Iniciativa Privada,10,46,0,1
3915,101,2025-03-15T00:00:00.000000000,RJ,19,27,Júnior,4261.93,Tecnologia,Presencial,Setor Público,8,79,1,0
3916,402,2026-04-29T00:00:00.000000000,GO,31,28,Pleno,8005.14,Biológicas,Presencial,Iniciativa Privada,9,68,0,0
3917,204,2025-01-16T00:00:00.000000000,SP,107,34,Gestão,17824.5,Exatas,Presencial,Iniciativa Privada,6,20,1,0
3918,304,2026-06-10T00:00:00.000000000,RJ,92,34,Sênior,10106.54,Humanas,Presencial,Setor Público,6,41,1,0
3919,304,2025-12-02T00:00:00.000000000,GO,27,29,Júnior,4211.09,Humanas,EAD,Iniciativa Privada,8,20,0,0
3920,303,2026-05-31T00:00:00.000000000,GO,53,26,Sênior,10779.59,Humanas,Presencial,Setor Público,10,1,0,0
3921,103,2025-05-07T00:00:00.000000000,SP,88,29,Sênior,11664.53,Tecnologia,EAD,Autônomo/PJ,6,77,0,0
3922,203,2026-06-02T00:00:00.000000000,SP,115,30,Sem vínculo,0.0,Exatas,Presencial,Desempregado,10,68,0,0
3923,102,2025-05-09T00:00:00.000000000,MG,56,30,Sem vínculo,0.0,Tecnologia,Híbrido,Desempregado,5,6,0,0
3924,203,2026-05-26T00:00:00.000000000,SP,8,27,Pleno,6900.64,Exatas,EAD,Iniciativa Privada,6,74,1,0
3925,202,2026-02-27T00:00:00.000000000,BA,47,23,Sem vínculo,0.0,Exatas,EAD,Desempregado,5,34,1,0
3926,404,2026-01-20T00:00:00.000000000,GO,24,25,Sênior,10566.36,Biológicas,EAD,Setor Público,7,29,1,0
3927,103,2025-08-20T00:00:00.000000000,SP,78,27,Sênior,11115.44,Tecnologia,Presencial,Setor Público,10,43,1,0
3928,103,2025-07-14T00:00:00.000000000,SP,33,29,Júnior,2980.25,Tecnologia,Presencial,Iniciativa Privada,4,45,0,0
3929,401,2025-03-06T00:00:00.000000000,SP,89,27,Gestão,16317.41,Biológicas,EAD,ONG,4,54,1,0
3930,402,2025-10-04T00:00:00.000000000,GO,50,30,Pleno,7200.28,Biológicas,Presencial,Iniciativa Privada,6,0,1,0
3931,404,2025-08-12T00:00:00.000000000,SP,76,30,Sênior,9363.74,Biológicas,Presencial,Autônomo/PJ,4,53,1,0
3932,201,2025-10-05T00:00:00.000000000,RJ,83,32,Gestão,15870.71,Exatas,EAD,Iniciativa Privada,9,79,0,0
3933,101,2026-01-01T00:00:00.000000000,RJ,68,27,Gestão,17844.62,Tecnologia,Presencial,Setor Público,7,0,1,0
3934,404,2026-05-31T00:00:00.000000000,MG,78,29,Sênior,11362.87,Biológicas,Híbrido,Iniciativa Privada,6,62,1,0
3935,101,2025-08-03T00:00:00.000000000,SP,24,29,Sênior,11228.53,Tecnologia,EAD,Iniciativa Privada,5,54,1,0
3936,102,2026-03-15T00:00:00.000000000,SP,52,31,Júnior,4936.58,Tecnologia,EAD,Iniciativa Privada,7,85,0,0
3937,102,2026-03-04T00:00:00.000000000,GO,19,26,Júnior,3526.37,Tecnologia,Presencial,Iniciativa Privada,10,76,1,1
3938,303,2026-01-31T00:00:00.000000000,GO,43,26,Pleno,6105.87,Humanas,EAD,Iniciativa Privada,9,26,0,0
3939,101,2025-07-28T00:00:00.000000000,PR,58,29,Pleno,7289.17,Tecnologia,Presencial,Iniciativa Privada,7,14,0,0
3940,303,2026-05-16T00:00:00.000000000,SP,66,28,Gestão,17681.64,Humanas,Presencial,Setor Público,4,80,0,0
3941,101,2026-04-08T00:00:00.000000000,SP,41,25,Sênior,12816.25,Tecnologia,Híbrido,Autônomo/PJ,9,8,1,0
3942,102,2025-08-15T00:00:00.000000000,MG,45,28,Sênior,12245.41,Tecnologia,Presencial,Setor Público,5,68,1,0
3943,202,2026-01-10T00:00:00.000000000,SP,86,27,Pleno,5416.13,Exatas,EAD,Iniciativa Privada,8,58,1,0
3944,202,2026-05-15T00:00:00.000000000,GO,35,27,Pleno,8014.73,Exatas,EAD,Iniciativa Privada,7,22,0,0
3945,401,2025-04-03T00:00:00.000000000,MG,14,22,Júnior,2354.47,Biológicas,Híbrido,Iniciativa Privada,4,10,1,0
3946,402,2026-04-05T00:00:00.000000000,SP,69,25,Sem vínculo,0.0,Biológicas,Presencial,Desempregado,10,23,0,0
3947,101,2026-07-31T00:00:00.000000000,GO,38,24,Júnior,5814.82,Tecnologia,Presencial,ONG,10,71,1,0
3948,403,2025-11-17T00:00:00.000000000,BA,57,30,Sênior,12381.87,Biológicas,Híbrido,Iniciativa Privada,7,97,1,1
3949,301,2025-01-10T00:00:00.000000000,SP,94,30,Pleno,7750.01,Humanas,EAD,Iniciativa Privada,5,53,0,0
3950,203,2025-10-30T00:00:00.000000000,RJ,19,21,Júnior,2171.84,Exatas,EAD,ONG,10,30,0,0
3951,301,2025-11-18T00:00:00.000000000,SP,80,29,Sênior,12302.56,Humanas,EAD,ONG,5,21,0,0
3952,403,2026-04-01T00:00:00.000000000,SP,58,30,Pleno,5166.57,Biológicas,Presencial,ONG,6,13,1,0
3953,102,2025-10-05T00:00:00.000000000,SP,104,32,Sênior,11093.06,Tecnologia,Presencial,Autônomo/PJ,8,4,1,0
3954,103,2026-06-22T00:00:00.000000000,MG,110,36,Sênior,9036.26,Tecnologia,Presencial,Iniciativa Privada,8,16,0,0
3955,202,2026-01-28T00:00:00.000000000,BA,64,28,Pleno,5438.35,Exatas,EAD,Iniciativa Privada,4,81,0,0
3956,102,2025-04-05T00:00:00.000000000,RJ,83,32,Sênior,9790.47,Tecnologia,Presencial,Iniciativa Privada,8,82,1,0
3957,203,2025-04-17T00:00:00.000000000,SP,99,31,Gestão,16438.96,Exatas,EAD,Iniciativa Privada,5,70,0,0
3958,301,2026-01-25T00:00:00.000000000,MG,46,29,Pleno,6640.55,Humanas,EAD,Iniciativa Privada,8,89,1,1
3959,401,2026-06-10T00:00:00.000000000,SP,73,27,Sênior,11406.73,Biológicas,Presencial,Iniciativa Privada,4,88,1,0
3960,104,2025-03-12T00:00:00.000000000,RS,73,32,Gestão,19737.07,Tecnologia,Presencial,Iniciativa Privada,7,81,0,0
3961,101,2026-01-11T00:00:00.000000000,RJ,97,33,Gestão,17350.79,Tecnologia,EAD,Iniciativa Privada,8,43,1,0
3962,304,2026-01-03T00:00:00.000000000,SP,13,25,Júnior,4004.43,Humanas,Híbrido,Iniciativa Privada,8,78,1,0
3963,201,2025-02-20T00:00:00.000000000,SP,7,23,Júnior,3919.6,Exatas,EAD,Iniciativa Privada,10,92,1,1
3964,401,2025-05-23T00:00:00.000000000,PR,110,35,Gestão,16308.23,Biológicas,Presencial,Iniciativa Privada,5,48,0,0
3965,402,2026-02-23T00:00:00.000000000,SP,115,35,Sênior,10675.22,Biológicas,Presencial,Autônomo/PJ,5,64,0,0
3966,404,2026-07-02T00:00:00.000000000,PR,91,30,Gestão,16871.32,Biológicas,EAD,Autônomo/PJ,10,3,1,1
3967,301,2026-05-15T00:00:00.000000000,SP,46,30,Sênior,8362.31,Humanas,EAD,Iniciativa Privada,7,8,0,0
3968,204,2025-06-16T00:00:00.000000000,SP,60,29,Gestão,16965.12,Exatas,Presencial,Iniciativa Privada,10,35,1,0
3969,102,2025-09-17T00:00:00.000000000,RJ,21,25,Júnior,3209.41,Tecnologia,Presencial,Iniciativa Privada,9,50,0,0
3970,302,2025-07-11T00:00:00.000000000,GO,98,34,Sênior,12554.84,Humanas,Presencial,Setor Público,9,31,0,0
3971,404,2025-07-21T00:00:00.000000000,GO,67,25,Sênior,12195.45,Biológicas,Presencial,Iniciativa Privada,6,87,0,0
3972,102,2025-07-04T00:00:00.000000000,SP,118,30,Gestão,17182.43,Tecnologia,Presencial,Iniciativa Privada,8,100,0,0
3973,103,2025-06-07T00:00:00.000000000,SP,53,28,Sênior,10820.62,Tecnologia,EAD,ONG,5,17,0,0
3974,403,2025-04-09T00:00:00.000000000,SP,35,26,Pleno,5241.27,Biológicas,Presencial,Iniciativa Privada,6,14,0,0
3975,102,2025-08-29T00:00:00.000000000,RJ,17,23,Pleno,7009.9,Tecnologia,EAD,Iniciativa Privada,8,19,1,0
3976,103,2026-05-06T00:00:00.000000000,RJ,40,28,Sênior,11522.28,Tecnologia,Presencial,Iniciativa Privada,8,57,1,0
3977,401,2025-07-21T00:00:00.000000000,GO,16,25,Júnior,4006.5,Biológicas,Presencial,Iniciativa Privada,6,39,0,0
3978,104,2026-05-24T00:00:00.000000000,GO,69,26,Gestão,18128.86,Tecnologia,EAD,Iniciativa Privada,5,65,0,0
3979,101,2025-04-06T00:00:00.000000000,SP,115,34,Pleno,5021.23,Tecnologia,Híbrido,ONG,7,88,1,0
3980,204,2026-05-05T00:00:00.000000000,RJ,55,29,Júnior,4203.3,Exatas,Presencial,Iniciativa Privada,9,12,1,0
3981,302,2025-08-06T00:00:00.000000000,RS,90,30,Gestão,15454.23,Humanas,Presencial,Setor Público,8,90,1,1
3982,201,2026-06-11T00:00:00.000000000,SC,26,25,Pleno,7341.71,Exatas,Presencial,Iniciativa Privada,10,12,1,0
3983,202,2025-09-30T00:00:00.000000000,SP,74,29,Gestão,16954.98,Exatas,EAD,Iniciativa Privada,4,61,1,0
3984,302,2025-08-07T00:00:00.000000000,SP,53,27,Pleno,6664.3,Humanas,Híbrido,Iniciativa Privada,4,27,1,0
3985,204,2025-11-28T00:00:00.000000000,RJ,25,24,Pleno,7562.48,Exatas,Presencial,Iniciativa Privada,4,45,0,0
3986,104,2026-03-29T00:00:00.000000000,SP,106,32,Sênior,9884.32,Tecnologia,EAD,Iniciativa Privada,10,14,0,0
3987,104,2025-06-01T00:00:00.000000000,SP,72,29,Sênior,8943.16,Tecnologia,Presencial,Iniciativa Privada,7,92,0,0
3988,201,2025-12-13T00:00:00.000000000,SP,49,30,Pleno,7848.72,Exatas,Presencial,ONG,9,84,1,1
3989,303,2026-02-18T00:00:00.000000000,MG,38,23,Pleno,8185.21,Humanas,Híbrido,Iniciativa Privada,8,43,0,0
3990,304,2026-06-11T00:00:00.000000000,SP,78,29,Sênior,12200.52,Humanas,Presencial,Iniciativa Privada,5,94,0,0
3991,304,2026-03-07T00:00:00.000000000,SP,66,29,Gestão,17151.07,Humanas,Presencial,Iniciativa Privada,5,22,0,0
3992,301,2026-01-14T00:00:00.000000000,SP,14,24,Júnior,2749.78,Humanas,Híbrido,Iniciativa Privada,10,100,1,0
3993,104,2026-03-04T00:00:00.000000000,SC,73,28,Pleno,6778.89,Tecnologia,Presencial,Iniciativa Privada,9,66,0,0
3994,401,2025-03-25T00:00:00.000000000,RS,40,24,Pleno,6310.59,Biológicas,Presencial,Iniciativa Privada,7,98,1,0
3995,402,2025-07-11T00:00:00.000000000,RJ,86,28,Sênior,12624.74,Biológicas,Presencial,Iniciativa Privada,9,77,0,1
3996,204,2025-02-10T00:00:00.000000000,RJ,103,32,Sênior,11255.14,Exatas,Presencial,Iniciativa Privada,8,65,1,0
3997,104,2025-11-05T00:00:00.000000000,BA,93,33,Gestão,17381.05,Tecnologia,Presencial,Setor Público,6,49,0,0
3998,202,2026-01-13T00:00:00.000000000,SP,101,29,Sênior,9192.14,Exatas,Presencial,Iniciativa Privada,6,12,1,0
3999,202,2025-05-16T00:00:00.000000000,SP,70,32,Gestão,17261.67,Exatas,EAD,Iniciativa Privada,8,1,1,0
4000,102,2025-04-16T00:00:00.000000000,SP,13,22,Júnior,5551.87,Tecnologia,Híbrido,Autônomo/PJ,8,75,0,0
4001,304,2026-06-03T00:00:00.000000000,SP,50,24,Sem vínculo,0.0,Humanas,Presencial,Desempregado,5,90,0,0
4002,303,2026-06-26T00:00:00.000000000,SP,92,31,Sênior,10964.31,Humanas,EAD,Setor Público,7,33,1,0
4003,403,2025-05-06T00:00:00.000000000,GO,52,30,Sênior,9800.63,Biológicas,EAD,Iniciativa Privada,7,39,0,0
4004,103,2025-12-23T00:00:00.000000000,MG,45,27,Pleno,6578.5,Tecnologia,Presencial,Autônomo/PJ,9,68,1,1
4005,104,2026-02-04T00:00:00.000000000,RJ,81,27,Sênior,12603.89,Tecnologia,Presencial,Setor Público,10,60,0,0
4006,302,2025-03-20T00:00:00.000000000,GO,59,25,Sênior,12202.59,Humanas,EAD,Iniciativa Privada,10,24,0,1
4007,404,2026-01-24T00:00:00.000000000,SP,81,27,Gestão,19607.22,Biológicas,EAD,ONG,5,74,0,0
4008,202,2026-06-19T00:00:00.000000000,SP,51,29,Pleno,6604.19,Exatas,Presencial,Iniciativa Privada,4,76,0,0
4009,304,2025-03-15T00:00:00.000000000,MG,52,26,Sem vínculo,0.0,Humanas,Presencial,Desempregado,6,62,1,0
4010,104,2025-01-05T00:00:00.000000000,MG,20,24,Júnior,4754.9,Tecnologia,Presencial,Autônomo/PJ,8,27,1,0
4011,302,2026-04-08T00:00:00.000000000,SP,110,36,Pleno,5684.48,Humanas,Presencial,Setor Público,9,84,1,1
4012,403,2025-03-23T00:00:00.000000000,RJ,24,24,Pleno,4379.62,Biológicas,EAD,Autônomo/PJ,6,55,1,0
4013,302,2026-06-21T00:00:00.000000000,MG,31,26,Pleno,5489.02,Humanas,EAD,Iniciativa Privada,6,25,0,0
4014,401,2026-02-09T00:00:00.000000000,MG,57,31,Pleno,5807.73,Biológicas,EAD,Iniciativa Privada,9,26,1,0
4015,201,2026-05-29T00:00:00.000000000,MG,98,28,Gestão,16738.16,Exatas,Híbrido,ONG,7,25,0,0
4016,402,2025-10-05T00:00:00.000000000,SP,27,25,Pleno,7533.65,Biológicas,Híbrido,Setor Público,5,14,0,0
4017,104,2025-08-12T00:00:00.000000000,SP,109,29,Sênior,10983.32,Tecnologia,EAD,ONG,4,49,0,0
4018,101,2025-03-09T00:00:00.000000000,RJ,26,28,Pleno,7023.32,Tecnologia,Presencial,ONG,4,5,1,0
4019,101,2025-11-16T00:00:00.000000000,SP,56,29,Sem vínculo,0.0,Tecnologia,Presencial,Desempregado,9,67,1,0
4020,204,2025-01-19T00:00:00.000000000,GO,43,27,Pleno,6718.29,Exatas,Presencial,Autônomo/PJ,9,3,1,0
4021,104,2025-12-09T00:00:00.000000000,RJ,25,27,Pleno,6705.6,Tecnologia,EAD,Iniciativa Privada,5,29,1,0
4022,303,2025-12-09T00:00:00.000000000,SP,34,26,Pleno,7008.1,Humanas,Híbrido,Iniciativa Privada,6,76,0,0
4023,404,2025-04-07T00:00:00.000000000,PR,56,24,Pleno,6867.22,Biológicas,Presencial,Autônomo/PJ,5,8,0,0
4024,302,2025-02-21T00:00:00.000000000,RJ,9,20,Pleno,5236.17,Humanas,EAD,Iniciativa Privada,10,41,0,0
4025,102,2025-06-24T00:00:00.000000000,SP,60,25,Sênior,11075.39,Tecnologia,Híbrido,Iniciativa Privada,5,13,0,0
4026,403,2025-12-04T00:00:00.000000000,SC,76,30,Gestão,15648.77,Biológicas,EAD,Iniciativa Privada,10,91,1,1
4027,201,2025-12-19T00:00:00.000000000,RS,97,29,Sênior,11136.43,Exatas,EAD,ONG,8,39,1,0
4028,301,2026-01-26T00:00:00.000000000,MG,33,22,Pleno,6209.01,Humanas,Presencial,ONG,8,2,0,0
4029,404,2025-04-25T00:00:00.000000000,SP,9,25,Júnior,4122.27,Biológicas,Presencial,Setor Público,6,40,0,0
4030,402,2025-12-14T00:00:00.000000000,MG,27,28,Pleno,6946.33,Biológicas,Presencial,Iniciativa Privada,7,92,0,0
4031,201,2025-01-01T00:00:00.000000000,PR,81,29,Sênior,12692.43,Exatas,EAD,Setor Público,4,32,1,0
4032,403,2025-03-04T00:00:00.000000000,SP,50,28,Sênior,8637.76,Biológicas,Presencial,Setor Público,8,78,1,0
4033,203,2025-08-14T00:00:00.000000000,SP,72,33,Gestão,17251.2,Exatas,Presencial,Iniciativa Privada,6,59,1,0
4034,202,2026-02-27T00:00:00.000000000,RS,91,32,Gestão,17905.5,Exatas,EAD,Iniciativa Privada,9,63,1,0
4035,203,2025-01-19T00:00:00.000000000,SP,113,31,Gestão,17202.17,Exatas,EAD,Iniciativa Privada,5,61,0,0
4036,203,2025-01-31T00:00:00.000000000,PR,71,31,Gestão,14904.46,Exatas,Presencial,Setor Público,10,78,1,0
4037,202,2025-01-24T00:00:00.000000000,RJ,93,29,Sênior,12569.89,Exatas,Híbrido,Setor Público,8,6,1,0
4038,304,2025-07-30T00:00:00.000000000,RJ,39,26,Júnior,4387.04,Humanas,Presencial,Iniciativa Privada,5,75,0,0
4039,104,2025-06-10T00:00:00.000000000,SP,96,29,Sem vínculo,0.0,Tecnologia,Presencial,Desempregado,5,49,1,0
4040,303,2025-09-12T00:00:00.000000000,SC,60,25,Gestão,16100.99,Humanas,Presencial,Iniciativa Privada,8,38,1,0
4041,304,2026-07-25T00:00:00.000000000,SP,110,33,Sênior,10163.75,Humanas,Presencial,Iniciativa Privada,10,70,0,1
4042,404,2025-04-24T00:00:00.000000000,RJ,6,25,Pleno,6268.64,Biológicas,Presencial,Iniciativa Privada,6,46,1,0
4043,103,2026-05-19T00:00:00.000000000,MG,77,33,Sênior,12854.05,Tecnologia,EAD,Iniciativa Privada,9,69,0,0
4044,404,2025-08-08T00:00:00.000000000,PR,92,27,Sênior,13451.79,Biológicas,EAD,Iniciativa Privada,10,25,1,0
4045,403,2025-12-23T00:00:00.000000000,BA,43,28,Pleno,8024.06,Biológicas,Presencial,Iniciativa Privada,4,57,0,0
4046,301,2025-06-18T00:00:00.000000000,RJ,11,24,Júnior,3022.26,Humanas,EAD,Iniciativa Privada,6,72,0,0
4047,302,2026-06-08T00:00:00.000000000,SP,91,29,Gestão,16266.83,Humanas,Híbrido,Iniciativa Privada,7,50,1,0
4048,202,2025-08-30T00:00:00.000000000,BA,30,22,Júnior,4014.34,Exatas,Presencial,Autônomo/PJ,10,87,0,0
4049,404,2026-01-10T00:00:00.000000000,MG,87,30,Gestão,17587.35,Biológicas,Presencial,Iniciativa Privada,10,51,0,1
4050,304,2025-05-19T00:00:00.000000000,SP,22,22,Júnior,4592.22,Humanas,Presencial,Iniciativa Privada,10,93,1,1
4051,104,2025-04-07T00:00:00.000000000,SP,66,28,Sênior,12324.23,Tecnologia,Presencial,Autônomo/PJ,7,15,1,0
4052,202,2025-05-27T00:00:00.000000000,SC,17,22,Pleno,5143.54,Exatas,Presencial,Iniciativa Privada,4,47,0,0
4053,301,2025-07-01T00:00:00.000000000,SP,11,26,Júnior,2207.47,Humanas,Presencial,Autônomo/PJ,10,26,0,0
4054,101,2025-02-26T00:00:00.000000000,MG,95,32,Sem vínculo,0.0,Tecnologia,Híbrido,Desempregado,9,32,0,0
4055,302,2025-02-11T00:00:00.000000000,RJ,32,22,Júnior,2390.54,Humanas,Presencial,Iniciativa Privada,10,22,1,0
4056,101,2026-06-27T00:00:00.000000000,SP,13,21,Sem vínculo,0.0,Tecnologia,Híbrido,Desempregado,7,44,0,0
4057,202,2025-01-02T00:00:00.000000000,MG,88,33,Sênior,11801.04,Exatas,Presencial,Autônomo/PJ,5,82,0,0
4058,301,2025-10-15T00:00:00.000000000,SP,111,30,Sem vínculo,0.0,Humanas,Presencial,Desempregado,7,99,0,0
4059,403,2025-05-18T00:00:00.000000000,RJ,70,27,Sênior,12487.55,Biológicas,Presencial,Setor Público,8,82,0,0
4060,303,2026-05-27T00:00:00.000000000,RJ,62,29,Gestão,17993.05,Humanas,Híbrido,Iniciativa Privada,10,21,0,1
4061,302,2025-08-10T00:00:00.000000000,RJ,98,31,Gestão,16874.12,Humanas,EAD,ONG,5,41,1,0
4062,401,2025-11-27T00:00:00.000000000,PR,114,35,Sênior,8597.6,Biológicas,EAD,Iniciativa Privada,10,32,1,0
4063,204,2026-02-08T00:00:00.000000000,SC,118,36,Sênior,11576.84,Exatas,Presencial,Iniciativa Privada,6,9,1,0
4064,401,2026-05-23T00:00:00.000000000,PR,104,35,Sênior,11858.3,Biológicas,Presencial,Iniciativa Privada,9,46,0,1
4065,103,2025-05-07T00:00:00.000000000,SP,45,28,Pleno,7051.66,Tecnologia,EAD,Iniciativa Privada,4,95,0,0
4066,403,2025-09-22T00:00:00.000000000,SP,19,27,Júnior,1932.84,Biológicas,EAD,Iniciativa Privada,8,78,0,0
4067,101,2025-01-15T00:00:00.000000000,RJ,40,26,Pleno,8675.88,Tecnologia,Presencial,Autônomo/PJ,8,38,0,0
4068,401,2025-08-14T00:00:00.000000000,GO,53,27,Sem vínculo,0.0,Biológicas,Presencial,Desempregado,4,45,1,0
4069,104,2025-04-15T00:00:00.000000000,SC,114,34,Gestão,15354.11,Tecnologia,Presencial,Iniciativa Privada,7,71,1,0
4070,104,2026-05-08T00:00:00.000000000,SC,89,32,Sem vínculo,0.0,Tecnologia,Presencial,Desempregado,4,50,1,0
4071,101,2025-11-15T00:00:00.000000000,SP,61,25,Sem vínculo,0.0,Tecnologia,EAD,Desempregado,4,24,0,0
4072,101,2025-08-07T00:00:00.000000000,RJ,54,27,Pleno,6325.58,Tecnologia,Presencial,Iniciativa Privada,7,81,1,0
4073,201,2025-10-04T00:00:00.000000000,RJ,18,25,Júnior,2307.13,Exatas,EAD,Iniciativa Privada,10,14,1,0
4074,201,2025-12-07T00:00:00.000000000,SP,66,32,Sênior,10047.76,Exatas,EAD,Autônomo/PJ,6,57,1,0
4075,402,2026-03-28T00:00:00.000000000,SP,107,32,Gestão,18038.82,Biológicas,EAD,Setor Público,9,58,1,1
4076,201,2026-01-04T00:00:00.000000000,GO,54,25,Pleno,7948.29,Exatas,EAD,Autônomo/PJ,4,25,0,0
4077,104,2026-04-19T00:00:00.000000000,SP,51,30,Júnior,4769.93,Tecnologia,EAD,Autônomo/PJ,7,40,0,0
4078,303,2025-07-09T00:00:00.000000000,SP,118,34,Sênior,10853.47,Humanas,EAD,Iniciativa Privada,8,43,1,0
4079,102,2026-02-23T00:00:00.000000000,SP,67,25,Sênior,11074.23,Tecnologia,EAD,Iniciativa Privada,4,84,1,0
4080,401,2026-05-10T00:00:00.000000000,GO,13,25,Júnior,3724.69,Biológicas,EAD,Setor Público,9,21,1,0
4081,203,2025-02-08T00:00:00.000000000,MG,48,26,Pleno,6706.65,Exatas,Presencial,Iniciativa Privada,10,97,1,1
4082,302,2025-06-11T00:00:00.000000000,MG,25,29,Pleno,5621.37,Humanas,Presencial,Setor Público,10,36,1,1
4083,103,2025-05-01T00:00:00.000000000,GO,102,28,Sênior,9620.17,Tecnologia,Presencial,Autônomo/PJ,4,100,0,0
4084,101,2026-02-03T00:00:00.000000000,SP,95,27,Sênior,13432.1,Tecnologia,Presencial,Setor Público,10,13,0,0
4085,301,2025-09-19T00:00:00.000000000,MG,44,27,Sem vínculo,0.0,Humanas,EAD,Desempregado,6,3,0,0
4086,204,2026-07-15T00:00:00.000000000,SP,90,29,Sênior,11353.23,Exatas,EAD,Iniciativa Privada,6,23,0,0
4087,401,2025-05-09T00:00:00.000000000,SP,54,25,Pleno,6787.86,Biológicas,EAD,Autônomo/PJ,8,65,0,1
4088,201,2026-06-24T00:00:00.000000000,SC,69,29,Sênior,13064.78,Exatas,Presencial,Setor Público,6,62,0,0
4089,402,2025-12-22T00:00:00.000000000,PR,67,27,Sem vínculo,0.0,Biológicas,Presencial,Desempregado,10,64,0,0
4090,404,2026-03-08T00:00:00.000000000,SP,111,29,Sênior,10098.63,Biológicas,Presencial,Autônomo/PJ,9,65,0,1
4091,102,2025-03-06T00:00:00.000000000,SP,112,36,Pleno,5802.06,Tecnologia,Presencial,Iniciativa Privada,8,12,0,0
4092,403,2025-08-06T00:00:00.000000000,RJ,59,26,Sem vínculo,0.0,Biológicas,EAD,Desempregado,10,26,1,0
4093,101,2026-07-17T00:00:00.000000000,SP,110,29,Sênior,9093.5,Tecnologia,Presencial,Setor Público,4,80,1,0
4094,303,2026-03-03T00:00:00.000000000,SP,14,27,Júnior,3440.52,Humanas,Presencial,Iniciativa Privada,7,16,1,0
4095,302,2025-03-15T00:00:00.000000000,SP,93,31,Sênior,10638.32,Humanas,Presencial,Setor Público,6,68,1,0
4096,201,2026-04-05T00:00:00.000000000,SP,42,28,Sênior,10578.39,Exatas,Presencial,ONG,8,87,1,0
4097,101,2026-03-01T00:00:00.000000000,SC,54,28,Júnior,3177.1,Tecnologia,Presencial,Setor Público,6,56,1,0
4098,302,2025-07-11T00:00:00.000000000,SP,46,29,Pleno,7095.38,Humanas,Presencial,Iniciativa Privada,6,71,1,0
4099,402,2025-07-08T00:00:00.000000000,SP,22,24,Júnior,2223.7,Biológicas,Presencial,Autônomo/PJ,5,72,0,0
4100,402,2025-01-12T00:00:00.000000000,RJ,93,30,Sênior,13430.96,Biológicas,Presencial,Autônomo/PJ,4,17,1,0
4101,302,2025-08-27T00:00:00.000000000,RS,26,25,Pleno,7152.23,Humanas,EAD,Iniciativa Privada,6,15,0,0
4102,102,2026-03-29T00:00:00.000000000,SP,56,28,Júnior,3994.74,Tecnologia,Presencial,Iniciativa Privada,7,50,0,0
4103,401,2026-01-18T00:00:00.000000000,SP,64,26,Gestão,16650.23,Biológicas,EAD,Iniciativa Privada,9,95,1,1
4104,402,2025-02-17T00:00:00.000000000,SP,44,27,Júnior,4354.2,Biológicas,Presencial,Autônomo/PJ,5,39,1,0
4105,201,2025-11-13T00:00:00.000000000,PR,60,32,Sênior,10623.95,Exatas,Híbrido,Autônomo/PJ,8,38,0,0
4106,101,2025-07-28T00:00:00.000000000,MG,46,29,Pleno,5742.66,Tecnologia,EAD,Iniciativa Privada,8,55,1,0
4107,402,2026-07-01T00:00:00.000000000,SC,44,30,Pleno,7209.93,Biológicas,Presencial,Iniciativa Privada,7,53,1,0
4108,402,2025-04-29T00:00:00.000000000,BA,18,27,Júnior,5181.68,Biológicas,Presencial,Iniciativa Privada,7,43,1,0
4109,104,2026-07-31T00:00:00.000000000,PR,69,30,Sênior,10040.15,Tecnologia,Presencial,Autônomo/PJ,9,45,1,0
4110,401,2025-11-11T00:00:00.000000000,MG,16,23,Júnior,4484.57,Biológicas,EAD,Iniciativa Privada,4,31,0,0
4111,202,2025-02-05T00:00:00.000000000,RJ,115,33,Sênior,10364.04,Exatas,Presencial,Iniciativa Privada,7,47,1,0
4112,402,2026-04-08T00:00:00.000000000,SP,24,26,Pleno,6072.18,Biológicas,Presencial,Iniciativa Privada,8,60,0,0
4113,202,2026-07-08T00:00:00.000000000,BA,16,21,Júnior,2373.87,Exatas,Híbrido,Setor Público,4,65,0,0
4114,204,2026-02-07T00:00:00.000000000,SP,82,32,Sênior,9478.55,Exatas,Presencial,Iniciativa Privada,7,37,1,0
4115,104,2025-04-17T00:00:00.000000000,SP,51,24,Sênior,9049.74,Tecnologia,Presencial,Iniciativa Privada,7,42,1,0
4116,403,2025-02-08T00:00:00.000000000,MG,50,24,Sem vínculo,0.0,Biológicas,Híbrido,Desempregado,10,3,0,0
4117,201,2025-06-29T00:00:00.000000000,SP,6,24,Júnior,3852.73,Exatas,EAD,Iniciativa Privada,8,4,0,0
4118,403,2025-01-12T00:00:00.000000000,MG,45,24,Pleno,8329.84,Biológicas,EAD,Iniciativa Privada,4,100,1,0
4119,102,2025-12-05T00:00:00.000000000,MG,113,31,Sem vínculo,0.0,Tecnologia,Híbrido,Desempregado,5,57,1,0
4120,304,2026-07-02T00:00:00.000000000,RJ,24,24,Pleno,6368.1,Humanas,Híbrido,Iniciativa Privada,5,36,0,0
4121,204,2025-05-06T00:00:00.000000000,SC,81,33,Gestão,18397.74,Exatas,Híbrido,Setor Público,9,25,0,0
4122,103,2025-03-04T00:00:00.000000000,SP,77,32,Pleno,4926.08,Tecnologia,Presencial,Iniciativa Privada,4,8,0,0
4123,104,2025-03-23T00:00:00.000000000,RJ,77,31,Sênior,12944.33,Tecnologia,Presencial,Autônomo/PJ,7,14,1,0
4124,102,2025-10-26T00:00:00.000000000,RJ,66,31,Sênior,8672.7,Tecnologia,Presencial,Iniciativa Privada,7,87,1,0
4125,304,2025-02-03T00:00:00.000000000,MG,114,30,Sênior,11019.7,Humanas,EAD,Autônomo/PJ,4,87,0,0
4126,203,2025-02-18T00:00:00.000000000,PR,17,22,Júnior,1500.0,Exatas,Presencial,Iniciativa Privada,5,98,1,0
4127,102,2025-02-26T00:00:00.000000000,SP,66,27,Sênior,11577.24,Tecnologia,Presencial,Iniciativa Privada,9,88,1,0
4128,103,2025-04-19T00:00:00.000000000,MG,117,32,Gestão,16281.86,Tecnologia,Presencial,Autônomo/PJ,10,25,1,0
4129,204,2026-06-01T00:00:00.000000000,SP,38,23,Sem vínculo,0.0,Exatas,EAD,Desempregado,10,62,1,0
4130,103,2025-01-24T00:00:00.000000000,GO,50,24,Pleno,7252.03,Tecnologia,EAD,Iniciativa Privada,6,86,0,0
4131,203,2025-08-09T00:00:00.000000000,SP,95,29,Sênior,11832.74,Exatas,Presencial,Autônomo/PJ,8,69,0,0
4132,301,2025-11-11T00:00:00.000000000,PR,108,35,Pleno,6966.8,Humanas,EAD,Iniciativa Privada,4,26,1,0
4133,204,2025-10-21T00:00:00.000000000,SP,97,29,Gestão,16731.29,Exatas,Presencial,Setor Público,9,53,0,0
4134,204,2025-01-10T00:00:00.000000000,SP,74,32,Sênior,13281.38,Exatas,Presencial,Iniciativa Privada,6,82,1,0
4135,103,2026-04-26T00:00:00.000000000,RJ,13,26,Pleno,4951.15,Tecnologia,Híbrido,Setor Público,8,30,1,0
4136,101,2025-09-24T00:00:00.000000000,RS,30,25,Pleno,7689.71,Tecnologia,EAD,Iniciativa Privada,6,31,0,0
4137,404,2025-03-29T00:00:00.000000000,RJ,96,30,Gestão,17332.26,Biológicas,Presencial,Iniciativa Privada,6,1,0,0
4138,402,2026-03-31T00:00:00.000000000,GO,51,24,Pleno,7341.49,Biológicas,Híbrido,Iniciativa Privada,8,17,0,0
4139,203,2026-06-17T00:00:00.000000000,RJ,92,31,Pleno,8423.72,Exatas,Presencial,Iniciativa Privada,6,27,1,0
4140,104,2025-05-28T00:00:00.000000000,RJ,35,28,Sem vínculo,0.0,Tecnologia,EAD,Desempregado,5,70,0,0
4141,202,2026-03-07T00:00:00.000000000,SP,114,30,Sem vínculo,0.0,Exatas,EAD,Desempregado,9,86,1,0
4142,404,2025-08-30T00:00:00.000000000,SC,52,28,Júnior,4564.71,Biológicas,Presencial,Autônomo/PJ,4,99,0,0
4143,302,2025-03-07T00:00:00.000000000,SP,92,32,Gestão,17534.02,Humanas,Presencial,Iniciativa Privada,10,87,1,1
4144,403,2026-01-13T00:00:00.000000000,RS,54,26,Pleno,7615.7,Biológicas,Presencial,Iniciativa Privada,9,91,1,1
4145,104,2026-01-23T00:00:00.000000000,GO,52,30,Sênior,12601.04,Tecnologia,Presencial,Autônomo/PJ,10,24,1,0
4146,304,2025-07-28T00:00:00.000000000,GO,89,27,Sem vínculo,0.0,Humanas,Presencial,Desempregado,5,38,1,0
4147,301,2026-02-19T00:00:00.000000000,RJ,87,33,Sênior,10688.43,Humanas,Presencial,Iniciativa Privada,5,48,0,0
4148,203,2025-01-16T00:00:00.000000000,MG,23,24,Júnior,2290.0,Exatas,EAD,Autônomo/PJ,10,3,0,0
4149,202,2025-10-24T00:00:00.000000000,PR,71,32,Sem vínculo,0.0,Exatas,EAD,Desempregado,8,51,0,0
4150,204,2025-08-08T00:00:00.000000000,SP,73,30,Sênior,11345.39,Exatas,EAD,ONG,8,82,0,0
4151,404,2026-01-02T00:00:00.000000000,MG,99,31,Sênior,11954.17,Biológicas,Presencial,Iniciativa Privada,8,67,0,0
4152,402,2025-08-17T00:00:00.000000000,SP,38,28,Sênior,11833.51,Biológicas,Presencial,Iniciativa Privada,6,56,1,0
4153,103,2026-03-16T00:00:00.000000000,RJ,41,23,Sênior,12267.47,Tecnologia,Presencial,Iniciativa Privada,6,12,1,0
4154,201,2026-06-16T00:00:00.000000000,SP,87,31,Sênior,12286.0,Exatas,Híbrido,Iniciativa Privada,10,64,1,0
4155,401,2026-03-26T00:00:00.000000000,SP,106,33,Gestão,18107.92,Biológicas,EAD,Iniciativa Privada,4,62,1,0
4156,104,2025-02-05T00:00:00.000000000,SP,24,25,Pleno,6368.46,Tecnologia,Híbrido,Iniciativa Privada,6,97,0,0
4157,202,2026-02-26T00:00:00.000000000,RJ,116,32,Gestão,18889.52,Exatas,Presencial,Autônomo/PJ,4,70,0,0
4158,104,2025-07-08T00:00:00.000000000,MG,33,29,Sênior,10066.15,Tecnologia,EAD,Iniciativa Privada,5,24,1,0
4159,102,2025-06-27T00:00:00.000000000,SP,45,27,Pleno,6526.29,Tecnologia,EAD,Iniciativa Privada,4,22,0,0
4160,401,2025-11-11T00:00:00.000000000,RJ,89,27,Sênior,10918.36,Biológicas,EAD,Setor Público,4,29,1,0
4161,203,2025-01-20T00:00:00.000000000,SP,118,32,Sênior,11934.91,Exatas,EAD,Setor Público,8,60,0,0
4162,302,2026-01-17T00:00:00.000000000,MG,102,30,Gestão,17652.22,Humanas,Presencial,Autônomo/PJ,6,6,1,0
4163,101,2025-05-23T00:00:00.000000000,MG,81,33,Sênior,10127.82,Tecnologia,EAD,Iniciativa Privada,7,53,1,0
4164,104,2025-03-03T00:00:00.000000000,MG,20,26,Pleno,6967.28,Tecnologia,EAD,Autônomo/PJ,7,16,1,0
4165,402,2025-08-30T00:00:00.000000000,PR,46,27,Pleno,6236.67,Biológicas,Presencial,Setor Público,8,96,0,0
4166,203,2025-08-26T00:00:00.000000000,SP,44,24,Pleno,6755.39,Exatas,Híbrido,Iniciativa Privada,9,59,0,0
4167,104,2025-05-11T00:00:00.000000000,PR,7,21,Pleno,4312.54,Tecnologia,Presencial,Autônomo/PJ,9,65,0,0
4168,404,2025-05-03T00:00:00.000000000,RJ,68,25,Sênior,11831.4,Biológicas,EAD,Iniciativa Privada,9,37,1,0
4169,201,2026-03-16T00:00:00.000000000,RJ,34,24,Pleno,8119.01,Exatas,EAD,Iniciativa Privada,5,12,0,0
4170,202,2025-12-08T00:00:00.000000000,MG,110,32,Sênior,10380.98,Exatas,EAD,Iniciativa Privada,5,51,1,0
4171,304,2026-02-23T00:00:00.000000000,SP,79,27,Sênior,10516.38,Humanas,Presencial,Iniciativa Privada,5,51,0,0
4172,103,2026-03-31T00:00:00.000000000,MG,71,25,Gestão,14310.33,Tecnologia,EAD,Iniciativa Privada,4,31,1,0
4173,202,2025-07-17T00:00:00.000000000,MG,56,29,Pleno,6101.33,Exatas,Presencial,Autônomo/PJ,10,85,1,1
4174,303,2025-10-09T00:00:00.000000000,SP,80,33,Sênior,12235.36,Humanas,Híbrido,Iniciativa Privada,6,8,0,0
4175,104,2025-01-01T00:00:00.000000000,SP,82,28,Sem vínculo,0.0,Tecnologia,Presencial,Desempregado,5,16,1,0
4176,303,2025-11-28T00:00:00.000000000,SP,15,23,Júnior,2471.52,Humanas,Presencial,Setor Público,7,81,1,0
4177,201,2025-07-31T00:00:00.000000000,GO,19,27,Júnior,5508.5,Exatas,Híbrido,Iniciativa Privada,4,39,0,0
4178,303,2025-03-28T00:00:00.000000000,MG,87,27,Gestão,16015.15,Humanas,Presencial,Iniciativa Privada,5,90,1,1
4179,102,2025-03-02T00:00:00.000000000,SP,56,24,Pleno,5522.66,Tecnologia,Presencial,Setor Público,5,74,1,0
4180,403,2025-04-05T00:00:00.000000000,SP,78,32,Gestão,15956.74,Biológicas,EAD,Setor Público,9,53,1,1
4181,403,2026-07-07T00:00:00.000000000,MG,44,30,Júnior,5188.5,Biológicas,Presencial,Iniciativa Privada,9,53,0,0
4182,101,2025-05-27T00:00:00.000000000,SC,33,25,Pleno,7162.1,Tecnologia,Presencial,Iniciativa Privada,6,27,1,0
4183,403,2025-09-03T00:00:00.000000000,SP,8,20,Júnior,3165.13,Biológicas,Presencial,Autônomo/PJ,6,71,1,0
4184,203,2025-10-24T00:00:00.000000000,SP,89,33,Sênior,10241.7,Exatas,Híbrido,Iniciativa Privada,4,49,1,0
4185,304,2025-05-03T00:00:00.000000000,RS,75,29,Sênior,11806.93,Humanas,Presencial,ONG,7,17,0,0
4186,404,2026-04-01T00:00:00.000000000,SP,32,29,Júnior,4299.51,Biológicas,EAD,Setor Público,8,12,0,0
4187,102,2026-02-03T00:00:00.000000000,SP,7,23,Júnior,6333.15,Tecnologia,Presencial,Iniciativa Privada,9,32,1,0
4188,104,2025-08-19T00:00:00.000000000,BA,98,32,Gestão,16936.88,Tecnologia,Presencial,Iniciativa Privada,7,14,1,0
4189,104,2026-06-18T00:00:00.000000000,MG,43,25,Pleno,5785.89,Tecnologia,Presencial,Iniciativa Privada,10,85,1,0
4190,204,2026-02-06T00:00:00.000000000,SP,8,25,Júnior,2488.76,Exatas,Híbrido,Autônomo/PJ,9,37,0,0
4191,104,2025-05-10T00:00:00.000000000,SP,21,23,Júnior,5464.93,Tecnologia,Presencial,Iniciativa Privada,6,93,0,0
4192,201,2025-10-19T00:00:00.000000000,SP,99,30,Gestão,17558.26,Exatas,Presencial,Iniciativa Privada,6,5,1,0
4193,104,2025-10-03T00:00:00.000000000,SP,45,27,Júnior,2774.34,Tecnologia,Presencial,Setor Público,8,44,0,0
4194,301,2026-01-11T00:00:00.000000000,RS,7,23,Júnior,2566.44,Humanas,Presencial,Iniciativa Privada,7,58,1,0
4195,101,2025-02-24T00:00:00.000000000,RJ,86,30,Gestão,17735.05,Tecnologia,Presencial,Iniciativa Privada,7,97,1,0
4196,204,2026-08-01T00:00:00.000000000,PR,46,23,Pleno,6323.37,Exatas,Presencial,Autônomo/PJ,8,82,1,0
4197,103,2025-01-26T00:00:00.000000000,GO,17,25,Júnior,5201.45,Tecnologia,Presencial,Iniciativa Privada,6,96,1,0
4198,301,2026-03-17T00:00:00.000000000,RJ,40,23,Sem vínculo,0.0,Humanas,EAD,Desempregado,4,77,1,0
4199,403,2025-07-16T00:00:00.000000000,SP,112,33,Gestão,15283.61,Biológicas,Presencial,Autônomo/PJ,7,47,1,0
4200,103,2025-08-31T00:00:00.000000000,RJ,70,25,Gestão,16411.39,Tecnologia,Presencial,Iniciativa Privada,5,40,1,0
4201,304,2025-07-09T00:00:00.000000000,GO,60,26,Sênior,12295.87,Humanas,Presencial,Iniciativa Privada,7,82,1,0
4202,402,2026-07-22T00:00:00.000000000,SC,50,30,Pleno,6747.22,Biológicas,Presencial,Iniciativa Privada,10,78,1,1
4203,404,2026-07-21T00:00:00.000000000,SP,84,29,Sênior,10946.48,Biológicas,Presencial,Setor Público,7,73,1,0
4204,202,2025-10-03T00:00:00.000000000,MG,95,29,Sênior,10722.96,Exatas,Presencial,Iniciativa Privada,10,54,0,0
4205,102,2026-02-13T00:00:00.000000000,MG,106,35,Sem vínculo,0.0,Tecnologia,EAD,Desempregado,7,60,1,0
4206,104,2025-12-06T00:00:00.000000000,GO,90,32,Sênior,10831.35,Tecnologia,Presencial,Setor Público,6,1,0,0
4207,204,2025-06-02T00:00:00.000000000,SP,67,31,Gestão,18392.89,Exatas,Presencial,Iniciativa Privada,5,1,0,0
4208,302,2026-07-19T00:00:00.000000000,RJ,54,27,Sênior,11178.99,Humanas,EAD,Setor Público,10,84,1,1
4209,204,2026-02-02T00:00:00.000000000,RS,100,33,Sênior,12138.59,Exatas,EAD,Iniciativa Privada,7,75,0,0
4210,302,2026-03-20T00:00:00.000000000,RJ,30,23,Pleno,7269.66,Humanas,Presencial,Autônomo/PJ,4,9,1,0
4211,103,2026-03-03T00:00:00.000000000,RJ,28,29,Sênior,9753.13,Tecnologia,Presencial,Setor Público,9,75,1,0
4212,104,2026-05-02T00:00:00.000000000,SP,29,27,Júnior,2453.79,Tecnologia,Presencial,Iniciativa Privada,10,38,0,0
4213,403,2025-07-23T00:00:00.000000000,SP,43,30,Pleno,5704.41,Biológicas,Híbrido,Iniciativa Privada,9,1,1,0
4214,401,2025-04-22T00:00:00.000000000,SP,33,24,Sênior,11256.77,Biológicas,EAD,ONG,5,64,1,0
4215,303,2025-11-21T00:00:00.000000000,GO,26,25,Sênior,10654.11,Humanas,Presencial,Setor Público,8,65,1,0
4216,103,2025-09-15T00:00:00.000000000,SP,59,25,Sem vínculo,0.0,Tecnologia,Presencial,Desempregado,4,86,0,0
4217,402,2026-06-12T00:00:00.000000000,RJ,112,31,Sênior,10830.2,Biológicas,EAD,Iniciativa Privada,8,91,1,1
4218,103,2025-12-16T00:00:00.000000000,MG,23,27,Júnior,3856.7,Tecnologia,Presencial,Iniciativa Privada,7,80,0,0
4219,304,2026-03-11T00:00:00.000000000,SP,41,23,Pleno,5530.61,Humanas,EAD,Iniciativa Privada,10,51,0,0
4220,102,2026-03-02T00:00:00.000000000,RJ,104,32,Sênior,12682.8,Tecnologia,Híbrido,Setor Público,6,84,1,0
4221,301,2025-10-07T00:00:00.000000000,PR,50,25,Pleno,7743.07,Humanas,Presencial,Iniciativa Privada,7,43,1,0
4222,304,2026-01-06T00:00:00.000000000,RS,78,29,Gestão,17184.13,Humanas,Presencial,Iniciativa Privada,7,33,1,1
4223,401,2025-09-06T00:00:00.000000000,MG,58,31,Júnior,5248.71,Biológicas,Presencial,Setor Público,8,72,1,0
4224,303,2025-06-30T00:00:00.000000000,MG,107,33,Pleno,5942.24,Humanas,Presencial,Iniciativa Privada,7,80,1,0
4225,404,2025-03-19T00:00:00.000000000,SP,35,28,Júnior,4942.56,Biológicas,EAD,Iniciativa Privada,4,44,1,0
4226,204,2025-12-02T00:00:00.000000000,GO,65,30,Sênior,10433.39,Exatas,Presencial,Iniciativa Privada,6,31,1,0
4227,301,2025-02-19T00:00:00.000000000,SP,113,30,Sênior,12187.88,Humanas,Presencial,Autônomo/PJ,8,4,0,0
4228,204,2025-03-26T00:00:00.000000000,PR,103,34,Gestão,17807.46,Exatas,Presencial,Iniciativa Privada,5,77,0,0
4229,104,2025-01-04T00:00:00.000000000,SP,37,26,Pleno,7538.61,Tecnologia,Híbrido,Iniciativa Privada,9,88,0,1
4230,304,2025-11-13T00:00:00.000000000,GO,72,27,Gestão,17989.9,Humanas,Presencial,Iniciativa Privada,7,85,0,1
4231,403,2025-04-21T00:00:00.000000000,PR,72,29,Sênior,11645.98,Biológicas,Presencial,Autônomo/PJ,9,62,0,1
4232,101,2025-11-30T00:00:00.000000000,PR,33,27,Sênior,9883.6,Tecnologia,Presencial,Autônomo/PJ,10,68,0,0
4233,104,2025-05-13T00:00:00.000000000,SP,49,26,Pleno,8939.36,Tecnologia,EAD,Iniciativa Privada,8,53,1,0
4234,102,2025-04-29T00:00:00.000000000,RJ,84,33,Pleno,6819.25,Tecnologia,Presencial,Iniciativa Privada,9,37,1,0
4235,402,2025-12-16T00:00:00.000000000,MG,46,23,Sênior,10244.7,Biológicas,Presencial,ONG,7,8,1,0
4236,102,2026-06-26T00:00:00.000000000,PR,68,27,Sem vínculo,0.0,Tecnologia,Híbrido,Desempregado,10,60,1,0
4237,102,2025-02-24T00:00:00.000000000,SP,28,22,Pleno,7060.75,Tecnologia,Presencial,Setor Público,7,94,1,0
4238,103,2025-12-27T00:00:00.000000000,BA,109,34,Sem vínculo,0.0,Tecnologia,Presencial,Desempregado,8,20,1,0
4239,104,2026-03-29T00:00:00.000000000,RS,80,33,Sênior,11371.72,Tecnologia,EAD,Setor Público,4,35,0,0
4240,301,2026-07-07T00:00:00.000000000,SP,53,30,Pleno,6260.49,Humanas,Presencial,Autônomo/PJ,5,0,0,0
4241,404,2025-11-26T00:00:00.000000000,SC,37,25,Pleno,7019.38,Biológicas,Presencial,Iniciativa Privada,7,21,1,0
4242,103,2025-08-07T00:00:00.000000000,RJ,62,27,Sênior,9671.37,Tecnologia,Presencial,Iniciativa Privada,4,86,1,0
4243,102,2025-07-27T00:00:00.000000000,RJ,105,29,Gestão,17144.43,Tecnologia,EAD,Iniciativa Privada,7,86,0,0
4244,403,2025-03-26T00:00:00.000000000,SP,38,27,Pleno,6910.57,Biológicas,Híbrido,Autônomo/PJ,7,14,0,0
4245,404,2025-09-02T00:00:00.000000000,MG,29,27,Sem vínculo,0.0,Biológicas,EAD,Desempregado,4,45,1,0
4246,101,2025-12-01T00:00:00.000000000,PR,44,26,Sênior,10218.27,Tecnologia,Presencial,Setor Público,7,64,1,0
4247,103,2025-07-31T00:00:00.000000000,RJ,39,28,Pleno,7006.17,Tecnologia,Presencial,Iniciativa Privada,5,5,0,0
4248,401,2025-07-02T00:00:00.000000000,MG,61,28,Gestão,17960.04,Biológicas,Presencial,Iniciativa Privada,9,39,1,1
4249,303,2025-05-13T00:00:00.000000000,MG,33,28,Júnior,3805.1,Humanas,EAD,Iniciativa Privada,8,34,1,0
4250,401,2025-12-16T00:00:00.000000000,PR,42,26,Pleno,6233.31,Biológicas,EAD,Iniciativa Privada,10,80,1,0
4251,101,2025-10-09T00:00:00.000000000,SP,12,28,Júnior,4026.29,Tecnologia,EAD,Setor Público,10,60,0,0
4252,302,2025-10-20T00:00:00.000000000,RS,73,26,Sem vínculo,0.0,Humanas,Híbrido,Desempregado,9,22,1,0
4253,301,2025-09-26T00:00:00.000000000,RJ,42,26,Pleno,5275.84,Humanas,Presencial,Iniciativa Privada,4,19,1,0
4254,402,2025-07-16T00:00:00.000000000,SP,61,28,Sênior,11837.1,Biológicas,Presencial,Iniciativa Privada,9,27,0,1
4255,404,2026-06-21T00:00:00.000000000,SP,70,26,Gestão,19178.15,Biológicas,Híbrido,Setor Público,6,36,1,0
4256,104,2025-01-20T00:00:00.000000000,RJ,70,27,Sênior,9459.19,Tecnologia,Presencial,Iniciativa Privada,10,81,0,0
4257,302,2026-02-09T00:00:00.000000000,RS,52,29,Pleno,6375.43,Humanas,Presencial,ONG,7,6,0,0
4258,102,2025-04-25T00:00:00.000000000,SP,25,27,Pleno,6800.05,Tecnologia,Presencial,Iniciativa Privada,8,48,0,0
4259,403,2025-01-26T00:00:00.000000000,PR,24,28,Pleno,6385.86,Biológicas,Presencial,Iniciativa Privada,5,83,1,0
4260,303,2026-07-20T00:00:00.000000000,SP,34,28,Pleno,6503.51,Humanas,Presencial,Iniciativa Privada,5,23,0,0
4261,403,2026-01-30T00:00:00.000000000,RJ,79,33,Gestão,18076.98,Biológicas,Híbrido,Iniciativa Privada,6,79,1,1
4262,104,2026-01-16T00:00:00.000000000,BA,65,28,Pleno,4787.57,Tecnologia,Presencial,Setor Público,9,12,0,0
4263,103,2026-06-07T00:00:00.000000000,PR,23,25,Júnior,5229.16,Tecnologia,Presencial,Iniciativa Privada,5,91,1,0
4264,101,2026-06-23T00:00:00.000000000,SP,97,33,Sênior,8478.62,Tecnologia,Presencial,Iniciativa Privada,9,6,1,0
4265,101,2025-03-24T00:00:00.000000000,RJ,40,29,Pleno,6872.79,Tecnologia,EAD,Iniciativa Privada,8,14,0,0
4266,203,2026-07-04T00:00:00.000000000,SP,48,27,Pleno,8314.35,Exatas,Presencial,Iniciativa Privada,6,86,0,0
4267,401,2026-03-21T00:00:00.000000000,RJ,116,35,Gestão,17533.32,Biológicas,EAD,Iniciativa Privada,9,22,1,0
4268,204,2025-03-28T00:00:00.000000000,PR,100,35,Sênior,8690.48,Exatas,Presencial,Iniciativa Privada,4,94,1,0
4269,201,2026-01-22T00:00:00.000000000,PR,96,28,Sênior,12642.32,Exatas,Presencial,Setor Público,9,68,0,0
4270,404,2026-02-02T00:00:00.000000000,SP,16,21,Sem vínculo,0.0,Biológicas,EAD,Desempregado,9,90,0,0
4271,402,2025-10-13T00:00:00.000000000,GO,54,30,Sênior,13060.01,Biológicas,Presencial,Iniciativa Privada,6,59,1,0
4272,202,2026-01-04T00:00:00.000000000,MG,118,29,Gestão,19237.96,Exatas,Presencial,Iniciativa Privada,4,9,1,0
4273,102,2026-02-26T00:00:00.000000000,SP,43,29,Júnior,4183.46,Tecnologia,EAD,Iniciativa Privada,5,50,1,0
4274,102,2026-03-19T00:00:00.000000000,RJ,69,28,Gestão,18070.41,Tecnologia,Presencial,Iniciativa Privada,10,63,1,0
4275,201,2026-06-04T00:00:00.000000000,MG,74,27,Sênior,11612.73,Exatas,Híbrido,Setor Público,8,70,0,0
4276,303,2025-10-15T00:00:00.000000000,MG,13,25,Júnior,2096.95,Humanas,Presencial,Autônomo/PJ,9,55,0,0
4277,301,2025-04-05T00:00:00.000000000,RJ,39,26,Júnior,1854.56,Humanas,EAD,Setor Público,7,31,0,0
4278,304,2025-02-10T00:00:00.000000000,RJ,53,25,Pleno,7377.33,Humanas,EAD,Iniciativa Privada,6,22,0,0
4279,401,2025-11-27T00:00:00.000000000,SP,61,26,Sênior,11008.08,Biológicas,Presencial,Iniciativa Privada,5,53,1,0
4280,401,2025-06-04T00:00:00.000000000,SC,81,31,Sem vínculo,0.0,Biológicas,Presencial,Desempregado,9,72,0,0
4281,404,2026-05-19T00:00:00.000000000,RJ,107,31,Sênior,10404.19,Biológicas,Presencial,Iniciativa Privada,8,92,0,0
4282,402,2025-10-02T00:00:00.000000000,SP,70,28,Gestão,16655.47,Biológicas,Híbrido,Iniciativa Privada,7,90,1,1
4283,102,2026-07-19T00:00:00.000000000,PR,36,29,Sem vínculo,0.0,Tecnologia,EAD,Desempregado,6,84,0,0
4284,102,2025-06-28T00:00:00.000000000,GO,9,21,Júnior,1656.31,Tecnologia,Presencial,Autônomo/PJ,8,69,1,0
4285,203,2025-05-17T00:00:00.000000000,GO,118,30,Gestão,20192.0,Exatas,Presencial,Autônomo/PJ,5,89,0,0
4286,304,2025-06-29T00:00:00.000000000,SP,114,30,Sênior,11355.37,Humanas,Presencial,Iniciativa Privada,10,83,0,1
4287,304,2025-07-01T00:00:00.000000000,SP,55,30,Sênior,10820.24,Humanas,EAD,Iniciativa Privada,9,60,0,0
4288,101,2025-09-16T00:00:00.000000000,RJ,74,31,Sênior,11200.68,Tecnologia,Híbrido,Iniciativa Privada,9,78,0,0
4289,403,2025-08-31T00:00:00.000000000,SP,35,25,Júnior,3516.87,Biológicas,Presencial,Setor Público,9,19,0,0
4290,102,2025-04-06T00:00:00.000000000,GO,93,28,Sênior,12171.18,Tecnologia,EAD,Iniciativa Privada,6,52,0,0
4291,403,2025-07-16T00:00:00.000000000,SP,64,25,Sênior,11164.83,Biológicas,Presencial,Autônomo/PJ,9,14,1,0
4292,204,2026-06-10T00:00:00.000000000,SP,72,29,Sênior,13203.63,Exatas,EAD,Autônomo/PJ,6,28,0,0
4293,104,2026-01-22T00:00:00.000000000,RJ,80,32,Pleno,6763.32,Tecnologia,Presencial,Iniciativa Privada,9,69,0,0
4294,101,2026-02-12T00:00:00.000000000,SP,50,29,Pleno,6117.07,Tecnologia,EAD,Iniciativa Privada,4,79,1,0
4295,101,2025-09-26T00:00:00.000000000,PR,9,20,Pleno,6764.13,Tecnologia,Híbrido,Iniciativa Privada,10,64,1,1
4296,104,2025-06-20T00:00:00.000000000,RJ,31,28,Pleno,6887.91,Tecnologia,EAD,Autônomo/PJ,9,61,0,0
4297,302,2025-06-19T00:00:00.000000000,SP,32,24,Pleno,5068.43,Humanas,Híbrido,Setor Público,4,69,0,0
4298,102,2025-06-08T00:00:00.000000000,SP,51,27,Pleno,5305.13,Tecnologia,Presencial,Autônomo/PJ,6,15,0,0
4299,403,2026-05-24T00:00:00.000000000,RJ,112,31,Gestão,16969.68,Biológicas,Híbrido,Iniciativa Privada,8,53,1,1
4300,104,2026-03-23T00:00:00.000000000,SP,69,31,Gestão,14412.4,Tecnologia,Híbrido,Iniciativa Privada,5,96,1,0
4301,104,2025-03-23T00:00:00.000000000,MG,96,34,Sênior,12447.1,Tecnologia,Presencial,Autônomo/PJ,7,6,0,0
4302,402,2025-02-26T00:00:00.000000000,MG,111,35,Gestão,16716.41,Biológicas,Presencial,Iniciativa Privada,4,59,1,0
4303,202,2026-06-03T00:00:00.000000000,PR,56,25,Pleno,6737.72,Exatas,Híbrido,Setor Público,5,9,1,0
4304,204,2025-04-22T00:00:00.000000000,GO,55,29,Pleno,7893.53,Exatas,Presencial,Autônomo/PJ,9,52,0,0
4305,101,2025-02-17T00:00:00.000000000,GO,11,21,Júnior,2777.14,Tecnologia,Presencial,Iniciativa Privada,6,7,0,0
4306,104,2026-01-11T00:00:00.000000000,GO,64,30,Sênior,12357.58,Tecnologia,EAD,Iniciativa Privada,5,84,0,0
4307,204,2025-02-02T00:00:00.000000000,SP,20,25,Júnior,3012.03,Exatas,Presencial,Iniciativa Privada,5,89,1,0
4308,202,2026-05-19T00:00:00.000000000,SP,35,23,Júnior,4515.98,Exatas,EAD,Iniciativa Privada,10,36,0,0
4309,102,2025-01-03T00:00:00.000000000,SP,47,25,Pleno,7895.7,Tecnologia,Presencial,Autônomo/PJ,10,81,0,1
4310,201,2026-05-01T00:00:00.000000000,RS,106,33,Pleno,6117.23,Exatas,Presencial,Autônomo/PJ,9,3,1,0
4311,401,2026-05-31T00:00:00.000000000,BA,42,24,Sênior,10910.93,Biológicas,EAD,ONG,5,83,1,0
4312,103,2025-02-11T00:00:00.000000000,RS,47,26,Pleno,7433.95,Tecnologia,Presencial,Setor Público,6,82,1,0
4313,404,2025-01-09T00:00:00.000000000,SP,106,34,Sênior,10924.28,Biológicas,Híbrido,Iniciativa Privada,10,96,1,1
4314,102,2025-05-22T00:00:00.000000000,GO,40,28,Júnior,1563.14,Tecnologia,EAD,Iniciativa Privada,4,22,1,0
4315,401,2026-03-12T00:00:00.000000000,RJ,92,32,Sênior,12828.36,Biológicas,Presencial,Autônomo/PJ,7,8,0,0
4316,403,2025-01-27T00:00:00.000000000,SP,11,21,Júnior,2965.76,Biológicas,EAD,Iniciativa Privada,8,37,1,0
4317,103,2025-02-12T00:00:00.000000000,RJ,73,30,Sênior,12551.83,Tecnologia,EAD,Setor Público,4,44,1,0
4318,402,2025-05-11T00:00:00.000000000,SP,23,22,Júnior,2146.36,Biológicas,Híbrido,Autônomo/PJ,7,44,0,0
4319,202,2025-08-04T00:00:00.000000000,RJ,78,33,Gestão,17697.95,Exatas,EAD,Iniciativa Privada,6,17,0,0
4320,103,2026-06-04T00:00:00.000000000,SP,118,31,Gestão,17936.68,Tecnologia,Presencial,Iniciativa Privada,7,45,0,0
4321,201,2025-12-11T00:00:00.000000000,RJ,34,24,Sênior,11790.05,Exatas,Presencial,Setor Público,6,1,1,0
4322,403,2026-05-23T00:00:00.000000000,MG,82,31,Sênior,12004.45,Biológicas,Híbrido,ONG,7,47,1,1
4323,404,2026-02-17T00:00:00.000000000,RS,64,30,Gestão,16316.5,Biológicas,EAD,Iniciativa Privada,10,16,1,1
4324,104,2025-09-03T00:00:00.000000000,MG,52,25,Sem vínculo,0.0,Tecnologia,Presencial,Desempregado,4,15,1,0
4325,202,2026-03-25T00:00:00.000000000,RJ,22,23,Júnior,5547.15,Exatas,EAD,Setor Público,9,44,0,0
4326,101,2025-01-21T00:00:00.000000000,SC,114,31,Sem vínculo,0.0,Tecnologia,Presencial,Desempregado,9,47,0,0
4327,201,2026-02-12T00:00:00.000000000,GO,101,32,Sênior,10510.5,Exatas,Presencial,Iniciativa Privada,9,23,0,0
4328,204,2026-04-02T00:00:00.000000000,SP,117,32,Gestão,17868.62,Exatas,EAD,Iniciativa Privada,6,94,1,0
4329,103,2026-03-20T00:00:00.000000000,RJ,27,26,Pleno,6361.33,Tecnologia,Presencial,Autônomo/PJ,5,64,1,0
4330,202,2025-09-22T00:00:00.000000000,SP,73,33,Gestão,18412.89,Exatas,EAD,ONG,9,91,1,0
4331,403,2025-07-03T00:00:00.000000000,SP,74,26,Gestão,16108.95,Biológicas,Presencial,Iniciativa Privada,6,32,1,1
4332,203,2025-08-15T00:00:00.000000000,MG,42,29,Pleno,5682.41,Exatas,Presencial,Autônomo/PJ,10,100,1,1
4333,403,2026-07-02T00:00:00.000000000,RS,110,33,Sênior,11865.58,Biológicas,Presencial,ONG,6,3,1,0
4334,101,2025-09-03T00:00:00.000000000,SP,54,31,Sênior,12400.58,Tecnologia,Presencial,Iniciativa Privada,7,0,0,0
4335,404,2025-03-14T00:00:00.000000000,SC,18,22,Júnior,2690.84,Biológicas,Presencial,Setor Público,6,32,1,0
4336,101,2025-05-30T00:00:00.000000000,RS,39,26,Pleno,5828.98,Tecnologia,Híbrido,ONG,7,73,0,0
4337,204,2026-05-28T00:00:00.000000000,GO,114,30,Sênior,9487.94,Exatas,Presencial,Iniciativa Privada,10,61,0,0
4338,302,2025-03-10T00:00:00.000000000,SP,91,33,Gestão,16087.7,Humanas,EAD,Iniciativa Privada,4,2,0,0
4339,402,2025-08-18T00:00:00.000000000,GO,58,31,Pleno,8117.09,Biológicas,Presencial,Autônomo/PJ,6,100,1,0
4340,103,2025-03-13T00:00:00.000000000,SP,92,27,Gestão,15245.98,Tecnologia,Híbrido,Iniciativa Privada,5,44,1,0
4341,204,2026-02-01T00:00:00.000000000,MG,56,27,Pleno,6008.92,Exatas,Presencial,Iniciativa Privada,5,20,1,0
4342,304,2025-03-25T00:00:00.000000000,SP,8,25,Sem vínculo,0.0,Humanas,Presencial,Desempregado,4,63,1,0
4343,104,2025-10-26T00:00:00.000000000,SP,47,25,Sênior,11275.11,Tecnologia,EAD,Setor Público,10,72,0,0
4344,303,2025-10-20T00:00:00.000000000,PR,103,32,Gestão,16263.04,Humanas,EAD,Autônomo/PJ,9,56,1,1
4345,203,2025-08-11T00:00:00.000000000,RJ,37,30,Júnior,3174.18,Exatas,Presencial,Autônomo/PJ,5,39,1,0
4346,202,2025-08-04T00:00:00.000000000,SP,114,30,Sênior,12516.89,Exatas,Presencial,Iniciativa Privada,7,61,0,0
4347,101,2025-08-19T00:00:00.000000000,SP,56,24,Júnior,3602.31,Tecnologia,Presencial,Iniciativa Privada,6,42,0,0
4348,104,2026-02-09T00:00:00.000000000,MG,118,31,Gestão,16757.76,Tecnologia,Presencial,Iniciativa Privada,8,87,1,0
4349,404,2025-06-18T00:00:00.000000000,SP,90,31,Gestão,17780.83,Biológicas,Presencial,Iniciativa Privada,10,45,0,1
4350,201,2025-11-25T00:00:00.000000000,SC,51,26,Júnior,3585.91,Exatas,Presencial,Setor Público,6,71,0,0
4351,204,2026-03-02T00:00:00.000000000,SP,113,33,Sênior,12640.28,Exatas,EAD,Setor Público,10,23,1,0
4352,203,2026-07-08T00:00:00.000000000,SP,26,29,Sênior,10683.98,Exatas,Híbrido,Iniciativa Privada,10,23,1,0
4353,103,2025-07-15T00:00:00.000000000,SP,49,29,Pleno,8364.04,Tecnologia,Presencial,Iniciativa Privada,6,9,1,0
4354,204,2026-06-10T00:00:00.000000000,RJ,16,24,Júnior,2187.62,Exatas,EAD,Iniciativa Privada,8,98,1,0
4355,103,2025-03-18T00:00:00.000000000,SP,108,36,Sênior,10336.24,Tecnologia,Presencial,Iniciativa Privada,9,67,1,0
4356,403,2025-10-04T00:00:00.000000000,SP,73,28,Pleno,6522.22,Biológicas,Presencial,Iniciativa Privada,10,56,0,0
4357,404,2026-04-11T00:00:00.000000000,BA,6,22,Júnior,1500.0,Biológicas,EAD,Iniciativa Privada,5,43,1,0
4358,402,2026-03-24T00:00:00.000000000,MG,97,30,Sênior,12003.21,Biológicas,EAD,Setor Público,5,72,0,0
4359,201,2025-11-16T00:00:00.000000000,SP,68,28,Gestão,15991.52,Exatas,Híbrido,Iniciativa Privada,6,74,1,0
4360,303,2025-06-09T00:00:00.000000000,RJ,29,22,Pleno,6207.3,Humanas,EAD,Iniciativa Privada,5,47,1,0
4361,402,2026-05-07T00:00:00.000000000,RS,104,32,Gestão,16054.56,Biológicas,Presencial,Autônomo/PJ,10,76,0,1
4362,203,2025-11-09T00:00:00.000000000,SP,18,28,Júnior,1500.0,Exatas,Presencial,Iniciativa Privada,10,26,1,0
4363,303,2025-06-10T00:00:00.000000000,SP,116,36,Gestão,17105.86,Humanas,EAD,Setor Público,7,29,0,1
4364,301,2025-11-04T00:00:00.000000000,PR,103,33,Gestão,19528.01,Humanas,Presencial,Iniciativa Privada,10,45,1,1
4365,303,2025-05-26T00:00:00.000000000,MG,16,23,Júnior,3109.05,Humanas,Presencial,Iniciativa Privada,7,11,0,0
4366,301,2026-01-31T00:00:00.000000000,MG,105,34,Pleno,6876.57,Humanas,Presencial,Iniciativa Privada,8,59,1,0
4367,301,2025-03-30T00:00:00.000000000,SP,56,31,Sem vínculo,0.0,Humanas,Híbrido,Desempregado,10,18,0,0
4368,301,2025-11-04T00:00:00.000000000,SP,22,24,Pleno,6590.81,Humanas,EAD,Iniciativa Privada,6,67,0,0
4369,402,2026-06-30T00:00:00.000000000,MG,104,28,Sem vínculo,0.0,Biológicas,Presencial,Desempregado,9,53,1,0
4370,204,2026-01-06T00:00:00.000000000,SP,87,34,Gestão,17648.39,Exatas,Híbrido,Iniciativa Privada,7,33,1,0
4371,302,2026-03-27T00:00:00.000000000,RJ,109,33,Gestão,14100.19,Humanas,EAD,Iniciativa Privada,4,86,1,0
4372,104,2025-06-16T00:00:00.000000000,RJ,91,30,Sênior,11955.41,Tecnologia,Presencial,Iniciativa Privada,5,89,1,0
4373,404,2026-01-27T00:00:00.000000000,SP,29,27,Pleno,6494.86,Biológicas,Presencial,Iniciativa Privada,9,6,1,0
4374,101,2026-05-06T00:00:00.000000000,GO,24,27,Sênior,11765.97,Tecnologia,EAD,Iniciativa Privada,6,81,1,0
4375,203,2025-05-30T00:00:00.000000000,SC,42,27,Sênior,10019.65,Exatas,Presencial,Iniciativa Privada,7,41,1,0
4376,401,2026-04-13T00:00:00.000000000,PR,108,31,Gestão,17982.08,Biológicas,EAD,Iniciativa Privada,8,67,0,1
4377,303,2025-02-12T00:00:00.000000000,SP,90,32,Sênior,10469.06,Humanas,Híbrido,Iniciativa Privada,7,52,1,0
4378,104,2025-01-29T00:00:00.000000000,SP,13,21,Júnior,3233.06,Tecnologia,Presencial,Iniciativa Privada,4,7,1,0
4379,101,2025-01-31T00:00:00.000000000,RJ,33,25,Júnior,3400.37,Tecnologia,EAD,Iniciativa Privada,7,21,1,0
4380,403,2025-05-08T00:00:00.000000000,SP,10,27,Pleno,6946.78,Biológicas,Presencial,Iniciativa Privada,6,25,0,0
4381,102,2025-10-21T00:00:00.000000000,BA,22,21,Pleno,6384.59,Tecnologia,Presencial,Setor Público,8,76,1,0
4382,103,2026-03-17T00:00:00.000000000,SP,106,30,Gestão,18049.42,Tecnologia,EAD,ONG,10,62,1,0
4383,301,2026-01-23T00:00:00.000000000,RJ,41,23,Pleno,5501.01,Humanas,EAD,Iniciativa Privada,8,45,0,0
4384,302,2026-06-08T00:00:00.000000000,SP,24,22,Júnior,5639.14,Humanas,EAD,Iniciativa Privada,4,80,1,0
4385,303,2026-07-01T00:00:00.000000000,MG,69,26,Gestão,19081.43,Humanas,Presencial,Iniciativa Privada,6,43,0,1
4386,303,2025-04-20T00:00:00.000000000,SP,96,28,Sênior,12122.2,Humanas,EAD,ONG,4,61,0,0
4387,403,2025-11-24T00:00:00.000000000,RJ,103,32,Pleno,5134.43,Biológicas,Presencial,Iniciativa Privada,4,35,0,0
4388,403,2026-02-09T00:00:00.000000000,SP,16,24,Júnior,2134.08,Biológicas,Presencial,Setor Público,4,40,0,0
4389,303,2025-09-02T00:00:00.000000000,RS,59,25,Júnior,4950.1,Humanas,Presencial,Iniciativa Privada,7,78,1,0
4390,102,2025-06-12T00:00:00.000000000,SP,50,27,Pleno,5421.83,Tecnologia,EAD,Iniciativa Privada,5,81,1,0
4391,204,2026-07-14T00:00:00.000000000,GO,52,27,Pleno,8491.67,Exatas,Presencial,Iniciativa Privada,7,26,0,0
4392,302,2026-02-03T00:00:00.000000000,SC,17,23,Júnior,4888.74,Humanas,Presencial,Iniciativa Privada,6,69,1,0
4393,202,2026-02-03T00:00:00.000000000,SP,26,24,Pleno,5419.54,Exatas,Presencial,ONG,9,97,0,0
4394,102,2026-05-08T00:00:00.000000000,PR,16,22,Júnior,3126.31,Tecnologia,EAD,Iniciativa Privada,4,40,1,0
4395,204,2025-08-27T00:00:00.000000000,SP,108,34,Sênior,12786.91,Exatas,Presencial,Setor Público,4,4,1,0
4396,401,2026-04-10T00:00:00.000000000,BA,97,34,Sênior,11832.23,Biológicas,EAD,Setor Público,5,56,1,0
4397,204,2025-02-01T00:00:00.000000000,RJ,10,22,Júnior,2841.57,Exatas,Presencial,Setor Público,8,75,1,0
4398,302,2025-05-03T00:00:00.000000000,SP,86,33,Gestão,17712.29,Humanas,EAD,Iniciativa Privada,4,28,1,0
4399,303,2026-06-18T00:00:00.000000000,SP,61,27,Pleno,7767.97,Humanas,EAD,Iniciativa Privada,7,100,1,0
4400,203,2025-04-20T00:00:00.000000000,SP,25,24,Sênior,9538.07,Exatas,Presencial,Iniciativa Privada,10,11,0,0
4401,202,2025-09-28T00:00:00.000000000,BA,46,26,Pleno,7439.58,Exatas,Presencial,Iniciativa Privada,4,24,0,0
4402,103,2026-01-15T00:00:00.000000000,SP,51,25,Pleno,7676.84,Tecnologia,Presencial,Setor Público,6,33,1,0
4403,202,2025-10-27T00:00:00.000000000,MG,17,24,Júnior,1500.0,Exatas,EAD,Iniciativa Privada,10,74,0,1
4404,303,2025-09-06T00:00:00.000000000,RJ,75,33,Gestão,16781.29,Humanas,Presencial,Setor Público,5,86,0,1
4405,304,2026-06-05T00:00:00.000000000,GO,22,25,Pleno,6153.41,Humanas,Presencial,Iniciativa Privada,9,23,0,0
4406,201,2025-02-03T00:00:00.000000000,SP,24,25,Sem vínculo,0.0,Exatas,Presencial,Desempregado,8,81,1,0
4407,101,2025-08-16T00:00:00.000000000,RJ,31,28,Sênior,10544.78,Tecnologia,Presencial,Iniciativa Privada,9,62,1,0
4408,304,2026-02-03T00:00:00.000000000,RJ,53,30,Júnior,4571.71,Humanas,EAD,Iniciativa Privada,6,62,1,0
4409,104,2026-07-24T00:00:00.000000000,PR,113,33,Sem vínculo,0.0,Tecnologia,Presencial,Desempregado,7,9,0,0
4410,102,2025-08-08T00:00:00.000000000,SP,113,29,Gestão,15622.9,Tecnologia,EAD,Iniciativa Privada,9,4,0,0
4411,202,2026-01-06T00:00:00.000000000,SP,57,24,Sem vínculo,0.0,Exatas,Híbrido,Desempregado,6,94,0,0
4412,302,2026-06-12T00:00:00.000000000,SP,101,32,Gestão,16205.61,Humanas,Presencial,Iniciativa Privada,9,88,1,1
4413,403,2025-03-16T00:00:00.000000000,PR,75,30,Gestão,18400.16,Biológicas,EAD,Iniciativa Privada,4,52,1,0
4414,402,2025-05-16T00:00:00.000000000,SP,60,28,Sênior,11488.49,Biológicas,Presencial,Setor Público,5,80,0,0
4415,104,2025-03-15T00:00:00.000000000,MG,105,32,Gestão,17291.84,Tecnologia,EAD,ONG,4,27,0,0
4416,101,2025-09-11T00:00:00.000000000,SP,107,35,Gestão,15336.15,Tecnologia,Presencial,Iniciativa Privada,5,64,1,0
4417,303,2025-01-18T00:00:00.000000000,RS,80,27,Sem vínculo,0.0,Humanas,Híbrido,Desempregado,7,44,1,0
4418,402,2025-02-12T00:00:00.000000000,GO,38,23,Júnior,2039.13,Biológicas,Presencial,Setor Público,6,65,0,0
4419,103,2025-02-19T00:00:00.000000000,RJ,67,25,Gestão,17353.79,Tecnologia,EAD,Autônomo/PJ,9,48,1,0
4420,203,2026-05-30T00:00:00.000000000,SP,93,34,Gestão,15896.65,Exatas,EAD,Iniciativa Privada,5,39,0,0
4421,202,2026-07-25T00:00:00.000000000,SP,28,27,Sênior,9441.07,Exatas,Presencial,Iniciativa Privada,6,65,0,0
4422,303,2026-07-30T00:00:00.000000000,SP,20,28,Sem vínculo,0.0,Humanas,Presencial,Desempregado,10,90,1,0
4423,101,2025-10-30T00:00:00.000000000,SP,32,29,Sem vínculo,0.0,Tecnologia,EAD,Desempregado,9,7,0,0
4424,404,2025-05-22T00:00:00.000000000,MG,80,30,Gestão,19266.9,Biológicas,Presencial,Iniciativa Privada,10,26,0,1
4425,204,2025-07-21T00:00:00.000000000,RJ,69,27,Sênior,11060.51,Exatas,Híbrido,Iniciativa Privada,10,100,0,0
4426,101,2025-07-26T00:00:00.000000000,GO,119,31,Gestão,16748.86,Tecnologia,Híbrido,Iniciativa Privada,5,16,1,0
4427,103,2026-02-19T00:00:00.000000000,SP,86,34,Gestão,17507.05,Tecnologia,EAD,Setor Público,4,67,1,0
4428,102,2025-08-09T00:00:00.000000000,MG,56,28,Pleno,6396.04,Tecnologia,Presencial,Iniciativa Privada,5,43,1,0
4429,303,2025-12-28T00:00:00.000000000,RJ,58,25,Pleno,7876.48,Humanas,Presencial,Iniciativa Privada,5,30,1,0
4430,301,2025-03-22T00:00:00.000000000,RJ,83,28,Gestão,17817.2,Humanas,Híbrido,Iniciativa Privada,8,4,0,1
4431,103,2026-07-17T00:00:00.000000000,SP,96,33,Pleno,7954.62,Tecnologia,Presencial,Autônomo/PJ,9,59,1,0
4432,204,2025-10-12T00:00:00.000000000,RJ,87,33,Gestão,17625.87,Exatas,Presencial,Iniciativa Privada,9,88,0,0
4433,303,2026-01-04T00:00:00.000000000,RJ,97,32,Gestão,17847.97,Humanas,Presencial,Iniciativa Privada,10,91,0,1
4434,201,2026-05-07T00:00:00.000000000,PR,56,31,Pleno,5893.07,Exatas,Híbrido,Setor Público,7,18,1,0
4435,204,2025-12-12T00:00:00.000000000,GO,52,25,Júnior,3688.11,Exatas,Presencial,Setor Público,9,100,1,0
4436,203,2025-07-23T00:00:00.000000000,SP,116,30,Pleno,7518.4,Exatas,Híbrido,Iniciativa Privada,4,41,1,0
4437,103,2025-01-25T00:00:00.000000000,SP,9,23,Júnior,3836.15,Tecnologia,Presencial,Iniciativa Privada,4,22,1,0
4438,204,2026-07-07T00:00:00.000000000,RJ,12,22,Júnior,3031.44,Exatas,Presencial,Setor Público,6,99,1,0
4439,102,2025-03-10T00:00:00.000000000,RJ,114,31,Gestão,17812.59,Tecnologia,EAD,Autônomo/PJ,5,76,1,0
4440,204,2026-05-31T00:00:00.000000000,SP,40,30,Pleno,5511.59,Exatas,Presencial,Setor Público,5,16,1,0
4441,402,2026-05-07T00:00:00.000000000,PR,53,30,Sem vínculo,0.0,Biológicas,Presencial,Desempregado,9,93,0,0
4442,101,2025-08-28T00:00:00.000000000,BA,78,28,Sênior,11380.43,Tecnologia,EAD,Autônomo/PJ,5,57,1,0
4443,101,2025-12-27T00:00:00.000000000,GO,77,30,Gestão,18128.24,Tecnologia,Presencial,Autônomo/PJ,4,86,0,0
4444,304,2026-03-17T00:00:00.000000000,SP,50,30,Sênior,14055.78,Humanas,Presencial,Iniciativa Privada,8,48,1,1
4445,104,2025-01-31T00:00:00.000000000,RS,86,31,Sênior,9454.21,Tecnologia,Presencial,Iniciativa Privada,6,2,0,0
4446,101,2025-11-18T00:00:00.000000000,PR,86,28,Sênior,12577.71,Tecnologia,EAD,Iniciativa Privada,5,76,0,0
4447,202,2025-12-10T00:00:00.000000000,RJ,118,34,Sênior,12626.62,Exatas,EAD,Iniciativa Privada,8,95,1,0
4448,401,2026-06-20T00:00:00.000000000,RJ,102,28,Pleno,5812.67,Biológicas,Presencial,Iniciativa Privada,9,44,0,0
4449,104,2025-12-21T00:00:00.000000000,SC,101,34,Gestão,15987.05,Tecnologia,Presencial,Iniciativa Privada,7,34,0,0
4450,401,2026-04-16T00:00:00.000000000,RJ,77,33,Sênior,10320.15,Biológicas,Presencial,Setor Público,4,1,0,0
4451,304,2025-04-15T00:00:00.000000000,SP,24,25,Júnior,4837.54,Humanas,Presencial,Iniciativa Privada,7,46,1,0
4452,304,2025-11-18T00:00:00.000000000,RJ,68,25,Sênior,10660.41,Humanas,Presencial,Iniciativa Privada,4,2,0,0
4453,301,2026-07-26T00:00:00.000000000,MG,43,24,Sem vínculo,0.0,Humanas,Presencial,Desempregado,6,28,0,0
4454,102,2026-06-11T00:00:00.000000000,SP,72,27,Sênior,9661.71,Tecnologia,EAD,Iniciativa Privada,9,73,1,0
4455,103,2026-05-19T00:00:00.000000000,GO,64,32,Sênior,11989.7,Tecnologia,Híbrido,Iniciativa Privada,7,19,1,0
4456,101,2025-03-26T00:00:00.000000000,MG,74,26,Sênior,11380.96,Tecnologia,EAD,Iniciativa Privada,6,33,1,0
4457,103,2025-08-23T00:00:00.000000000,MG,18,24,Júnior,3215.62,Tecnologia,Presencial,ONG,10,78,1,1
4458,401,2025-09-20T00:00:00.000000000,SP,52,30,Sênior,9036.4,Biológicas,Presencial,Iniciativa Privada,10,39,0,0
4459,203,2025-01-06T00:00:00.000000000,MG,115,35,Sênior,11259.58,Exatas,EAD,Setor Público,6,64,0,0
4460,202,2026-05-09T00:00:00.000000000,SP,66,25,Gestão,17191.19,Exatas,Presencial,Iniciativa Privada,6,89,1,0
4461,302,2025-10-16T00:00:00.000000000,SP,36,27,Pleno,6545.71,Humanas,Híbrido,Iniciativa Privada,7,62,1,0
4462,401,2026-07-24T00:00:00.000000000,RJ,85,29,Sênior,9837.72,Biológicas,Híbrido,Iniciativa Privada,7,55,0,0
4463,404,2026-07-08T00:00:00.000000000,RJ,119,34,Gestão,16995.98,Biológicas,Presencial,Autônomo/PJ,7,31,1,0
4464,303,2025-12-16T00:00:00.000000000,MG,101,32,Sênior,10713.25,Humanas,Presencial,Autônomo/PJ,10,65,1,1
4465,204,2025-07-19T00:00:00.000000000,SP,27,28,Pleno,8062.76,Exatas,Presencial,Autônomo/PJ,10,95,1,1
4466,104,2025-12-01T00:00:00.000000000,RJ,98,30,Gestão,16634.84,Tecnologia,Presencial,Autônomo/PJ,5,40,0,0
4467,104,2025-08-05T00:00:00.000000000,SP,91,32,Pleno,5859.76,Tecnologia,EAD,Iniciativa Privada,6,28,0,0
4468,102,2025-12-19T00:00:00.000000000,BA,48,29,Pleno,5746.7,Tecnologia,Híbrido,Autônomo/PJ,9,83,1,0
4469,101,2025-11-21T00:00:00.000000000,MG,72,31,Sênior,10858.2,Tecnologia,Híbrido,Iniciativa Privada,5,86,0,0
4470,401,2025-08-16T00:00:00.000000000,MG,59,25,Pleno,4951.08,Biológicas,Presencial,Setor Público,4,50,0,0
4471,402,2025-05-25T00:00:00.000000000,SP,15,28,Júnior,3467.45,Biológicas,Híbrido,Iniciativa Privada,10,11,0,0
4472,302,2025-11-04T00:00:00.000000000,SP,47,28,Pleno,5106.99,Humanas,EAD,Iniciativa Privada,7,43,0,0
4473,301,2025-10-12T00:00:00.000000000,BA,69,28,Gestão,16224.12,Humanas,Híbrido,Iniciativa Privada,9,9,1,1
4474,204,2026-01-27T00:00:00.000000000,SP,26,22,Pleno,7190.46,Exatas,Híbrido,Iniciativa Privada,8,82,1,1
4475,103,2025-12-26T00:00:00.000000000,RJ,85,33,Sênior,12334.48,Tecnologia,Presencial,Iniciativa Privada,4,73,0,0
4476,403,2025-06-14T00:00:00.000000000,MG,81,29,Sênior,11330.36,Biológicas,Presencial,Autônomo/PJ,6,82,0,0
4477,103,2025-08-12T00:00:00.000000000,SP,71,25,Gestão,18222.83,Tecnologia,Presencial,Iniciativa Privada,10,89,1,0
4478,304,2025-05-04T00:00:00.000000000,SC,46,27,Pleno,6516.84,Humanas,Presencial,Iniciativa Privada,10,87,0,1
4479,101,2025-12-10T00:00:00.000000000,RJ,29,29,Pleno,7983.5,Tecnologia,EAD,Autônomo/PJ,6,8,1,0
4480,402,2026-06-08T00:00:00.000000000,SP,40,27,Pleno,6581.94,Biológicas,Presencial,Iniciativa Privada,9,28,0,0
4481,301,2025-02-21T00:00:00.000000000,SP,61,25,Gestão,15922.75,Humanas,Presencial,Autônomo/PJ,5,28,0,0
4482,304,2025-05-09T00:00:00.000000000,SP,35,25,Sênior,13903.96,Humanas,Presencial,Setor Público,10,100,1,1
4483,102,2025-05-15T00:00:00.000000000,RS,62,25,Sem vínculo,0.0,Tecnologia,Híbrido,Desempregado,7,91,1,0
4484,204,2025-05-07T00:00:00.000000000,MG,99,33,Gestão,16097.47,Exatas,Presencial,Setor Público,10,60,1,0
4485,203,2025-03-12T00:00:00.000000000,SP,52,25,Sênior,12585.84,Exatas,Presencial,Iniciativa Privada,9,63,0,0
4486,103,2025-09-30T00:00:00.000000000,SP,40,29,Pleno,7370.97,Tecnologia,Presencial,Iniciativa Privada,7,2,0,0
4487,404,2025-07-06T00:00:00.000000000,MG,24,26,Pleno,6717.26,Biológicas,Presencial,Iniciativa Privada,10,86,0,1
4488,402,2025-01-03T00:00:00.000000000,MG,119,35,Sem vínculo,0.0,Biológicas,EAD,Desempregado,4,3,0,0
4489,202,2025-10-12T00:00:00.000000000,RJ,13,22,Júnior,2711.5,Exatas,Presencial,Iniciativa Privada,9,54,1,0
4490,101,2025-01-22T00:00:00.000000000,SP,31,27,Pleno,6613.33,Tecnologia,Presencial,Iniciativa Privada,4,13,0,0
4491,403,2025-06-15T00:00:00.000000000,SP,118,34,Sênior,11225.75,Biológicas,EAD,Iniciativa Privada,4,76,0,0
4492,101,2025-11-06T00:00:00.000000000,MG,109,33,Sênior,10345.57,Tecnologia,Presencial,Autônomo/PJ,8,27,1,0
4493,101,2026-04-22T00:00:00.000000000,BA,76,30,Sênior,11383.46,Tecnologia,Híbrido,Iniciativa Privada,8,62,0,0
4494,104,2026-05-13T00:00:00.000000000,SP,35,27,Sem vínculo,0.0,Tecnologia,Híbrido,Desempregado,6,38,1,0
4495,104,2026-03-10T00:00:00.000000000,MG,12,23,Júnior,2878.32,Tecnologia,EAD,Iniciativa Privada,10,63,1,0
4496,201,2025-08-22T00:00:00.000000000,RJ,72,32,Gestão,17068.13,Exatas,Presencial,Iniciativa Privada,6,59,0,0
4497,103,2026-01-11T00:00:00.000000000,RJ,70,32,Sênior,10388.85,Tecnologia,Presencial,Iniciativa Privada,6,19,0,0
4498,304,2025-09-03T00:00:00.000000000,SP,41,24,Pleno,6270.36,Humanas,Presencial,Autônomo/PJ,9,27,1,0
4499,301,2025-10-30T00:00:00.000000000,SC,30,28,Pleno,7172.89,Humanas,Presencial,ONG,7,95,1,0
4500,201,2026-02-09T00:00:00.000000000,RJ,42,24,Pleno,6436.52,Exatas,Presencial,Iniciativa Privada,6,13,1,0
4501,201,2025-01-21T00:00:00.000000000,RJ,6,22,Júnior,4171.09,Exatas,Presencial,Iniciativa Privada,5,76,0,0
4502,401,2025-09-14T00:00:00.000000000,SP,20,28,Júnior,4403.12,Biológicas,Presencial,Autônomo/PJ,4,74,0,0
4503,301,2026-02-03T00:00:00.000000000,SP,42,26,Júnior,2781.13,Humanas,Presencial,Iniciativa Privada,9,57,1,0
4504,101,2026-06-13T00:00:00.000000000,SP,18,22,Júnior,2215.58,Tecnologia,Híbrido,Iniciativa Privada,7,38,1,0
4505,204,2025-02-20T00:00:00.000000000,PR,109,35,Sênior,11840.4,Exatas,EAD,Iniciativa Privada,10,57,0,0
4506,103,2026-03-23T00:00:00.000000000,SP,13,21,Júnior,2163.05,Tecnologia,Presencial,Iniciativa Privada,8,14,1,0
4507,101,2025-09-27T00:00:00.000000000,MG,10,27,Júnior,2427.86,Tecnologia,EAD,Iniciativa Privada,4,72,1,0
4508,402,2025-09-19T00:00:00.000000000,SP,65,30,Gestão,17077.42,Biológicas,Híbrido,Iniciativa Privada,6,2,1,0
4509,104,2025-12-31T00:00:00.000000000,RJ,78,31,Sênior,11592.62,Tecnologia,Presencial,Iniciativa Privada,8,4,0,0
4510,304,2025-02-18T00:00:00.000000000,RJ,6,22,Júnior,2693.96,Humanas,Presencial,Autônomo/PJ,8,91,0,0
4511,101,2026-06-02T00:00:00.000000000,SP,41,24,Sênior,10865.0,Tecnologia,Presencial,Iniciativa Privada,8,41,1,0
4512,404,2025-04-28T00:00:00.000000000,SP,40,26,Pleno,6260.49,Biológicas,EAD,Autônomo/PJ,9,14,1,0
4513,101,2026-03-29T00:00:00.000000000,SP,71,26,Gestão,18813.04,Tecnologia,Presencial,Iniciativa Privada,4,2,1,0
4514,103,2026-02-01T00:00:00.000000000,MG,68,30,Gestão,15660.63,Tecnologia,EAD,Setor Público,7,34,1,0
4515,203,2025-01-27T00:00:00.000000000,MG,109,33,Sênior,10664.89,Exatas,EAD,Iniciativa Privada,4,6,0,0
4516,204,2026-01-07T00:00:00.000000000,SP,28,22,Pleno,6101.95,Exatas,EAD,Autônomo/PJ,5,93,1,0
4517,204,2025-04-07T00:00:00.000000000,RJ,14,28,Júnior,4443.49,Exatas,Presencial,Iniciativa Privada,6,23,0,0
4518,202,2026-06-13T00:00:00.000000000,SP,39,25,Pleno,5032.6,Exatas,Presencial,ONG,9,30,1,0
4519,104,2025-07-05T00:00:00.000000000,SP,51,28,Sênior,11564.03,Tecnologia,Presencial,Iniciativa Privada,7,77,1,0
4520,202,2025-08-03T00:00:00.000000000,SP,83,32,Sênior,12429.26,Exatas,Presencial,Iniciativa Privada,9,79,1,0
4521,203,2025-09-08T00:00:00.000000000,RS,9,23,Sem vínculo,0.0,Exatas,EAD,Desempregado,7,3,0,0
4522,303,2025-08-04T00:00:00.000000000,SP,35,26,Júnior,4302.14,Humanas,Híbrido,Setor Público,6,2,1,0
4523,101,2025-01-29T00:00:00.000000000,SP,100,34,Gestão,19777.3,Tecnologia,EAD,Iniciativa Privada,10,98,1,0
4524,303,2025-04-12T00:00:00.000000000,SP,107,32,Sem vínculo,0.0,Humanas,Presencial,Desempregado,5,8,1,0
4525,402,2025-05-03T00:00:00.000000000,SP,80,29,Gestão,16736.21,Biológicas,Presencial,Iniciativa Privada,8,67,1,1
4526,304,2025-02-23T00:00:00.000000000,MG,104,35,Sênior,12003.9,Humanas,EAD,Iniciativa Privada,6,82,0,0
4527,101,2025-10-10T00:00:00.000000000,SP,77,30,Sem vínculo,0.0,Tecnologia,Híbrido,Desempregado,8,87,0,0
4528,202,2025-04-27T00:00:00.000000000,SP,8,22,Júnior,2783.48,Exatas,Presencial,Iniciativa Privada,6,59,1,0
4529,204,2026-07-11T00:00:00.000000000,MG,19,26,Júnior,4779.93,Exatas,EAD,ONG,4,10,1,0
4530,101,2025-04-24T00:00:00.000000000,SP,65,26,Sênior,12764.52,Tecnologia,Presencial,Iniciativa Privada,9,78,1,0
4531,203,2026-06-27T00:00:00.000000000,PR,82,30,Pleno,5958.99,Exatas,Presencial,Autônomo/PJ,5,35,0,0
4532,202,2025-10-20T00:00:00.000000000,MG,50,26,Pleno,6322.48,Exatas,EAD,Iniciativa Privada,9,94,0,1
4533,104,2025-07-14T00:00:00.000000000,SP,101,29,Sem vínculo,0.0,Tecnologia,EAD,Desempregado,5,71,0,0
4534,101,2025-10-19T00:00:00.000000000,MG,39,30,Sênior,12282.97,Tecnologia,Presencial,Setor Público,6,1,1,0
4535,101,2025-09-18T00:00:00.000000000,SP,50,30,Pleno,7318.91,Tecnologia,EAD,Iniciativa Privada,5,49,1,0
4536,103,2025-07-26T00:00:00.000000000,RJ,66,26,Sênior,10185.72,Tecnologia,EAD,Setor Público,8,2,0,0
4537,104,2026-07-18T00:00:00.000000000,RJ,88,33,Sênior,9983.92,Tecnologia,Presencial,Iniciativa Privada,5,66,0,0
4538,103,2025-02-18T00:00:00.000000000,SP,107,32,Sênior,12226.36,Tecnologia,EAD,Autônomo/PJ,5,84,0,0
4539,103,2025-01-06T00:00:00.000000000,MG,21,23,Júnior,6576.2,Tecnologia,Presencial,ONG,9,61,1,0
4540,404,2026-01-14T00:00:00.000000000,RS,71,30,Gestão,15802.39,Biológicas,Presencial,Iniciativa Privada,5,75,0,0
4541,304,2026-01-29T00:00:00.000000000,BA,45,27,Pleno,7672.96,Humanas,EAD,Autônomo/PJ,10,13,0,0
4542,204,2025-08-12T00:00:00.000000000,MG,22,27,Júnior,3942.88,Exatas,Presencial,Iniciativa Privada,7,22,1,0
4543,402,2025-01-23T00:00:00.000000000,RJ,39,26,Júnior,2849.73,Biológicas,Presencial,Iniciativa Privada,10,76,1,1
4544,104,2025-04-20T00:00:00.000000000,SP,111,30,Sênior,11643.2,Tecnologia,Presencial,Iniciativa Privada,6,15,0,0
4545,201,2026-07-07T00:00:00.000000000,SP,21,25,Júnior,3103.36,Exatas,EAD,Setor Público,4,80,1,0
4546,103,2026-02-03T00:00:00.000000000,RJ,107,34,Gestão,16966.55,Tecnologia,Presencial,Iniciativa Privada,4,17,0,0
4547,402,2025-06-21T00:00:00.000000000,SP,65,32,Gestão,18049.3,Biológicas,Presencial,Autônomo/PJ,7,12,0,0
4548,104,2025-11-02T00:00:00.000000000,GO,71,26,Gestão,17767.13,Tecnologia,EAD,Iniciativa Privada,9,55,0,0
4549,102,2026-07-18T00:00:00.000000000,SP,71,32,Sênior,12350.11,Tecnologia,Presencial,Setor Público,7,89,1,0
4550,104,2025-05-31T00:00:00.000000000,SP,95,33,Sênior,11371.16,Tecnologia,Presencial,Iniciativa Privada,4,44,0,0
4551,402,2026-03-04T00:00:00.000000000,SP,18,23,Pleno,6879.11,Biológicas,Presencial,Autônomo/PJ,8,39,0,0
4552,103,2026-04-12T00:00:00.000000000,SC,61,25,Sênior,13973.17,Tecnologia,Presencial,Iniciativa Privada,4,30,0,0
4553,103,2026-07-10T00:00:00.000000000,MG,116,36,Gestão,16398.18,Tecnologia,EAD,Iniciativa Privada,4,80,1,0
4554,101,2025-03-08T00:00:00.000000000,MG,36,27,Pleno,6649.48,Tecnologia,Presencial,Iniciativa Privada,10,31,0,0
4555,401,2025-06-05T00:00:00.000000000,SP,39,28,Pleno,7045.58,Biológicas,Presencial,Autônomo/PJ,6,0,1,0
4556,204,2025-07-25T00:00:00.000000000,SC,44,27,Pleno,5051.51,Exatas,Presencial,Iniciativa Privada,4,34,0,0
4557,303,2025-06-04T00:00:00.000000000,SP,72,27,Sênior,11706.87,Humanas,EAD,Autônomo/PJ,4,35,1,0
4558,202,2026-05-24T00:00:00.000000000,RS,13,23,Júnior,4293.26,Exatas,Presencial,Iniciativa Privada,10,82,1,0
4559,202,2026-07-26T00:00:00.000000000,RJ,92,33,Sênior,10738.31,Exatas,Presencial,Autônomo/PJ,5,91,1,0
4560,102,2025-03-15T00:00:00.000000000,SP,83,29,Sênior,12594.07,Tecnologia,EAD,Iniciativa Privada,7,65,1,0
4561,201,2025-02-18T00:00:00.000000000,RJ,60,30,Gestão,16872.2,Exatas,Presencial,Iniciativa Privada,10,28,1,0
4562,402,2026-04-12T00:00:00.000000000,MG,32,24,Júnior,3591.53,Biológicas,Presencial,Iniciativa Privada,4,42,0,0
4563,301,2025-06-28T00:00:00.000000000,SP,98,35,Gestão,16364.8,Humanas,Híbrido,Iniciativa Privada,4,28,0,0
4564,401,2025-02-17T00:00:00.000000000,RS,108,36,Sênior,12489.73,Biológicas,EAD,Iniciativa Privada,8,42,0,1
4565,304,2025-03-13T00:00:00.000000000,RJ,58,28,Sem vínculo,0.0,Humanas,Presencial,Desempregado,10,18,0,0
4566,202,2025-04-23T00:00:00.000000000,SP,44,26,Sem vínculo,0.0,Exatas,EAD,Desempregado,4,63,1,0
4567,302,2025-06-08T00:00:00.000000000,SP,70,27,Gestão,15994.17,Humanas,EAD,Autônomo/PJ,6,91,0,1
4568,303,2025-01-30T00:00:00.000000000,RJ,22,21,Júnior,3150.38,Humanas,Híbrido,Iniciativa Privada,9,97,0,1
4569,104,2025-04-07T00:00:00.000000000,RJ,110,34,Sênior,11121.62,Tecnologia,Presencial,Iniciativa Privada,8,30,1,0
4570,103,2025-09-08T00:00:00.000000000,RJ,35,23,Pleno,6888.17,Tecnologia,EAD,Setor Público,4,100,0,0
4571,204,2026-06-03T00:00:00.000000000,MG,58,26,Pleno,9280.34,Exatas,Híbrido,Iniciativa Privada,9,18,0,0
4572,102,2025-04-02T00:00:00.000000000,RJ,18,23,Sem vínculo,0.0,Tecnologia,Presencial,Desempregado,6,95,0,0
4573,101,2025-04-23T00:00:00.000000000,BA,26,22,Sênior,10990.33,Tecnologia,EAD,Iniciativa Privada,7,28,1,0
4574,401,2025-09-16T00:00:00.000000000,MG,24,26,Sem vínculo,0.0,Biológicas,Presencial,Desempregado,4,72,1,0
4575,401,2025-04-17T00:00:00.000000000,SC,58,30,Pleno,5703.37,Biológicas,Híbrido,Iniciativa Privada,7,6,0,0
4576,201,2026-07-29T00:00:00.000000000,SP,24,28,Sênior,12045.12,Exatas,Híbrido,Autônomo/PJ,4,57,1,0
4577,201,2026-01-25T00:00:00.000000000,SP,62,30,Sênior,11215.9,Exatas,Presencial,Iniciativa Privada,8,75,1,0
4578,103,2025-12-24T00:00:00.000000000,SP,30,27,Pleno,5655.97,Tecnologia,Presencial,ONG,8,59,0,0
4579,204,2025-07-18T00:00:00.000000000,MG,91,28,Gestão,16421.94,Exatas,Presencial,Iniciativa Privada,9,50,0,0
4580,202,2026-03-03T00:00:00.000000000,RS,36,25,Júnior,4008.81,Exatas,Presencial,Setor Público,6,94,1,0
4581,303,2026-04-23T00:00:00.000000000,SP,86,30,Gestão,18721.63,Humanas,Presencial,Autônomo/PJ,5,81,0,0
4582,404,2026-05-18T00:00:00.000000000,SP,60,27,Gestão,17681.1,Biológicas,Presencial,Iniciativa Privada,10,91,1,1
4583,101,2026-07-27T00:00:00.000000000,RS,28,28,Júnior,1501.98,Tecnologia,EAD,Iniciativa Privada,9,49,1,0
4584,104,2025-04-30T00:00:00.000000000,SP,37,24,Pleno,6330.52,Tecnologia,EAD,Iniciativa Privada,9,20,0,0
4585,204,2026-07-27T00:00:00.000000000,MG,67,27,Sênior,10512.58,Exatas,Presencial,Iniciativa Privada,6,8,1,0
4586,201,2025-11-05T00:00:00.000000000,RJ,79,26,Gestão,18041.97,Exatas,EAD,Iniciativa Privada,4,33,1,0
4587,101,2026-06-22T00:00:00.000000000,SC,15,27,Júnior,3558.17,Tecnologia,Híbrido,Iniciativa Privada,7,33,0,0
4588,401,2026-04-20T00:00:00.000000000,SP,105,30,Gestão,16244.84,Biológicas,Presencial,Iniciativa Privada,7,46,1,0
4589,402,2026-07-06T00:00:00.000000000,SP,77,28,Gestão,14861.55,Biológicas,Presencial,Setor Público,4,23,0,0
4590,401,2025-12-10T00:00:00.000000000,MG,59,30,Sênior,11826.02,Biológicas,Presencial,Setor Público,5,79,1,0
4591,402,2025-05-16T00:00:00.000000000,GO,57,27,Pleno,6636.3,Biológicas,Presencial,Iniciativa Privada,5,27,0,0
4592,401,2025-10-04T00:00:00.000000000,RJ,25,28,Sênior,10204.85,Biológicas,EAD,ONG,5,45,1,0
4593,402,2026-06-17T00:00:00.000000000,SP,37,23,Pleno,5546.24,Biológicas,Presencial,ONG,4,50,1,0
4594,304,2025-01-31T00:00:00.000000000,MG,119,29,Gestão,17963.86,Humanas,EAD,Iniciativa Privada,10,98,1,1
4595,103,2025-09-04T00:00:00.000000000,GO,19,23,Júnior,4602.7,Tecnologia,EAD,Iniciativa Privada,8,5,0,0
4596,104,2026-02-15T00:00:00.000000000,SC,55,29,Júnior,4317.22,Tecnologia,Presencial,Iniciativa Privada,9,62,0,0
4597,104,2025-01-27T00:00:00.000000000,BA,33,25,Júnior,2521.36,Tecnologia,Presencial,Autônomo/PJ,8,52,1,0
4598,201,2025-03-14T00:00:00.000000000,SP,115,31,Sênior,10614.26,Exatas,EAD,Setor Público,4,63,1,0
4599,402,2025-04-07T00:00:00.000000000,SP,58,30,Pleno,6343.82,Biológicas,EAD,Iniciativa Privada,8,51,1,0
4600,203,2025-12-12T00:00:00.000000000,MG,29,24,Júnior,3822.16,Exatas,Presencial,Setor Público,10,59,0,0
4601,201,2026-04-21T00:00:00.000000000,SC,84,28,Gestão,18197.71,Exatas,Híbrido,Iniciativa Privada,5,40,0,0
4602,101,2025-10-27T00:00:00.000000000,SP,27,23,Sênior,12417.49,Tecnologia,EAD,Iniciativa Privada,8,10,1,0
4603,101,2025-10-26T00:00:00.000000000,SP,35,27,Pleno,6711.69,Tecnologia,Presencial,Setor Público,4,3,0,0
4604,204,2025-10-14T00:00:00.000000000,PR,68,28,Gestão,17965.4,Exatas,Presencial,Setor Público,9,13,1,0
4605,102,2026-03-25T00:00:00.000000000,SP,9,24,Júnior,3304.34,Tecnologia,Presencial,Iniciativa Privada,8,12,1,0
4606,102,2025-07-31T00:00:00.000000000,SP,82,33,Sênior,12587.46,Tecnologia,Presencial,Iniciativa Privada,8,14,1,0
4607,203,2025-03-17T00:00:00.000000000,RJ,64,26,Sem vínculo,0.0,Exatas,EAD,Desempregado,8,7,1,0
4608,202,2026-02-05T00:00:00.000000000,MG,92,31,Gestão,17209.33,Exatas,Presencial,Setor Público,8,87,0,0
4609,102,2025-02-03T00:00:00.000000000,PR,13,21,Pleno,5740.21,Tecnologia,Presencial,Setor Público,9,10,0,0
4610,301,2026-05-13T00:00:00.000000000,SP,87,28,Sênior,9959.68,Humanas,Presencial,Iniciativa Privada,4,98,0,0
4611,201,2026-05-31T00:00:00.000000000,MG,17,22,Júnior,4479.15,Exatas,Presencial,Iniciativa Privada,6,88,1,0
4612,104,2025-11-24T00:00:00.000000000,MG,36,26,Pleno,3736.33,Tecnologia,Presencial,Iniciativa Privada,8,22,1,0
4613,301,2025-04-08T00:00:00.000000000,RJ,83,31,Sênior,11955.12,Humanas,EAD,Iniciativa Privada,6,6,0,0
4614,201,2026-01-01T00:00:00.000000000,MG,39,27,Pleno,5699.83,Exatas,Presencial,Autônomo/PJ,9,68,1,0
4615,101,2026-04-08T00:00:00.000000000,SP,87,33,Sênior,10581.16,Tecnologia,Presencial,Iniciativa Privada,4,31,1,0
4616,401,2025-01-28T00:00:00.000000000,SP,103,29,Gestão,17015.59,Biológicas,Presencial,Iniciativa Privada,7,91,0,1
4617,204,2026-01-21T00:00:00.000000000,SP,80,27,Sênior,11492.5,Exatas,Presencial,Iniciativa Privada,10,43,0,0
4618,201,2025-09-30T00:00:00.000000000,SP,110,32,Gestão,18217.96,Exatas,Presencial,Iniciativa Privada,6,2,1,0
4619,403,2025-05-07T00:00:00.000000000,RJ,81,29,Sem vínculo,0.0,Biológicas,Híbrido,Desempregado,4,93,0,0
4620,403,2025-07-21T00:00:00.000000000,SC,54,29,Pleno,6881.42,Biológicas,EAD,Setor Público,7,43,1,0
4621,103,2026-06-05T00:00:00.000000000,PR,84,31,Sênior,11145.52,Tecnologia,Híbrido,Iniciativa Privada,8,68,1,0
4622,403,2025-10-14T00:00:00.000000000,PR,62,25,Gestão,18487.8,Biológicas,Presencial,Autônomo/PJ,9,50,0,1
4623,401,2026-03-26T00:00:00.000000000,SP,100,34,Gestão,16068.35,Biológicas,EAD,Autônomo/PJ,9,60,0,1
4624,103,2025-03-29T00:00:00.000000000,RJ,118,34,Gestão,15391.22,Tecnologia,EAD,Setor Público,4,50,1,0
4625,301,2025-11-14T00:00:00.000000000,SP,98,35,Gestão,15297.51,Humanas,EAD,Iniciativa Privada,5,32,1,0
4626,104,2025-01-19T00:00:00.000000000,SP,31,22,Sênior,11609.31,Tecnologia,Presencial,Iniciativa Privada,7,19,0,0
4627,203,2025-04-17T00:00:00.000000000,SP,23,23,Júnior,2823.0,Exatas,Presencial,Iniciativa Privada,5,29,1,0
4628,302,2026-04-03T00:00:00.000000000,MG,101,29,Gestão,17217.49,Humanas,EAD,Autônomo/PJ,9,43,1,1
4629,203,2025-11-07T00:00:00.000000000,BA,91,31,Gestão,15676.78,Exatas,EAD,Setor Público,9,85,0,0
4630,403,2026-02-16T00:00:00.000000000,SP,43,28,Sênior,10951.02,Biológicas,EAD,Iniciativa Privada,8,85,0,1
4631,401,2026-05-13T00:00:00.000000000,SP,86,28,Sênior,12249.82,Biológicas,Presencial,Iniciativa Privada,8,28,1,1
4632,403,2025-09-01T00:00:00.000000000,PR,92,31,Gestão,18064.74,Biológicas,Presencial,Iniciativa Privada,6,20,0,1
4633,102,2026-07-31T00:00:00.000000000,SP,93,31,Gestão,18332.6,Tecnologia,Híbrido,Iniciativa Privada,9,81,1,0
4634,101,2026-01-15T00:00:00.000000000,SC,55,28,Sem vínculo,0.0,Tecnologia,Presencial,Desempregado,8,52,1,0
4635,401,2026-05-30T00:00:00.000000000,PR,13,22,Júnior,2421.12,Biológicas,EAD,Iniciativa Privada,6,10,0,0
4636,104,2025-07-26T00:00:00.000000000,GO,46,28,Pleno,7425.85,Tecnologia,Presencial,Iniciativa Privada,7,9,0,0
4637,204,2026-01-29T00:00:00.000000000,RJ,11,26,Sem vínculo,0.0,Exatas,EAD,Desempregado,5,34,1,0
4638,403,2025-01-21T00:00:00.000000000,MG,74,29,Gestão,16936.08,Biológicas,Presencial,Iniciativa Privada,7,25,0,0
4639,104,2026-06-11T00:00:00.000000000,RJ,49,25,Pleno,6141.17,Tecnologia,Presencial,Autônomo/PJ,10,43,1,0
4640,104,2025-12-09T00:00:00.000000000,MG,69,32,Sênior,12095.94,Tecnologia,Presencial,Iniciativa Privada,5,3,0,0
4641,204,2025-07-21T00:00:00.000000000,RJ,34,26,Júnior,4526.84,Exatas,EAD,Setor Público,4,73,0,0
4642,101,2025-04-30T00:00:00.000000000,SP,33,27,Pleno,5124.51,Tecnologia,Presencial,Iniciativa Privada,7,56,0,0
4643,201,2026-01-24T00:00:00.000000000,RJ,16,27,Júnior,3372.66,Exatas,EAD,Autônomo/PJ,10,38,0,0
4644,101,2026-06-21T00:00:00.000000000,RJ,70,27,Sênior,10657.26,Tecnologia,Presencial,Iniciativa Privada,4,79,1,0
4645,104,2025-08-22T00:00:00.000000000,SC,112,36,Sênior,12216.86,Tecnologia,Híbrido,Iniciativa Privada,5,40,1,0
4646,401,2025-11-16T00:00:00.000000000,PR,24,22,Júnior,3706.57,Biológicas,Presencial,Autônomo/PJ,9,93,0,1
4647,204,2025-06-29T00:00:00.000000000,MG,14,28,Júnior,4123.5,Exatas,Presencial,Iniciativa Privada,9,66,0,0
4648,301,2026-01-03T00:00:00.000000000,SP,32,26,Sênior,12007.07,Humanas,Híbrido,Setor Público,6,97,0,0
4649,101,2025-03-17T00:00:00.000000000,PR,39,25,Júnior,2828.15,Tecnologia,EAD,Iniciativa Privada,7,88,0,0
4650,302,2026-05-11T00:00:00.000000000,RJ,49,27,Pleno,4782.47,Humanas,EAD,Iniciativa Privada,7,35,0,0
4651,403,2026-06-06T00:00:00.000000000,RS,73,32,Gestão,17274.71,Biológicas,Presencial,Setor Público,6,3,1,0
4652,204,2025-07-20T00:00:00.000000000,GO,105,34,Gestão,17380.86,Exatas,Híbrido,Setor Público,6,73,1,0
4653,302,2025-12-12T00:00:00.000000000,SP,87,31,Sem vínculo,0.0,Humanas,EAD,Desempregado,8,12,1,0
4654,101,2026-04-28T00:00:00.000000000,SC,20,28,Júnior,3802.31,Tecnologia,EAD,Autônomo/PJ,10,69,0,1
4655,204,2025-08-07T00:00:00.000000000,SP,56,31,Pleno,8217.16,Exatas,Híbrido,Iniciativa Privada,9,6,1,0
4656,401,2025-03-01T00:00:00.000000000,SP,18,27,Júnior,4410.96,Biológicas,EAD,ONG,8,27,1,0
4657,403,2026-07-04T00:00:00.000000000,RJ,88,29,Sênior,11718.77,Biológicas,Presencial,Iniciativa Privada,5,58,1,0
4658,202,2025-08-09T00:00:00.000000000,SP,54,28,Pleno,6538.12,Exatas,Presencial,Iniciativa Privada,9,36,0,0
4659,403,2026-05-17T00:00:00.000000000,PR,75,27,Sênior,12983.94,Biológicas,EAD,Iniciativa Privada,7,14,1,0
4660,102,2025-05-13T00:00:00.000000000,SP,117,34,Gestão,17408.67,Tecnologia,EAD,Iniciativa Privada,6,29,0,0
4661,301,2025-02-22T00:00:00.000000000,SP,61,27,Gestão,16612.67,Humanas,EAD,Autônomo/PJ,6,73,1,1
4662,103,2026-03-26T00:00:00.000000000,MG,81,31,Sênior,12410.0,Tecnologia,Presencial,Iniciativa Privada,10,11,0,0
4663,303,2025-03-03T00:00:00.000000000,PR,56,25,Pleno,5593.55,Humanas,EAD,Setor Público,9,80,1,0
4664,101,2025-01-23T00:00:00.000000000,GO,42,24,Sênior,9837.36,Tecnologia,EAD,Iniciativa Privada,4,29,0,0
4665,403,2025-02-13T00:00:00.000000000,PR,22,26,Júnior,3936.74,Biológicas,Presencial,Iniciativa Privada,10,0,0,0
4666,304,2026-07-12T00:00:00.000000000,MG,63,27,Pleno,6217.25,Humanas,Presencial,Iniciativa Privada,10,35,0,0
4667,102,2025-02-16T00:00:00.000000000,SP,92,32,Gestão,16147.06,Tecnologia,Híbrido,Setor Público,8,87,0,0
4668,302,2025-01-24T00:00:00.000000000,SP,95,32,Gestão,15804.44,Humanas,Presencial,Iniciativa Privada,9,20,1,1
4669,302,2025-03-30T00:00:00.000000000,SP,34,22,Pleno,5316.93,Humanas,Presencial,Autônomo/PJ,9,31,0,0
4670,104,2025-06-23T00:00:00.000000000,RJ,38,25,Júnior,4136.53,Tecnologia,Presencial,Iniciativa Privada,4,62,0,0
4671,102,2026-07-30T00:00:00.000000000,MG,65,32,Sênior,9865.7,Tecnologia,Presencial,Iniciativa Privada,6,81,1,0
4672,201,2025-04-29T00:00:00.000000000,RJ,96,35,Sênior,12305.27,Exatas,Presencial,Setor Público,7,12,0,0
4673,103,2025-06-27T00:00:00.000000000,PR,94,27,Gestão,16850.41,Tecnologia,Híbrido,Autônomo/PJ,7,36,1,0
4674,204,2025-12-08T00:00:00.000000000,RJ,60,29,Gestão,15880.93,Exatas,Presencial,Iniciativa Privada,4,43,1,0
4675,202,2026-07-22T00:00:00.000000000,SP,15,27,Júnior,5442.01,Exatas,Híbrido,Autônomo/PJ,10,20,1,0
4676,201,2025-02-28T00:00:00.000000000,SP,52,31,Sem vínculo,0.0,Exatas,Presencial,Desempregado,8,17,0,0
4677,203,2026-03-14T00:00:00.000000000,SC,28,27,Sem vínculo,0.0,Exatas,Híbrido,Desempregado,5,45,0,0
4678,403,2026-03-04T00:00:00.000000000,PR,90,31,Gestão,16463.56,Biológicas,Presencial,Autônomo/PJ,9,46,1,1
4679,304,2026-03-02T00:00:00.000000000,RS,26,29,Pleno,6318.64,Humanas,EAD,Autônomo/PJ,7,25,0,0
4680,304,2026-01-16T00:00:00.000000000,SP,112,31,Gestão,18392.12,Humanas,Presencial,Iniciativa Privada,5,4,1,0
4681,204,2026-05-01T00:00:00.000000000,BA,18,26,Júnior,2811.65,Exatas,Presencial,Autônomo/PJ,9,4,1,0
4682,101,2025-07-04T00:00:00.000000000,SP,106,34,Gestão,17637.82,Tecnologia,Presencial,Iniciativa Privada,8,30,1,0
4683,101,2026-07-13T00:00:00.000000000,SP,38,27,Sem vínculo,0.0,Tecnologia,EAD,Desempregado,4,27,1,0
4684,304,2026-04-05T00:00:00.000000000,BA,29,29,Pleno,8702.69,Humanas,Presencial,Iniciativa Privada,10,76,1,0
4685,202,2025-04-12T00:00:00.000000000,SP,113,36,Sênior,12598.99,Exatas,Híbrido,Iniciativa Privada,8,74,0,0
4686,103,2026-07-10T00:00:00.000000000,MG,16,24,Pleno,3781.2,Tecnologia,Presencial,Setor Público,6,64,1,0
4687,403,2025-01-15T00:00:00.000000000,SP,22,28,Júnior,5057.96,Biológicas,Presencial,Iniciativa Privada,8,87,0,0
4688,201,2025-02-20T00:00:00.000000000,MG,73,27,Gestão,15792.67,Exatas,Presencial,Iniciativa Privada,4,12,0,0
4689,403,2025-11-05T00:00:00.000000000,GO,52,29,Pleno,8153.44,Biológicas,EAD,Setor Público,4,17,0,0
4690,402,2025-02-03T00:00:00.000000000,SP,30,28,Pleno,6668.49,Biológicas,Presencial,Autônomo/PJ,8,23,0,0
4691,103,2025-07-24T00:00:00.000000000,MG,99,29,Sênior,11791.36,Tecnologia,Presencial,Setor Público,9,28,0,0
4692,401,2025-03-11T00:00:00.000000000,SP,78,26,Sênior,12809.87,Biológicas,EAD,Iniciativa Privada,4,27,1,0
4693,101,2025-08-18T00:00:00.000000000,MG,26,26,Júnior,3583.68,Tecnologia,Presencial,Autônomo/PJ,6,44,0,0
4694,402,2026-04-25T00:00:00.000000000,SP,89,34,Gestão,15860.07,Biológicas,EAD,Iniciativa Privada,5,85,0,0
4695,202,2026-06-17T00:00:00.000000000,SP,88,27,Pleno,5696.71,Exatas,Presencial,Iniciativa Privada,8,83,0,0
4696,303,2025-04-18T00:00:00.000000000,SP,88,33,Gestão,15558.66,Humanas,EAD,Setor Público,4,10,0,0
4697,303,2025-08-29T00:00:00.000000000,SP,17,26,Júnior,3590.5,Humanas,Híbrido,Autônomo/PJ,10,50,0,0
4698,201,2025-09-08T00:00:00.000000000,GO,42,24,Pleno,5698.42,Exatas,Presencial,Iniciativa Privada,9,58,1,1
4699,302,2025-05-15T00:00:00.000000000,SP,47,24,Sênior,11075.46,Humanas,Presencial,Iniciativa Privada,9,83,1,1
4700,402,2025-03-31T00:00:00.000000000,SP,22,25,Júnior,3944.94,Biológicas,Híbrido,Iniciativa Privada,9,12,1,0
4701,402,2026-03-16T00:00:00.000000000,RJ,106,33,Sênior,13021.04,Biológicas,EAD,Iniciativa Privada,5,46,1,0
4702,303,2025-10-25T00:00:00.000000000,SP,53,31,Pleno,8322.82,Humanas,Presencial,Iniciativa Privada,6,87,1,0
4703,302,2026-02-11T00:00:00.000000000,PR,108,32,Sem vínculo,0.0,Humanas,EAD,Desempregado,8,42,1,0
4704,101,2025-11-04T00:00:00.000000000,BA,33,25,Sênior,13058.28,Tecnologia,Presencial,Autônomo/PJ,4,23,1,0
4705,401,2025-04-12T00:00:00.000000000,RJ,46,27,Pleno,5089.34,Biológicas,Híbrido,Setor Público,5,47,1,0
4706,303,2025-12-27T00:00:00.000000000,RS,104,33,Sênior,12056.54,Humanas,EAD,Iniciativa Privada,6,62,1,0
4707,404,2026-06-12T00:00:00.000000000,MG,52,28,Pleno,6426.7,Biológicas,EAD,Autônomo/PJ,7,16,0,0
4708,303,2025-10-20T00:00:00.000000000,SP,117,34,Sênior,11687.68,Humanas,Híbrido,Iniciativa Privada,4,68,0,0
4709,104,2025-05-26T00:00:00.000000000,MG,23,27,Júnior,5181.41,Tecnologia,EAD,Iniciativa Privada,9,53,1,0
4710,102,2026-02-08T00:00:00.000000000,RJ,83,32,Sênior,13519.99,Tecnologia,Presencial,Iniciativa Privada,9,93,0,0
4711,103,2025-01-02T00:00:00.000000000,MG,104,28,Sênior,12984.83,Tecnologia,Híbrido,Setor Público,6,13,1,0
4712,201,2025-04-29T00:00:00.000000000,RS,113,36,Sem vínculo,0.0,Exatas,Presencial,Desempregado,10,14,1,0
4713,102,2025-07-10T00:00:00.000000000,RJ,110,33,Sênior,13686.9,Tecnologia,Presencial,Iniciativa Privada,10,72,1,0
4714,301,2025-01-03T00:00:00.000000000,GO,76,33,Gestão,15699.53,Humanas,Presencial,Iniciativa Privada,5,77,0,0
4715,102,2026-05-02T00:00:00.000000000,PR,110,34,Sênior,12240.13,Tecnologia,Híbrido,Iniciativa Privada,10,9,1,0
4716,203,2025-06-26T00:00:00.000000000,RJ,18,24,Júnior,3830.07,Exatas,EAD,Autônomo/PJ,9,21,1,0
4717,104,2025-09-14T00:00:00.000000000,MG,87,34,Sênior,10978.35,Tecnologia,Presencial,Iniciativa Privada,8,94,1,0
4718,202,2026-06-18T00:00:00.000000000,SP,106,33,Sênior,11976.01,Exatas,Presencial,Iniciativa Privada,5,12,1,0
4719,104,2026-04-22T00:00:00.000000000,BA,18,27,Júnior,3060.86,Tecnologia,Presencial,Setor Público,9,80,1,0
4720,302,2026-02-02T00:00:00.000000000,MG,105,33,Gestão,17849.29,Humanas,Presencial,Iniciativa Privada,8,64,1,1
4721,101,2026-05-11T00:00:00.000000000,SP,36,27,Sênior,10368.22,Tecnologia,Híbrido,Iniciativa Privada,6,13,0,0
4722,101,2025-08-08T00:00:00.000000000,SP,7,20,Júnior,3068.69,Tecnologia,EAD,Iniciativa Privada,6,43,0,0
4723,402,2025-06-22T00:00:00.000000000,MG,21,21,Júnior,3209.28,Biológicas,Híbrido,Setor Público,5,38,1,0
4724,104,2026-01-25T00:00:00.000000000,SP,14,21,Júnior,2870.7,Tecnologia,Presencial,Iniciativa Privada,5,34,0,0
4725,403,2026-05-17T00:00:00.000000000,SP,78,26,Sem vínculo,0.0,Biológicas,EAD,Desempregado,8,64,1,0
4726,403,2026-07-31T00:00:00.000000000,RJ,43,29,Pleno,7446.56,Biológicas,Presencial,Setor Público,10,26,1,0
4727,201,2025-09-17T00:00:00.000000000,SP,80,28,Sênior,11608.89,Exatas,Híbrido,Iniciativa Privada,4,44,0,0
4728,203,2025-05-11T00:00:00.000000000,RJ,59,31,Pleno,4277.57,Exatas,Híbrido,Iniciativa Privada,5,56,0,0
4729,201,2025-04-23T00:00:00.000000000,SP,61,29,Gestão,17407.99,Exatas,Híbrido,Iniciativa Privada,9,21,1,0
4730,203,2025-01-20T00:00:00.000000000,SP,91,28,Sênior,10821.13,Exatas,EAD,Iniciativa Privada,4,33,0,0
4731,202,2025-08-03T00:00:00.000000000,MG,102,32,Sem vínculo,0.0,Exatas,Presencial,Desempregado,4,8,0,0
4732,101,2025-11-06T00:00:00.000000000,RJ,105,30,Gestão,16400.69,Tecnologia,EAD,Autônomo/PJ,10,49,1,0
4733,201,2025-09-08T00:00:00.000000000,SP,114,29,Sênior,12742.19,Exatas,Presencial,Iniciativa Privada,4,53,1,0
4734,402,2026-05-03T00:00:00.000000000,SP,92,29,Sênior,10783.58,Biológicas,Presencial,Iniciativa Privada,6,57,0,0
4735,101,2026-01-17T00:00:00.000000000,MG,50,27,Pleno,8104.45,Tecnologia,Presencial,Iniciativa Privada,6,99,0,0
4736,303,2026-02-13T00:00:00.000000000,SP,114,32,Pleno,6081.3,Humanas,Presencial,Iniciativa Privada,4,95,1,0
4737,303,2025-09-28T00:00:00.000000000,SP,39,30,Júnior,2370.11,Humanas,EAD,Setor Público,4,61,1,0
4738,101,2026-02-11T00:00:00.000000000,SP,14,27,Júnior,2600.76,Tecnologia,Presencial,Iniciativa Privada,6,37,1,0
4739,103,2025-07-13T00:00:00.000000000,SC,93,31,Sem vínculo,0.0,Tecnologia,Presencial,Desempregado,8,83,1,0
4740,204,2026-03-17T00:00:00.000000000,PR,13,25,Júnior,4328.14,Exatas,Presencial,Iniciativa Privada,10,26,0,0
4741,301,2025-11-09T00:00:00.000000000,PR,12,22,Júnior,2687.88,Humanas,EAD,Setor Público,10,63,1,0
4742,102,2025-03-20T00:00:00.000000000,PR,41,29,Júnior,5354.15,Tecnologia,EAD,ONG,9,2,1,0
4743,304,2025-06-29T00:00:00.000000000,MG,23,22,Júnior,4034.4,Humanas,Presencial,Iniciativa Privada,10,10,0,0
4744,301,2025-01-14T00:00:00.000000000,RJ,8,23,Pleno,6461.93,Humanas,EAD,Iniciativa Privada,7,23,0,0
4745,402,2025-09-03T00:00:00.000000000,MG,33,22,Pleno,6794.72,Biológicas,EAD,Iniciativa Privada,5,28,1,0
4746,103,2025-01-14T00:00:00.000000000,SP,75,28,Pleno,6650.64,Tecnologia,Presencial,Iniciativa Privada,4,68,0,0
4747,202,2025-04-09T00:00:00.000000000,MG,113,30,Sem vínculo,0.0,Exatas,EAD,Desempregado,6,96,0,0
4748,104,2025-02-02T00:00:00.000000000,PR,49,29,Sem vínculo,0.0,Tecnologia,Presencial,Desempregado,10,7,0,0
4749,103,2026-03-12T00:00:00.000000000,RJ,26,23,Sem vínculo,0.0,Tecnologia,Presencial,Desempregado,4,18,1,0
4750,101,2025-09-14T00:00:00.000000000,SP,33,22,Pleno,8835.89,Tecnologia,EAD,Autônomo/PJ,4,67,1,0
4751,303,2025-02-03T00:00:00.000000000,SP,109,29,Gestão,16472.96,Humanas,Presencial,Iniciativa Privada,4,98,0,0
4752,401,2025-01-19T00:00:00.000000000,MG,59,28,Sem vínculo,0.0,Biológicas,Presencial,Desempregado,10,93,1,0
4753,101,2025-09-17T00:00:00.000000000,MG,59,26,Sem vínculo,0.0,Tecnologia,EAD,Desempregado,4,68,0,0
4754,202,2026-02-20T00:00:00.000000000,RS,70,25,Gestão,18127.13,Exatas,EAD,Iniciativa Privada,8,47,0,0
4755,102,2025-05-17T00:00:00.000000000,SP,105,34,Sênior,10668.13,Tecnologia,Presencial,Iniciativa Privada,5,39,1,0
4756,302,2025-12-25T00:00:00.000000000,PR,26,23,Pleno,7684.42,Humanas,EAD,Iniciativa Privada,5,66,1,0
4757,204,2025-04-26T00:00:00.000000000,MG,112,30,Pleno,4672.52,Exatas,Presencial,Iniciativa Privada,6,15,1,0
4758,204,2026-02-08T00:00:00.000000000,RS,104,31,Sênior,12147.47,Exatas,Presencial,Iniciativa Privada,8,63,1,0
4759,202,2025-07-21T00:00:00.000000000,RJ,18,21,Sem vínculo,0.0,Exatas,EAD,Desempregado,8,7,1,0
4760,304,2026-01-11T00:00:00.000000000,RJ,62,30,Sem vínculo,0.0,Humanas,EAD,Desempregado,5,4,0,0
4761,103,2025-09-07T00:00:00.000000000,MG,54,28,Pleno,8517.31,Tecnologia,Presencial,Iniciativa Privada,6,98,0,0
4762,203,2026-03-22T00:00:00.000000000,PR,59,26,Pleno,6084.95,Exatas,Híbrido,Iniciativa Privada,8,71,1,0
4763,204,2025-10-05T00:00:00.000000000,BA,15,26,Júnior,3411.06,Exatas,Híbrido,Autônomo/PJ,6,99,0,0
4764,104,2025-04-22T00:00:00.000000000,SP,58,28,Sênior,11171.51,Tecnologia,EAD,Setor Público,5,24,1,0
4765,103,2026-04-18T00:00:00.000000000,SP,49,25,Júnior,4787.25,Tecnologia,Presencial,Iniciativa Privada,4,52,1,0
4766,401,2026-01-27T00:00:00.000000000,GO,52,29,Pleno,5448.64,Biológicas,EAD,Autônomo/PJ,9,48,1,0
4767,403,2025-05-23T00:00:00.000000000,RJ,58,28,Pleno,7732.44,Biológicas,EAD,ONG,9,71,1,1
4768,103,2025-02-01T00:00:00.000000000,MG,79,27,Sem vínculo,0.0,Tecnologia,Híbrido,Desempregado,9,20,0,0
4769,304,2025-06-30T00:00:00.000000000,RJ,51,25,Sênior,9265.63,Humanas,Híbrido,Iniciativa Privada,8,50,1,0
4770,203,2026-05-31T00:00:00.000000000,SP,18,22,Júnior,4645.4,Exatas,Presencial,Iniciativa Privada,6,45,1,0
4771,404,2025-09-26T00:00:00.000000000,PR,42,24,Sem vínculo,0.0,Biológicas,Presencial,Desempregado,4,8,1,0
4772,404,2025-08-24T00:00:00.000000000,PR,107,34,Sênior,10565.76,Biológicas,Presencial,Iniciativa Privada,5,63,0,0
4773,202,2025-10-04T00:00:00.000000000,SP,29,23,Pleno,5212.28,Exatas,Presencial,Autônomo/PJ,10,95,1,1
4774,103,2026-07-07T00:00:00.000000000,SP,7,23,Pleno,6549.25,Tecnologia,EAD,Iniciativa Privada,7,76,1,0
4775,201,2025-10-02T00:00:00.000000000,SC,91,32,Sênior,13840.61,Exatas,EAD,Iniciativa Privada,9,22,1,0
4776,302,2025-03-27T00:00:00.000000000,SP,86,31,Gestão,15431.42,Humanas,EAD,Iniciativa Privada,8,59,0,1
4777,404,2025-03-04T00:00:00.000000000,RS,105,31,Gestão,18696.57,Biológicas,Presencial,Iniciativa Privada,10,58,1,1
4778,204,2026-02-08T00:00:00.000000000,SP,19,27,Sem vínculo,0.0,Exatas,Presencial,Desempregado,8,7,0,0
4779,301,2025-07-11T00:00:00.000000000,MG,15,28,Júnior,3178.53,Humanas,Presencial,Iniciativa Privada,6,63,1,0
4780,304,2025-10-20T00:00:00.000000000,GO,40,30,Pleno,6591.2,Humanas,EAD,ONG,5,98,0,0
4781,103,2025-01-31T00:00:00.000000000,MG,30,25,Pleno,5770.21,Tecnologia,EAD,ONG,9,53,1,0
4782,202,2025-11-26T00:00:00.000000000,RJ,8,20,Júnior,4409.66,Exatas,Híbrido,Iniciativa Privada,5,91,0,0
4783,104,2025-04-17T00:00:00.000000000,MG,116,29,Sênior,9759.03,Tecnologia,Presencial,Autônomo/PJ,8,14,0,0
4784,304,2025-10-03T00:00:00.000000000,SP,107,28,Gestão,16496.47,Humanas,Híbrido,Iniciativa Privada,8,51,0,1
4785,301,2026-07-10T00:00:00.000000000,SP,22,23,Júnior,3573.04,Humanas,Presencial,Autônomo/PJ,9,92,1,1
4786,403,2025-03-23T00:00:00.000000000,BA,17,21,Pleno,7553.34,Biológicas,Presencial,Setor Público,9,50,0,0
4787,404,2025-03-05T00:00:00.000000000,PR,59,28,Pleno,6285.27,Biológicas,Presencial,Iniciativa Privada,6,3,1,0
4788,101,2026-07-21T00:00:00.000000000,MG,29,25,Pleno,6670.68,Tecnologia,Presencial,Iniciativa Privada,6,33,0,0
4789,104,2025-05-09T00:00:00.000000000,SP,34,26,Pleno,4984.74,Tecnologia,Híbrido,Setor Público,7,100,1,0
4790,301,2025-09-13T00:00:00.000000000,SP,48,29,Sem vínculo,0.0,Humanas,EAD,Desempregado,4,23,1,0
4791,301,2025-08-19T00:00:00.000000000,SP,30,22,Júnior,3363.52,Humanas,Presencial,Iniciativa Privada,6,20,0,0
4792,403,2026-05-12T00:00:00.000000000,MG,105,34,Gestão,19137.06,Biológicas,Presencial,Setor Público,4,1,0,0
4793,104,2025-05-17T00:00:00.000000000,PR,65,27,Sênior,13031.18,Tecnologia,Presencial,Iniciativa Privada,8,6,0,0
4794,403,2026-03-31T00:00:00.000000000,RJ,95,32,Sênior,12116.89,Biológicas,Presencial,Autônomo/PJ,7,55,1,1
4795,201,2025-12-21T00:00:00.000000000,SC,107,34,Sênior,12279.92,Exatas,EAD,Iniciativa Privada,7,74,0,0
4796,102,2026-04-30T00:00:00.000000000,SP,70,27,Gestão,18578.95,Tecnologia,EAD,Setor Público,10,75,1,0
4797,104,2025-05-26T00:00:00.000000000,SP,89,34,Sênior,10418.28,Tecnologia,Presencial,Iniciativa Privada,10,67,0,0
4798,402,2025-02-02T00:00:00.000000000,SP,33,27,Pleno,5163.25,Biológicas,Presencial,Setor Público,10,34,1,0
4799,204,2025-09-17T00:00:00.000000000,RJ,21,28,Júnior,5565.22,Exatas,Presencial,Autônomo/PJ,7,25,0,0
4800,403,2025-03-28T00:00:00.000000000,SP,52,27,Pleno,6104.85,Biológicas,Presencial,Autônomo/PJ,5,17,0,0
4801,303,2025-09-22T00:00:00.000000000,BA,86,31,Pleno,6480.74,Humanas,EAD,Autônomo/PJ,9,63,0,0
4802,103,2026-06-26T00:00:00.000000000,SP,109,30,Gestão,17497.67,Tecnologia,Híbrido,Iniciativa Privada,10,55,0,0
4803,203,2026-01-27T00:00:00.000000000,GO,97,32,Sênior,12105.77,Exatas,Presencial,ONG,9,100,1,0
4804,103,2025-08-20T00:00:00.000000000,RJ,63,25,Sênior,10847.56,Tecnologia,Presencial,Setor Público,8,79,1,0
4805,202,2026-03-23T00:00:00.000000000,BA,81,33,Sem vínculo,0.0,Exatas,Presencial,Desempregado,5,54,0,0
4806,203,2025-05-09T00:00:00.000000000,MG,32,28,Pleno,4634.0,Exatas,Presencial,Iniciativa Privada,5,11,1,0
4807,301,2025-09-28T00:00:00.000000000,GO,58,25,Sênior,11366.5,Humanas,Presencial,Iniciativa Privada,7,36,1,0
4808,201,2025-03-30T00:00:00.000000000,SP,47,25,Pleno,6199.08,Exatas,Híbrido,Iniciativa Privada,5,51,0,0
4809,102,2026-04-11T00:00:00.000000000,PR,64,32,Gestão,17246.39,Tecnologia,EAD,Iniciativa Privada,8,18,1,0
4810,104,2025-06-19T00:00:00.000000000,GO,52,27,Pleno,5854.34,Tecnologia,Presencial,Iniciativa Privada,8,14,0,0
4811,201,2025-05-08T00:00:00.000000000,SP,99,31,Gestão,16222.01,Exatas,Presencial,ONG,10,85,1,0
4812,404,2025-06-23T00:00:00.000000000,SP,110,36,Gestão,16291.3,Biológicas,Presencial,Setor Público,5,83,0,0
4813,202,2025-01-26T00:00:00.000000000,RJ,39,30,Sem vínculo,0.0,Exatas,Presencial,Desempregado,9,51,1,0
4814,304,2026-07-27T00:00:00.000000000,GO,42,30,Pleno,7262.72,Humanas,EAD,Iniciativa Privada,8,76,1,0
4815,104,2026-05-26T00:00:00.000000000,RJ,11,22,Júnior,4289.07,Tecnologia,EAD,Iniciativa Privada,9,86,1,0
4816,204,2026-05-03T00:00:00.000000000,RJ,12,21,Júnior,3678.3,Exatas,Presencial,ONG,4,94,1,0
4817,204,2026-02-10T00:00:00.000000000,SP,101,30,Sênior,11401.57,Exatas,Híbrido,Iniciativa Privada,5,25,1,0
4818,302,2025-01-26T00:00:00.000000000,SP,101,33,Sênior,12327.96,Humanas,EAD,Iniciativa Privada,7,44,0,0
4819,201,2025-03-24T00:00:00.000000000,SC,30,28,Sênior,11031.54,Exatas,Presencial,ONG,10,95,0,0
4820,203,2025-12-30T00:00:00.000000000,SP,38,30,Sênior,13404.7,Exatas,Presencial,Iniciativa Privada,7,20,0,0
4821,304,2026-01-02T00:00:00.000000000,MG,60,31,Sênior,9997.82,Humanas,Presencial,Iniciativa Privada,8,80,0,1
4822,101,2025-03-01T00:00:00.000000000,GO,63,25,Sênior,12486.99,Tecnologia,EAD,ONG,8,92,1,0
4823,101,2026-07-05T00:00:00.000000000,SP,12,22,Júnior,3754.86,Tecnologia,EAD,Iniciativa Privada,7,52,0,0
4824,102,2025-10-19T00:00:00.000000000,MG,62,27,Gestão,15936.73,Tecnologia,Híbrido,ONG,4,28,1,0
4825,101,2025-07-10T00:00:00.000000000,SP,17,21,Júnior,1500.0,Tecnologia,Híbrido,Iniciativa Privada,7,47,0,0
4826,402,2026-04-06T00:00:00.000000000,MG,21,27,Júnior,4548.17,Biológicas,EAD,Setor Público,5,85,0,0
4827,204,2025-08-21T00:00:00.000000000,SP,85,28,Gestão,15729.1,Exatas,Presencial,Iniciativa Privada,7,18,1,0
4828,204,2026-04-19T00:00:00.000000000,PR,48,26,Sênior,12929.91,Exatas,EAD,Autônomo/PJ,6,53,0,0
4829,403,2026-02-09T00:00:00.000000000,SP,105,31,Gestão,16142.41,Biológicas,EAD,Iniciativa Privada,4,77,0,0
4830,403,2025-09-28T00:00:00.000000000,RJ,82,28,Gestão,17149.36,Biológicas,Presencial,Autônomo/PJ,10,86,0,1
4831,203,2025-05-14T00:00:00.000000000,MG,12,25,Júnior,3477.18,Exatas,Presencial,Iniciativa Privada,4,1,0,0
4832,401,2025-06-20T00:00:00.000000000,SP,105,30,Gestão,16996.98,Biológicas,Presencial,Iniciativa Privada,7,31,1,0
4833,104,2026-02-19T00:00:00.000000000,PR,116,33,Sênior,10948.72,Tecnologia,Presencial,Autônomo/PJ,6,61,1,0
4834,402,2025-01-28T00:00:00.000000000,SP,56,25,Júnior,3766.19,Biológicas,EAD,Iniciativa Privada,5,96,1,0
4835,103,2025-05-16T00:00:00.000000000,MG,78,28,Sênior,11390.25,Tecnologia,Presencial,Iniciativa Privada,7,6,1,0
4836,202,2026-02-09T00:00:00.000000000,SP,37,24,Pleno,5867.5,Exatas,EAD,Iniciativa Privada,5,97,1,0
4837,102,2026-05-20T00:00:00.000000000,MG,80,27,Sênior,11518.1,Tecnologia,Presencial,Iniciativa Privada,6,67,0,0
4838,403,2025-08-29T00:00:00.000000000,SP,13,27,Júnior,5014.69,Biológicas,Híbrido,Iniciativa Privada,10,86,0,1
4839,104,2026-03-20T00:00:00.000000000,RJ,102,28,Sênior,10679.1,Tecnologia,EAD,Iniciativa Privada,7,83,0,0
4840,203,2026-03-10T00:00:00.000000000,SP,92,28,Gestão,17026.26,Exatas,Híbrido,Iniciativa Privada,7,21,0,0
4841,302,2025-08-16T00:00:00.000000000,PR,94,28,Sênior,12974.41,Humanas,Presencial,Setor Público,5,28,1,0
4842,303,2026-05-24T00:00:00.000000000,SP,77,32,Sênior,12244.79,Humanas,Híbrido,Iniciativa Privada,7,100,0,0
4843,302,2025-10-30T00:00:00.000000000,RS,50,30,Pleno,6412.9,Humanas,Presencial,Iniciativa Privada,6,2,0,0
4844,302,2025-02-03T00:00:00.000000000,RS,91,29,Sem vínculo,0.0,Humanas,EAD,Desempregado,7,21,1,0
4845,303,2025-01-02T00:00:00.000000000,SP,64,31,Sênior,11878.48,Humanas,Presencial,ONG,10,83,1,1
4846,101,2025-12-28T00:00:00.000000000,MG,9,22,Pleno,4615.41,Tecnologia,EAD,Iniciativa Privada,10,88,1,0
4847,203,2025-07-14T00:00:00.000000000,SP,109,32,Sênior,11065.44,Exatas,Híbrido,Iniciativa Privada,8,97,0,0
4848,201,2025-11-04T00:00:00.000000000,SP,72,32,Sem vínculo,0.0,Exatas,EAD,Desempregado,6,52,1,0
4849,402,2025-09-07T00:00:00.000000000,PR,34,22,Pleno,4628.03,Biológicas,EAD,Iniciativa Privada,4,92,0,0
4850,202,2025-05-27T00:00:00.000000000,MG,110,30,Pleno,5208.16,Exatas,Presencial,Iniciativa Privada,5,56,1,0
4851,101,2025-12-12T00:00:00.000000000,MG,34,22,Sênior,11536.76,Tecnologia,Presencial,Iniciativa Privada,9,9,0,0
4852,302,2025-12-14T00:00:00.000000000,SP,103,32,Sênior,11302.09,Humanas,Presencial,Autônomo/PJ,9,100,0,1
4853,201,2025-09-11T00:00:00.000000000,SP,103,35,Sênior,11634.07,Exatas,Presencial,Iniciativa Privada,6,39,1,0
4854,101,2026-02-03T00:00:00.000000000,SP,33,28,Sênior,10838.86,Tecnologia,EAD,Autônomo/PJ,9,19,0,0
4855,302,2025-11-30T00:00:00.000000000,PR,82,27,Sênior,10927.39,Humanas,Híbrido,Autônomo/PJ,4,86,1,0
4856,104,2025-06-25T00:00:00.000000000,RJ,84,27,Gestão,17991.92,Tecnologia,Híbrido,Iniciativa Privada,4,10,0,0
4857,301,2025-05-05T00:00:00.000000000,PR,92,33,Sênior,11443.85,Humanas,Presencial,ONG,6,7,0,0
4858,203,2026-02-02T00:00:00.000000000,SP,49,30,Pleno,9402.07,Exatas,Presencial,Iniciativa Privada,4,92,0,0
4859,103,2025-05-11T00:00:00.000000000,SP,95,34,Sênior,11379.45,Tecnologia,EAD,Setor Público,4,35,1,0
4860,402,2026-07-16T00:00:00.000000000,SP,9,23,Júnior,2644.57,Biológicas,EAD,Iniciativa Privada,9,24,0,0
4861,104,2026-02-11T00:00:00.000000000,SP,95,30,Gestão,15928.06,Tecnologia,Presencial,Iniciativa Privada,8,38,0,0
4862,102,2025-11-30T00:00:00.000000000,SP,109,30,Sênior,12297.6,Tecnologia,EAD,Iniciativa Privada,7,97,1,0
4863,404,2025-01-20T00:00:00.000000000,SC,14,25,Júnior,3260.21,Biológicas,Presencial,Iniciativa Privada,9,95,1,0
4864,101,2025-07-24T00:00:00.000000000,RS,10,23,Júnior,5636.93,Tecnologia,Presencial,Iniciativa Privada,9,61,1,0
4865,101,2025-12-21T00:00:00.000000000,RJ,61,32,Sênior,10461.95,Tecnologia,EAD,Iniciativa Privada,8,86,0,0
4866,101,2025-06-22T00:00:00.000000000,RJ,101,31,Sênior,12709.76,Tecnologia,Híbrido,Iniciativa Privada,7,20,0,0
4867,201,2025-07-08T00:00:00.000000000,SP,89,31,Sênior,13241.96,Exatas,EAD,Autônomo/PJ,4,18,1,0
4868,203,2025-01-02T00:00:00.000000000,RS,55,24,Pleno,8914.74,Exatas,Presencial,Iniciativa Privada,7,24,1,0
4869,303,2025-06-17T00:00:00.000000000,SP,80,29,Gestão,17714.6,Humanas,Presencial,Setor Público,10,86,0,1
4870,102,2026-01-03T00:00:00.000000000,GO,20,28,Júnior,2976.8,Tecnologia,Presencial,Iniciativa Privada,10,82,0,1
4871,104,2026-06-20T00:00:00.000000000,RJ,37,25,Sênior,11861.47,Tecnologia,Híbrido,Iniciativa Privada,8,4,1,0
4872,201,2026-01-05T00:00:00.000000000,SP,33,29,Pleno,5318.08,Exatas,Presencial,Iniciativa Privada,5,82,0,0
4873,101,2026-03-13T00:00:00.000000000,GO,27,27,Júnior,3926.51,Tecnologia,Híbrido,Iniciativa Privada,5,98,1,0
4874,204,2025-07-26T00:00:00.000000000,SP,110,34,Gestão,15600.09,Exatas,Híbrido,Setor Público,7,11,1,0
4875,204,2025-02-18T00:00:00.000000000,MG,22,24,Júnior,5750.62,Exatas,EAD,Iniciativa Privada,10,24,1,0
4876,402,2026-06-28T00:00:00.000000000,RJ,64,25,Sem vínculo,0.0,Biológicas,Presencial,Desempregado,5,4,0,0
4877,104,2025-05-09T00:00:00.000000000,SP,95,33,Sem vínculo,0.0,Tecnologia,Presencial,Desempregado,6,75,1,0
4878,201,2026-03-23T00:00:00.000000000,RJ,113,29,Sênior,14832.83,Exatas,EAD,Iniciativa Privada,5,26,0,0
4879,201,2025-02-04T00:00:00.000000000,MG,76,33,Sênior,10874.71,Exatas,EAD,Autônomo/PJ,7,3,0,0
4880,401,2025-07-18T00:00:00.000000000,PR,111,30,Sênior,11436.39,Biológicas,Híbrido,Iniciativa Privada,4,82,1,0
4881,401,2025-03-18T00:00:00.000000000,SP,62,27,Sênior,13507.26,Biológicas,Presencial,Iniciativa Privada,8,44,0,1
4882,401,2026-01-04T00:00:00.000000000,GO,31,22,Pleno,5584.19,Biológicas,EAD,Autônomo/PJ,5,46,1,0
4883,202,2026-06-10T00:00:00.000000000,SP,30,26,Pleno,7601.82,Exatas,Presencial,Iniciativa Privada,7,87,0,0
4884,101,2025-12-15T00:00:00.000000000,SP,15,28,Júnior,3976.48,Tecnologia,Presencial,Iniciativa Privada,10,27,1,0
4885,202,2026-05-21T00:00:00.000000000,SP,50,26,Pleno,5062.21,Exatas,EAD,Iniciativa Privada,8,96,1,0
4886,101,2025-08-26T00:00:00.000000000,SP,88,32,Sênior,12610.46,Tecnologia,Presencial,Iniciativa Privada,6,34,1,0
4887,303,2025-10-07T00:00:00.000000000,SP,16,28,Júnior,3373.79,Humanas,Presencial,Iniciativa Privada,4,15,1,0
4888,103,2026-07-31T00:00:00.000000000,BA,82,28,Gestão,17005.07,Tecnologia,Presencial,Iniciativa Privada,9,11,1,0
4889,303,2026-03-08T00:00:00.000000000,SP,58,28,Sênior,7816.19,Humanas,Presencial,Iniciativa Privada,8,79,0,1
4890,403,2025-05-18T00:00:00.000000000,SP,77,29,Sênior,8992.66,Biológicas,Presencial,Iniciativa Privada,9,74,1,0
4891,102,2025-09-26T00:00:00.000000000,SP,109,33,Pleno,6553.04,Tecnologia,Presencial,Autônomo/PJ,10,42,1,0
4892,302,2025-07-20T00:00:00.000000000,PR,73,30,Sênior,13069.15,Humanas,Presencial,Iniciativa Privada,8,27,0,0
4893,104,2025-05-22T00:00:00.000000000,RS,116,32,Pleno,7781.21,Tecnologia,Híbrido,Autônomo/PJ,7,86,0,0
4894,101,2025-12-21T00:00:00.000000000,SP,100,31,Gestão,20981.22,Tecnologia,Híbrido,Setor Público,6,80,0,0
4895,103,2026-08-01T00:00:00.000000000,SP,33,25,Sênior,10044.49,Tecnologia,EAD,Autônomo/PJ,10,18,0,0
4896,102,2025-11-25T00:00:00.000000000,SP,80,29,Sênior,12014.37,Tecnologia,Presencial,Autônomo/PJ,5,74,0,0
4897,101,2026-07-13T00:00:00.000000000,SP,112,32,Gestão,18799.85,Tecnologia,Presencial,Iniciativa Privada,6,67,1,0
4898,201,2025-08-19T00:00:00.000000000,SP,70,29,Sênior,11937.88,Exatas,EAD,Iniciativa Privada,4,73,0,0
4899,302,2025-11-04T00:00:00.000000000,RJ,54,25,Pleno,4403.96,Humanas,Presencial,Iniciativa Privada,9,54,0,0
4900,103,2025-05-26T00:00:00.000000000,SP,52,25,Sem vínculo,0.0,Tecnologia,Presencial,Desempregado,5,82,1,0
4901,404,2025-06-01T00:00:00.000000000,RJ,57,31,Pleno,6394.12,Biológicas,Presencial,Setor Público,9,35,0,0
4902,401,2025-05-20T00:00:00.000000000,SP,107,28,Gestão,18486.13,Biológicas,Presencial,Iniciativa Privada,6,61,0,0
4903,304,2025-01-21T00:00:00.000000000,GO,93,28,Sênior,11629.54,Humanas,Híbrido,Iniciativa Privada,4,38,0,0
4904,203,2025-09-11T00:00:00.000000000,GO,59,29,Sem vínculo,0.0,Exatas,Híbrido,Desempregado,8,40,1,0
4905,103,2025-03-05T00:00:00.000000000,MG,65,26,Gestão,17014.86,Tecnologia,Híbrido,Iniciativa Privada,8,59,0,0
4906,304,2025-08-06T00:00:00.000000000,SP,62,29,Sênior,11149.67,Humanas,Híbrido,Iniciativa Privada,9,85,0,1
4907,403,2025-03-13T00:00:00.000000000,SP,52,27,Júnior,4678.43,Biológicas,EAD,Iniciativa Privada,9,65,1,0
4908,101,2025-06-11T00:00:00.000000000,RJ,36,30,Sem vínculo,0.0,Tecnologia,Presencial,Desempregado,8,58,1,0
4909,304,2025-05-10T00:00:00.000000000,PR,110,32,Sênior,11898.5,Humanas,Presencial,Iniciativa Privada,10,96,0,1
4910,103,2025-08-13T00:00:00.000000000,RJ,51,30,Sênior,10951.21,Tecnologia,EAD,Iniciativa Privada,9,39,0,0
4911,304,2026-03-30T00:00:00.000000000,RS,119,35,Sênior,11308.76,Humanas,Presencial,Setor Público,8,90,0,0
4912,101,2026-01-19T00:00:00.000000000,GO,31,28,Pleno,9061.51,Tecnologia,Híbrido,Iniciativa Privada,10,18,0,1
4913,203,2025-04-17T00:00:00.000000000,SP,118,33,Gestão,15998.69,Exatas,Presencial,ONG,9,54,1,0
4914,201,2025-04-13T00:00:00.000000000,MG,119,34,Sênior,10011.09,Exatas,EAD,Iniciativa Privada,5,45,0,0
4915,103,2025-05-21T00:00:00.000000000,SP,10,21,Júnior,1500.0,Tecnologia,EAD,Iniciativa Privada,9,3,1,0
4916,102,2026-07-31T00:00:00.000000000,SP,89,31,Gestão,15018.28,Tecnologia,Presencial,ONG,8,82,0,0
4917,403,2025-05-14T00:00:00.000000000,RJ,57,24,Sem vínculo,0.0,Biológicas,EAD,Desempregado,5,61,0,0
4918,204,2025-07-18T00:00:00.000000000,SP,110,36,Sênior,11400.85,Exatas,EAD,Iniciativa Privada,5,24,1,0
4919,203,2026-05-25T00:00:00.000000000,RS,80,29,Sênior,12631.41,Exatas,EAD,Iniciativa Privada,6,62,1,0
4920,301,2025-03-20T00:00:00.000000000,SP,59,30,Júnior,5596.8,Humanas,EAD,Autônomo/PJ,8,69,1,0
4921,401,2026-04-27T00:00:00.000000000,RJ,38,25,Júnior,3090.59,Biológicas,Presencial,Iniciativa Privada,10,12,0,0
4922,103,2026-05-27T00:00:00.000000000,MG,55,24,Sem vínculo,0.0,Tecnologia,Híbrido,Desempregado,7,85,1,0
4923,404,2025-09-07T00:00:00.000000000,MG,43,29,Sem vínculo,0.0,Biológicas,Presencial,Desempregado,9,3,1,0
4924,102,2026-04-28T00:00:00.000000000,SP,32,27,Pleno,6229.35,Tecnologia,Híbrido,Iniciativa Privada,8,1,1,0
4925,104,2025-06-21T00:00:00.000000000,RS,103,28,Sem vínculo,0.0,Tecnologia,Híbrido,Desempregado,7,66,0,0
4926,302,2025-01-17T00:00:00.000000000,MG,20,25,Júnior,4070.32,Humanas,Presencial,Iniciativa Privada,8,29,1,0
4927,401,2025-10-21T00:00:00.000000000,RJ,101,29,Gestão,16688.2,Biológicas,Híbrido,Setor Público,5,3,1,0
4928,104,2026-01-29T00:00:00.000000000,SP,66,28,Sênior,11656.25,Tecnologia,Híbrido,Iniciativa Privada,8,47,0,0
4929,202,2026-05-13T00:00:00.000000000,RJ,26,29,Júnior,3898.81,Exatas,EAD,ONG,8,42,0,0
4930,203,2025-08-07T00:00:00.000000000,SC,51,29,Sênior,12684.39,Exatas,EAD,Setor Público,10,92,1,0
4931,101,2025-08-22T00:00:00.000000000,MG,74,31,Pleno,5406.18,Tecnologia,Híbrido,Setor Público,8,44,1,0
4932,403,2026-01-25T00:00:00.000000000,SC,11,22,Sem vínculo,0.0,Biológicas,Presencial,Desempregado,8,96,0,0
4933,301,2025-09-05T00:00:00.000000000,RJ,43,23,Pleno,6287.36,Humanas,Híbrido,Iniciativa Privada,6,12,0,0
4934,404,2025-02-21T00:00:00.000000000,SP,67,27,Sênior,12700.61,Biológicas,EAD,Iniciativa Privada,9,46,1,1
4935,204,2025-01-15T00:00:00.000000000,SP,91,28,Sênior,10856.17,Exatas,EAD,ONG,6,95,0,0
4936,201,2025-11-20T00:00:00.000000000,SP,67,31,Sênior,10826.66,Exatas,Presencial,Autônomo/PJ,5,27,1,0
4937,201,2026-03-17T00:00:00.000000000,MG,87,28,Sem vínculo,0.0,Exatas,Presencial,Desempregado,5,36,1,0
4938,201,2025-04-22T00:00:00.000000000,PR,83,32,Sem vínculo,0.0,Exatas,Híbrido,Desempregado,7,27,1,0
4939,304,2025-01-07T00:00:00.000000000,SP,79,28,Gestão,15141.96,Humanas,Presencial,Iniciativa Privada,5,26,1,0
4940,102,2026-07-17T00:00:00.000000000,RJ,51,27,Pleno,6904.27,Tecnologia,Presencial,Iniciativa Privada,6,88,0,0
4941,203,2025-09-02T00:00:00.000000000,RJ,18,22,Júnior,3981.32,Exatas,EAD,Iniciativa Privada,5,29,1,0
4942,403,2026-03-24T00:00:00.000000000,RJ,100,30,Sênior,10554.66,Biológicas,Presencial,Setor Público,7,5,0,0
4943,304,2025-12-31T00:00:00.000000000,SP,99,28,Sênior,8807.52,Humanas,Presencial,Iniciativa Privada,7,93,1,0
4944,103,2026-01-02T00:00:00.000000000,SP,8,22,Júnior,3453.57,Tecnologia,Presencial,Autônomo/PJ,6,8,0,0
4945,401,2025-10-14T00:00:00.000000000,SP,99,30,Gestão,19951.36,Biológicas,Presencial,Iniciativa Privada,10,5,0,1
4946,202,2025-04-16T00:00:00.000000000,SP,11,24,Júnior,4485.7,Exatas,Presencial,Iniciativa Privada,5,28,1,0
4947,303,2025-01-13T00:00:00.000000000,SP,98,29,Gestão,16879.91,Humanas,Presencial,Iniciativa Privada,9,86,1,1
4948,102,2025-05-26T00:00:00.000000000,SP,13,28,Júnior,3798.02,Tecnologia,EAD,Iniciativa Privada,7,69,0,0
4949,201,2026-04-23T00:00:00.000000000,MG,49,27,Pleno,6154.45,Exatas,EAD,Setor Público,10,85,0,1
4950,403,2025-04-25T00:00:00.000000000,SP,114,32,Gestão,15289.79,Biológicas,Presencial,Iniciativa Privada,10,65,1,1
4951,104,2026-05-24T00:00:00.000000000,BA,112,33,Pleno,6283.56,Tecnologia,Presencial,Iniciativa Privada,5,94,1,0
4952,102,2025-06-01T00:00:00.000000000,SP,113,35,Sênior,11037.81,Tecnologia,EAD,Iniciativa Privada,5,52,1,0
4953,201,2025-02-26T00:00:00.000000000,SP,38,28,Pleno,5999.26,Exatas,Presencial,Autônomo/PJ,9,69,1,0
4954,102,2026-01-17T00:00:00.000000000,SP,86,33,Sênior,10715.93,Tecnologia,Presencial,Autônomo/PJ,10,4,0,0
4955,303,2025-06-06T00:00:00.000000000,SP,117,32,Gestão,16519.4,Humanas,Presencial,Iniciativa Privada,6,19,0,0
4956,103,2025-05-13T00:00:00.000000000,SC,80,28,Sênior,9892.85,Tecnologia,Presencial,Autônomo/PJ,6,11,1,0
4957,104,2025-06-12T00:00:00.000000000,SP,82,30,Gestão,15770.93,Tecnologia,EAD,Iniciativa Privada,5,7,1,0
4958,401,2025-10-02T00:00:00.000000000,GO,55,24,Pleno,7658.36,Biológicas,EAD,Iniciativa Privada,8,57,1,0
4959,201,2025-03-18T00:00:00.000000000,RS,16,22,Júnior,4698.58,Exatas,Presencial,Setor Público,8,48,0,0
4960,104,2025-02-13T00:00:00.000000000,RJ,100,29,Sênior,12982.77,Tecnologia,Presencial,Iniciativa Privada,4,63,1,0
4961,204,2026-07-04T00:00:00.000000000,RJ,33,29,Pleno,4382.37,Exatas,Híbrido,Autônomo/PJ,4,49,1,0
4962,101,2025-11-14T00:00:00.000000000,MG,113,30,Pleno,4453.84,Tecnologia,Presencial,Iniciativa Privada,4,96,1,0
4963,102,2026-06-18T00:00:00.000000000,SP,75,28,Sem vínculo,0.0,Tecnologia,Presencial,Desempregado,6,38,1,0
4964,302,2025-06-03T00:00:00.000000000,MG,46,23,Pleno,7014.63,Humanas,Híbrido,Iniciativa Privada,5,39,0,0
4965,304,2025-08-25T00:00:00.000000000,SP,21,25,Júnior,3286.69,Humanas,Presencial,Setor Público,9,30,0,0
4966,402,2026-06-01T00:00:00.000000000,SP,73,30,Sem vínculo,0.0,Biológicas,EAD,Desempregado,9,2,1,0
4967,301,2025-08-09T00:00:00.000000000,RJ,104,29,Sênior,12477.27,Humanas,Presencial,Iniciativa Privada,7,82,0,1
4968,403,2025-11-06T00:00:00.000000000,RJ,53,24,Pleno,6134.39,Biológicas,Presencial,Iniciativa Privada,5,71,0,0
4969,403,2025-06-26T00:00:00.000000000,RS,61,25,Gestão,16820.68,Biológicas,EAD,Iniciativa Privada,5,29,0,0
4970,302,2025-08-08T00:00:00.000000000,SP,69,25,Gestão,15257.49,Humanas,Presencial,Setor Público,4,94,1,0
4971,404,2025-02-07T00:00:00.000000000,SC,64,28,Sênior,10323.45,Biológicas,Presencial,Iniciativa Privada,5,28,0,0
4972,304,2026-03-07T00:00:00.000000000,SP,95,30,Sênior,11664.7,Humanas,Híbrido,Iniciativa Privada,9,69,0,1
4973,104,2025-07-22T00:00:00.000000000,SP,67,26,Sênior,12499.26,Tecnologia,Presencial,Setor Público,4,55,0,0
4974,104,2026-03-24T00:00:00.000000000,SP,81,26,Gestão,19263.66,Tecnologia,EAD,Iniciativa Privada,5,65,0,0
4975,104,2026-05-10T00:00:00.000000000,RJ,16,26,Júnior,3457.95,Tecnologia,Presencial,Setor Público,7,86,1,0
4976,402,2025-05-05T00:00:00.000000000,SP,106,28,Sênior,11253.19,Biológicas,Híbrido,Iniciativa Privada,8,62,1,0
4977,303,2025-03-06T00:00:00.000000000,RJ,94,31,Gestão,17619.39,Humanas,Híbrido,Iniciativa Privada,8,29,1,1
4978,303,2025-09-01T00:00:00.000000000,SC,23,25,Pleno,7660.29,Humanas,Presencial,Setor Público,6,52,0,0
4979,102,2026-06-11T00:00:00.000000000,RJ,24,23,Pleno,5984.05,Tecnologia,EAD,Setor Público,7,45,1,0
4980,204,2025-08-14T00:00:00.000000000,RJ,92,32,Gestão,17136.73,Exatas,EAD,Iniciativa Privada,9,8,1,0
4981,102,2026-04-10T00:00:00.000000000,SC,60,25,Pleno,6421.15,Tecnologia,Presencial,Iniciativa Privada,5,6,0,0
4982,403,2025-10-20T00:00:00.000000000,PR,107,34,Gestão,15474.46,Biológicas,EAD,Iniciativa Privada,7,62,0,1
4983,401,2026-01-16T00:00:00.000000000,RJ,87,32,Pleno,6195.3,Biológicas,Híbrido,Iniciativa Privada,5,46,1,0
4984,302,2025-06-15T00:00:00.000000000,SP,31,29,Pleno,4870.54,Humanas,Presencial,Iniciativa Privada,7,43,1,0
4985,104,2025-08-06T00:00:00.000000000,RS,11,21,Júnior,2832.17,Tecnologia,EAD,Iniciativa Privada,7,48,0,0
4986,103,2025-10-02T00:00:00.000000000,MG,9,24,Júnior,1890.37,Tecnologia,Presencial,Setor Público,8,78,0,0
4987,103,2025-02-21T00:00:00.000000000,SP,113,35,Gestão,14489.67,Tecnologia,EAD,Setor Público,7,78,0,0
4988,103,2026-01-09T00:00:00.000000000,SP,34,26,Pleno,6519.32,Tecnologia,Presencial,Iniciativa Privada,6,84,1,0
4989,403,2025-12-29T00:00:00.000000000,SC,64,28,Gestão,16514.82,Biológicas,Presencial,Iniciativa Privada,5,61,1,0
4990,104,2026-07-21T00:00:00.000000000,SP,103,29,Pleno,4831.99,Tecnologia,Presencial,Iniciativa Privada,4,58,1,0
4991,201,2025-01-14T00:00:00.000000000,BA,22,22,Pleno,3854.15,Exatas,Presencial,Iniciativa Privada,7,77,1,0
4992,203,2025-12-06T00:00:00.000000000,SP,112,29,Sem vínculo,0.0,Exatas,EAD,Desempregado,4,74,1,0
4993,202,2026-06-23T00:00:00.000000000,PR,48,24,Pleno,5501.11,Exatas,Presencial,Setor Público,8,74,0,0
4994,101,2025-03-30T00:00:00.000000000,SP,85,30,Gestão,18266.49,Tecnologia,Presencial,Autônomo/PJ,4,83,0,0
4995,403,2025-02-10T00:00:00.000000000,RJ,71,31,Sênior,10563.04,Biológicas,Presencial,Autônomo/PJ,6,12,0,0
4996,201,2025-10-31T00:00:00.000000000,RS,39,30,Sênior,8304.48,Exatas,Presencial,Iniciativa Privada,6,29,1,0
4997,302,2025-09-25T00:00:00.000000000,RJ,13,23,Júnior,4251.63,Humanas,EAD,Iniciativa Privada,8,83,1,0
4998,103,2025-05-18T00:00:00.000000000,RJ,18,26,Júnior,2392.58,Tecnologia,Presencial,Setor Público,9,42,1,0
4999,402,2025-01-06T00:00:00.000000000,SP,111,31,Sênior,10432.76,Biológicas,EAD,Iniciativa Privada,6,50,0,0
5000,104,2025-08-30T00:00:00.000000000,SP,13,23,Júnior,1804.52,Tecnologia,Presencial,Setor Público,5,7,1,0
5001,303,2025-06-11T00:00:00.000000000,SP,99,29,Gestão,15277.89,Humanas,EAD,Autônomo/PJ,9,36,1,0
5002,203,2026-06-02T00:00:00.000000000,MG,101,33,Sênior,10944.25,Exatas,Presencial,Autônomo/PJ,6,96,1,0
5003,103,2026-02-05T00:00:00.000000000,SP,105,29,Gestão,16229.79,Tecnologia,EAD,Iniciativa Privada,9,89,0,0
5004,103,2025-06-05T00:00:00.000000000,SP,116,36,Sênior,12101.65,Tecnologia,Presencial,Iniciativa Privada,7,63,0,0
5005,404,2025-03-26T00:00:00.000000000,RJ,99,33,Sênior,10712.36,Biológicas,Presencial,Setor Público,10,38,0,1
5006,103,2025-01-10T00:00:00.000000000,MG,70,29,Gestão,18024.74,Tecnologia,EAD,Autônomo/PJ,6,7,1,0
5007,301,2025-05-18T00:00:00.000000000,PR,48,25,Pleno,6868.26,Humanas,EAD,Autônomo/PJ,9,61,1,0
5008,303,2025-06-05T00:00:00.000000000,SP,44,24,Sem vínculo,0.0,Humanas,Presencial,Desempregado,5,81,0,0
5009,104,2026-02-12T00:00:00.000000000,SP,86,28,Sênior,13333.12,Tecnologia,Híbrido,Iniciativa Privada,8,38,1,0
5010,103,2025-08-13T00:00:00.000000000,GO,64,31,Gestão,16837.55,Tecnologia,EAD,Iniciativa Privada,6,13,1,0
5011,101,2025-07-03T00:00:00.000000000,SP,89,30,Gestão,19193.45,Tecnologia,Presencial,Iniciativa Privada,5,51,0,0
5012,204,2025-07-14T00:00:00.000000000,RS,93,28,Gestão,15791.06,Exatas,Presencial,Iniciativa Privada,7,81,0,0
5013,204,2026-07-08T00:00:00.000000000,RS,119,36,Sem vínculo,0.0,Exatas,Presencial,Desempregado,10,56,0,0
5014,401,2026-01-31T00:00:00.000000000,PR,91,27,Sem vínculo,0.0,Biológicas,Presencial,Desempregado,4,20,1,0
5015,301,2025-05-14T00:00:00.000000000,SP,98,28,Sênior,9249.8,Humanas,Presencial,Iniciativa Privada,4,22,0,0
5016,401,2025-11-05T00:00:00.000000000,SC,91,32,Gestão,15988.2,Biológicas,Presencial,Iniciativa Privada,8,3,0,0
5017,101,2026-06-26T00:00:00.000000000,PR,49,28,Pleno,6698.58,Tecnologia,Presencial,Iniciativa Privada,8,73,0,0
5018,301,2025-01-09T00:00:00.000000000,MG,14,24,Júnior,2958.55,Humanas,Presencial,Autônomo/PJ,4,42,1,0
5019,104,2025-06-19T00:00:00.000000000,SP,42,29,Pleno,4382.36,Tecnologia,Presencial,Iniciativa Privada,4,10,0,0
5020,104,2025-10-17T00:00:00.000000000,SP,79,31,Gestão,18595.22,Tecnologia,Presencial,Iniciativa Privada,8,83,0,0
5021,303,2025-06-17T00:00:00.000000000,SP,41,23,Pleno,6691.83,Humanas,Presencial,Iniciativa Privada,4,18,1,0
5022,303,2025-12-10T00:00:00.000000000,RJ,106,31,Gestão,17416.41,Humanas,EAD,Iniciativa Privada,6,64,1,1
5023,202,2026-05-12T00:00:00.000000000,MG,97,31,Sem vínculo,0.0,Exatas,Presencial,Desempregado,9,94,1,0
5024,303,2025-05-25T00:00:00.000000000,SP,33,26,Pleno,7470.29,Humanas,EAD,Iniciativa Privada,10,1,1,0
5025,203,2026-02-17T00:00:00.000000000,RJ,47,30,Sênior,11920.54,Exatas,Híbrido,Iniciativa Privada,10,48,1,0
5026,401,2026-04-02T00:00:00.000000000,SP,48,27,Pleno,7247.3,Biológicas,Presencial,Iniciativa Privada,5,68,0,0
5027,101,2025-10-29T00:00:00.000000000,MG,90,28,Gestão,15659.82,Tecnologia,Presencial,Iniciativa Privada,9,33,1,0
5028,103,2025-02-15T00:00:00.000000000,GO,93,30,Sênior,10502.43,Tecnologia,EAD,Setor Público,8,3,1,0
5029,302,2025-01-17T00:00:00.000000000,SP,47,27,Sênior,12252.78,Humanas,Presencial,Iniciativa Privada,5,90,0,0
5030,301,2026-08-01T00:00:00.000000000,SP,109,34,Sênior,12496.93,Humanas,Presencial,Iniciativa Privada,7,38,0,0
5031,203,2025-12-26T00:00:00.000000000,SP,71,29,Sênior,11754.68,Exatas,Presencial,Autônomo/PJ,7,48,0,0
5032,303,2025-09-18T00:00:00.000000000,MG,60,31,Gestão,18338.21,Humanas,Presencial,Iniciativa Privada,6,2,1,0
5033,404,2025-05-03T00:00:00.000000000,PR,77,30,Sênior,12161.66,Biológicas,Presencial,Setor Público,7,25,0,0
5034,302,2025-08-19T00:00:00.000000000,GO,53,24,Pleno,6956.93,Humanas,Híbrido,Iniciativa Privada,8,40,1,0
5035,304,2025-04-22T00:00:00.000000000,SP,96,29,Pleno,6896.94,Humanas,Presencial,Iniciativa Privada,6,64,0,0
5036,302,2025-09-03T00:00:00.000000000,BA,27,29,Pleno,6265.54,Humanas,EAD,Setor Público,9,15,0,0
5037,401,2026-01-26T00:00:00.000000000,SP,106,28,Gestão,18437.59,Biológicas,Presencial,Autônomo/PJ,6,57,1,0
5038,102,2026-01-27T00:00:00.000000000,MG,32,27,Pleno,5252.12,Tecnologia,Presencial,Setor Público,10,34,1,0
5039,303,2025-11-24T00:00:00.000000000,SP,98,30,Sênior,11403.26,Humanas,Presencial,Iniciativa Privada,8,82,1,1
5040,203,2025-08-03T00:00:00.000000000,RS,72,31,Sênior,11810.61,Exatas,Híbrido,Iniciativa Privada,4,15,0,0
5041,102,2026-01-02T00:00:00.000000000,RJ,113,30,Sênior,11779.1,Tecnologia,Presencial,Iniciativa Privada,10,32,0,0
5042,202,2025-03-23T00:00:00.000000000,MG,18,24,Júnior,2588.14,Exatas,Presencial,Iniciativa Privada,5,30,0,0
5043,102,2025-03-17T00:00:00.000000000,SC,50,28,Sênior,10435.03,Tecnologia,Presencial,Setor Público,8,21,1,0
5044,104,2026-06-11T00:00:00.000000000,SP,15,23,Júnior,1500.0,Tecnologia,Presencial,Iniciativa Privada,10,60,1,0
5045,402,2026-05-18T00:00:00.000000000,SP,105,29,Gestão,15205.16,Biológicas,Presencial,Iniciativa Privada,4,83,0,0
5046,101,2026-04-24T00:00:00.000000000,RS,14,21,Júnior,1500.0,Tecnologia,EAD,Setor Público,4,63,0,0
5047,204,2026-01-07T00:00:00.000000000,SP,59,28,Pleno,5867.5,Exatas,Presencial,Iniciativa Privada,7,69,1,0
5048,104,2025-09-22T00:00:00.000000000,SP,32,27,Pleno,6251.46,Tecnologia,Presencial,Setor Público,9,34,1,0
5049,202,2025-09-21T00:00:00.000000000,RJ,39,23,Pleno,5681.46,Exatas,EAD,Iniciativa Privada,10,38,0,0
5050,101,2025-04-20T00:00:00.000000000,MG,6,21,Júnior,3763.5,Tecnologia,EAD,Iniciativa Privada,10,2,1,0
5051,204,2025-11-03T00:00:00.000000000,SP,37,24,Sem vínculo,0.0,Exatas,Presencial,Desempregado,6,95,1,0
5052,403,2025-07-19T00:00:00.000000000,SP,94,32,Sênior,12348.7,Biológicas,EAD,Iniciativa Privada,6,12,0,0
5053,204,2025-08-14T00:00:00.000000000,SP,98,30,Pleno,7121.4,Exatas,Presencial,Iniciativa Privada,7,13,1,0
5054,202,2025-07-04T00:00:00.000000000,RJ,76,31,Sênior,12498.61,Exatas,EAD,Setor Público,7,40,1,0
5055,201,2025-01-31T00:00:00.000000000,RS,118,32,Sem vínculo,0.0,Exatas,Presencial,Desempregado,6,7,1,0
5056,102,2025-04-09T00:00:00.000000000,BA,72,26,Sem vínculo,0.0,Tecnologia,EAD,Desempregado,8,18,1,0
5057,203,2025-12-05T00:00:00.000000000,MG,89,29,Sênior,11316.04,Exatas,EAD,Setor Público,8,13,1,0
5058,103,2025-09-23T00:00:00.000000000,SP,25,26,Pleno,5093.84,Tecnologia,Presencial,Iniciativa Privada,8,74,1,0
5059,203,2025-12-16T00:00:00.000000000,GO,99,34,Sem vínculo,0.0,Exatas,Presencial,Desempregado,8,49,1,0
5060,402,2026-06-28T00:00:00.000000000,RJ,40,26,Pleno,4067.69,Biológicas,Presencial,Setor Público,7,98,1,0
5061,204,2026-04-02T00:00:00.000000000,SP,104,30,Pleno,8417.93,Exatas,Presencial,Iniciativa Privada,5,60,1,0
5062,302,2025-03-29T00:00:00.000000000,GO,118,35,Sênior,10053.27,Humanas,EAD,Autônomo/PJ,5,35,0,0
5063,101,2025-03-04T00:00:00.000000000,PR,108,35,Sênior,13024.13,Tecnologia,Presencial,Iniciativa Privada,6,66,0,0
5064,404,2026-01-22T00:00:00.000000000,PR,96,28,Pleno,5659.23,Biológicas,Presencial,Iniciativa Privada,5,88,0,0
5065,203,2026-04-04T00:00:00.000000000,PR,95,28,Gestão,16598.2,Exatas,EAD,Autônomo/PJ,8,76,1,0
5066,402,2025-09-26T00:00:00.000000000,SP,83,30,Gestão,16613.58,Biológicas,Híbrido,Iniciativa Privada,7,79,1,0
5067,103,2025-12-12T00:00:00.000000000,SP,22,26,Pleno,7410.75,Tecnologia,Presencial,Iniciativa Privada,8,91,0,0
5068,403,2025-03-19T00:00:00.000000000,MG,23,21,Júnior,1759.43,Biológicas,EAD,Iniciativa Privada,4,44,1,0
5069,301,2025-12-31T00:00:00.000000000,SP,50,27,Pleno,9137.66,Humanas,Presencial,Setor Público,7,90,0,1
5070,104,2025-01-14T00:00:00.000000000,RJ,98,35,Sênior,10198.03,Tecnologia,EAD,Iniciativa Privada,4,73,1,0
5071,401,2025-05-16T00:00:00.000000000,PR,89,33,Sênior,12089.61,Biológicas,Híbrido,Iniciativa Privada,4,81,0,0
5072,101,2025-10-31T00:00:00.000000000,PR,58,27,Júnior,2555.15,Tecnologia,EAD,Setor Público,10,71,1,0
5073,301,2026-02-01T00:00:00.000000000,RJ,96,34,Sênior,9151.6,Humanas,Híbrido,ONG,6,6,1,0
5074,403,2025-03-20T00:00:00.000000000,PR,87,28,Gestão,16802.87,Biológicas,Presencial,Iniciativa Privada,4,21,0,0
5075,101,2026-02-22T00:00:00.000000000,SC,73,33,Sênior,10332.41,Tecnologia,Presencial,Autônomo/PJ,10,8,1,0
5076,101,2025-08-30T00:00:00.000000000,MG,70,26,Sênior,10570.33,Tecnologia,Presencial,Autônomo/PJ,5,59,0,0
5077,204,2025-02-20T00:00:00.000000000,SP,119,33,Sênior,12864.12,Exatas,EAD,Setor Público,5,41,0,0
5078,304,2026-01-19T00:00:00.000000000,SP,6,25,Júnior,4518.95,Humanas,EAD,Iniciativa Privada,4,58,1,0
5079,401,2026-01-10T00:00:00.000000000,SP,63,29,Sênior,10014.06,Biológicas,Presencial,ONG,6,39,0,0
5080,304,2025-07-25T00:00:00.000000000,SP,31,23,Pleno,5946.38,Humanas,Presencial,Iniciativa Privada,4,28,1,0
5081,204,2026-05-04T00:00:00.000000000,SP,114,30,Gestão,17346.9,Exatas,EAD,Iniciativa Privada,10,54,0,0
5082,401,2026-01-16T00:00:00.000000000,SP,25,25,Pleno,6069.74,Biológicas,Presencial,Iniciativa Privada,7,63,0,0
5083,403,2025-11-07T00:00:00.000000000,RJ,92,28,Sênior,11111.94,Biológicas,EAD,Autônomo/PJ,7,100,1,1
5084,101,2026-01-10T00:00:00.000000000,GO,15,28,Júnior,3951.24,Tecnologia,EAD,Iniciativa Privada,7,41,1,0
5085,104,2025-02-11T00:00:00.000000000,SP,64,32,Pleno,6468.29,Tecnologia,Presencial,Iniciativa Privada,7,28,0,0
5086,203,2026-06-17T00:00:00.000000000,PR,80,28,Sênior,11468.3,Exatas,Presencial,Setor Público,4,91,0,0
5087,402,2026-06-06T00:00:00.000000000,MG,46,29,Pleno,5300.93,Biológicas,Híbrido,ONG,8,20,1,0
5088,103,2025-06-02T00:00:00.000000000,SP,110,29,Sênior,11197.74,Tecnologia,Presencial,Setor Público,8,96,0,0
5089,404,2025-11-08T00:00:00.000000000,GO,10,21,Júnior,3548.91,Biológicas,Presencial,Iniciativa Privada,9,62,1,0
5090,403,2025-10-21T00:00:00.000000000,MG,70,29,Pleno,6518.58,Biológicas,Presencial,Iniciativa Privada,7,62,1,0
5091,101,2025-04-23T00:00:00.000000000,SP,22,26,Júnior,4616.16,Tecnologia,Presencial,Setor Público,10,89,0,0
5092,202,2025-04-22T00:00:00.000000000,PR,27,28,Pleno,6516.06,Exatas,Presencial,Iniciativa Privada,10,37,1,0
5093,102,2025-06-24T00:00:00.000000000,SP,103,34,Sênior,12666.03,Tecnologia,EAD,Setor Público,9,78,1,0
5094,202,2025-10-29T00:00:00.000000000,MG,114,34,Sênior,12079.83,Exatas,Híbrido,Iniciativa Privada,9,65,1,0
5095,204,2026-05-31T00:00:00.000000000,SP,46,28,Sem vínculo,0.0,Exatas,Presencial,Desempregado,6,11,1,0
5096,304,2025-08-09T00:00:00.000000000,SC,98,34,Sênior,9793.13,Humanas,EAD,Iniciativa Privada,6,32,1,0
5097,202,2025-06-20T00:00:00.000000000,RJ,73,28,Sênior,11099.52,Exatas,Presencial,Iniciativa Privada,4,78,1,0
5098,403,2025-11-14T00:00:00.000000000,MG,74,30,Gestão,19103.07,Biológicas,Presencial,ONG,8,0,1,0
5099,102,2025-08-01T00:00:00.000000000,SP,16,23,Júnior,4305.18,Tecnologia,Presencial,Iniciativa Privada,10,96,0,0
5100,203,2025-09-10T00:00:00.000000000,MG,61,26,Gestão,17195.17,Exatas,Híbrido,Iniciativa Privada,10,67,0,0
5101,403,2025-05-04T00:00:00.000000000,PR,56,24,Pleno,7045.78,Biológicas,Híbrido,Autônomo/PJ,4,27,1,0
5102,204,2025-08-01T00:00:00.000000000,RJ,26,27,Pleno,4822.68,Exatas,Presencial,Iniciativa Privada,5,61,0,0
5103,203,2025-03-26T00:00:00.000000000,MG,104,35,Sênior,10084.06,Exatas,Presencial,Iniciativa Privada,10,77,0,0
5104,302,2026-05-31T00:00:00.000000000,RJ,81,30,Gestão,15411.61,Humanas,Híbrido,Iniciativa Privada,10,58,1,1
5105,404,2025-03-06T00:00:00.000000000,RS,31,27,Sênior,11967.5,Biológicas,Presencial,Iniciativa Privada,7,48,1,1
5106,201,2025-11-14T00:00:00.000000000,RJ,24,24,Pleno,8607.09,Exatas,EAD,Iniciativa Privada,5,44,0,0
5107,201,2025-12-12T00:00:00.000000000,SC,114,32,Gestão,17687.31,Exatas,Presencial,Autônomo/PJ,5,75,0,0
5108,404,2025-08-31T00:00:00.000000000,SC,65,26,Sênior,11236.09,Biológicas,EAD,Setor Público,9,5,1,0
5109,102,2025-05-17T00:00:00.000000000,RJ,76,26,Sênior,11701.53,Tecnologia,Presencial,Iniciativa Privada,10,19,0,0
5110,201,2025-09-04T00:00:00.000000000,SP,52,25,Pleno,4938.23,Exatas,Presencial,Iniciativa Privada,6,84,0,0
5111,301,2026-03-17T00:00:00.000000000,RJ,76,29,Sem vínculo,0.0,Humanas,EAD,Desempregado,10,15,0,0
5112,103,2025-02-14T00:00:00.000000000,SC,31,22,Sem vínculo,0.0,Tecnologia,Presencial,Desempregado,8,11,0,0
5113,203,2026-07-08T00:00:00.000000000,SP,45,26,Pleno,7141.1,Exatas,Presencial,Iniciativa Privada,9,51,1,0
5114,102,2025-03-30T00:00:00.000000000,RJ,10,21,Júnior,1945.93,Tecnologia,Presencial,Autônomo/PJ,9,19,0,0
5115,404,2025-08-16T00:00:00.000000000,SC,26,24,Pleno,4627.08,Biológicas,Presencial,Autônomo/PJ,7,57,0,0
5116,402,2025-10-18T00:00:00.000000000,SP,83,32,Pleno,5125.81,Biológicas,Presencial,Iniciativa Privada,4,44,0,0
5117,104,2026-02-26T00:00:00.000000000,MG,9,21,Júnior,3744.6,Tecnologia,Presencial,Iniciativa Privada,7,96,1,0
5118,101,2025-03-08T00:00:00.000000000,SP,28,23,Pleno,6746.45,Tecnologia,Presencial,Iniciativa Privada,4,1,1,0
5119,303,2025-09-08T00:00:00.000000000,SP,111,30,Sênior,12147.74,Humanas,Híbrido,Autônomo/PJ,4,33,1,0
5120,202,2025-02-10T00:00:00.000000000,PR,89,31,Pleno,4809.33,Exatas,Presencial,Autônomo/PJ,8,25,1,0
5121,202,2025-04-09T00:00:00.000000000,SP,20,24,Pleno,7024.95,Exatas,Presencial,Setor Público,5,32,1,0
5122,104,2025-11-02T00:00:00.000000000,SP,119,36,Gestão,19477.61,Tecnologia,EAD,Iniciativa Privada,4,41,0,0
5123,104,2026-04-01T00:00:00.000000000,RS,114,32,Gestão,16752.0,Tecnologia,EAD,Setor Público,8,93,0,0
5124,102,2025-10-28T00:00:00.000000000,SP,98,33,Sênior,11442.05,Tecnologia,Presencial,Autônomo/PJ,5,64,1,0
5125,104,2025-07-18T00:00:00.000000000,BA,13,24,Júnior,2640.11,Tecnologia,Presencial,ONG,9,7,1,0
5126,202,2026-05-03T00:00:00.000000000,BA,46,28,Pleno,7939.21,Exatas,Presencial,Iniciativa Privada,9,64,0,0
5127,302,2025-04-16T00:00:00.000000000,SP,117,33,Sênior,12117.66,Humanas,Presencial,Setor Público,5,9,1,0
5128,202,2026-02-05T00:00:00.000000000,SP,24,24,Pleno,6687.62,Exatas,Híbrido,Iniciativa Privada,7,31,1,0
5129,301,2026-04-22T00:00:00.000000000,PR,117,34,Gestão,17306.6,Humanas,EAD,Autônomo/PJ,7,50,1,1
5130,204,2025-05-02T00:00:00.000000000,RJ,108,30,Sênior,12298.3,Exatas,EAD,Setor Público,10,56,0,0
5131,103,2025-03-18T00:00:00.000000000,SP,51,26,Pleno,6909.88,Tecnologia,Presencial,Iniciativa Privada,7,39,1,0
5132,103,2025-11-08T00:00:00.000000000,PR,33,28,Pleno,5382.28,Tecnologia,EAD,Autônomo/PJ,10,65,1,0
5133,204,2025-04-22T00:00:00.000000000,SP,115,33,Gestão,16688.33,Exatas,Presencial,Iniciativa Privada,10,30,0,0
5134,302,2026-06-02T00:00:00.000000000,RS,96,31,Sênior,12466.62,Humanas,Presencial,Autônomo/PJ,6,62,1,0
5135,303,2025-07-16T00:00:00.000000000,SP,73,31,Gestão,16155.82,Humanas,Presencial,Iniciativa Privada,5,67,0,0
5136,203,2025-04-08T00:00:00.000000000,SP,20,28,Júnior,2321.61,Exatas,Híbrido,Setor Público,6,55,0,0
5137,304,2026-04-04T00:00:00.000000000,SP,104,29,Sem vínculo,0.0,Humanas,EAD,Desempregado,7,11,1,0
5138,103,2025-08-18T00:00:00.000000000,BA,42,23,Pleno,6157.33,Tecnologia,Presencial,Iniciativa Privada,8,30,1,0
5139,402,2025-06-17T00:00:00.000000000,MG,6,26,Júnior,1692.34,Biológicas,Presencial,Iniciativa Privada,7,22,1,0
5140,404,2025-01-08T00:00:00.000000000,SC,72,26,Sênior,13038.61,Biológicas,Presencial,Iniciativa Privada,4,32,1,0
5141,102,2025-06-21T00:00:00.000000000,SP,116,31,Gestão,17555.67,Tecnologia,EAD,Iniciativa Privada,8,7,1,0
5142,203,2025-12-26T00:00:00.000000000,SP,29,25,Pleno,4777.14,Exatas,EAD,Setor Público,10,61,1,1
5143,303,2025-07-14T00:00:00.000000000,SP,32,29,Pleno,7961.09,Humanas,Presencial,Autônomo/PJ,10,79,1,1
5144,202,2025-09-26T00:00:00.000000000,RJ,45,23,Sem vínculo,0.0,Exatas,Híbrido,Desempregado,8,14,0,0
5145,401,2025-01-19T00:00:00.000000000,MG,68,27,Pleno,7113.15,Biológicas,Híbrido,ONG,10,40,1,1
5146,303,2025-12-20T00:00:00.000000000,MG,66,29,Sênior,11061.34,Humanas,Híbrido,Iniciativa Privada,5,51,1,0
5147,301,2025-02-18T00:00:00.000000000,SP,41,25,Júnior,3010.16,Humanas,Presencial,Autônomo/PJ,6,25,1,0
5148,203,2026-04-09T00:00:00.000000000,GO,103,34,Sênior,12849.89,Exatas,Presencial,Autônomo/PJ,4,77,1,0
5149,101,2025-12-22T00:00:00.000000000,SP,98,35,Sênior,11867.18,Tecnologia,Presencial,Iniciativa Privada,8,11,0,0
5150,101,2025-06-07T00:00:00.000000000,BA,29,29,Pleno,6519.29,Tecnologia,Presencial,Iniciativa Privada,6,26,1,0
5151,101,2025-03-07T00:00:00.000000000,SP,29,24,Pleno,6797.68,Tecnologia,Híbrido,Iniciativa Privada,6,94,1,0
5152,102,2026-07-25T00:00:00.000000000,RJ,111,35,Gestão,16995.85,Tecnologia,Presencial,Autônomo/PJ,4,67,0,0
5153,401,2025-11-04T00:00:00.000000000,SP,9,22,Júnior,3527.0,Biológicas,EAD,Setor Público,4,29,0,0
5154,201,2025-12-03T00:00:00.000000000,RJ,72,33,Sênior,11791.91,Exatas,Presencial,Autônomo/PJ,7,3,1,0
5155,401,2025-05-01T00:00:00.000000000,MG,39,30,Pleno,6646.97,Biológicas,Presencial,Iniciativa Privada,10,53,0,1
5156,403,2026-02-08T00:00:00.000000000,RJ,62,26,Sem vínculo,0.0,Biológicas,Presencial,Desempregado,10,94,1,0
5157,401,2026-07-22T00:00:00.000000000,RJ,54,26,Sênior,9954.66,Biológicas,Presencial,Iniciativa Privada,7,33,0,0
5158,103,2025-04-06T00:00:00.000000000,PR,92,32,Gestão,18088.62,Tecnologia,Presencial,Setor Público,8,67,1,0
5159,201,2025-04-24T00:00:00.000000000,MG,58,26,Pleno,8057.61,Exatas,EAD,Iniciativa Privada,8,83,0,0
5160,101,2026-03-05T00:00:00.000000000,SC,28,29,Sênior,8712.82,Tecnologia,EAD,Iniciativa Privada,8,55,0,0
5161,402,2026-06-24T00:00:00.000000000,SP,114,30,Gestão,17086.8,Biológicas,Presencial,Autônomo/PJ,7,17,0,0
5162,403,2025-01-02T00:00:00.000000000,MG,74,27,Sem vínculo,0.0,Biológicas,Híbrido,Desempregado,8,46,1,0
5163,101,2025-07-31T00:00:00.000000000,MG,100,32,Sênior,12791.93,Tecnologia,Presencial,Iniciativa Privada,8,71,1,0
5164,103,2025-11-29T00:00:00.000000000,SP,58,30,Pleno,7289.48,Tecnologia,Presencial,Iniciativa Privada,7,59,1,0
5165,203,2025-01-24T00:00:00.000000000,RJ,67,28,Gestão,16934.28,Exatas,Presencial,Iniciativa Privada,7,58,1,0
5166,104,2026-01-03T00:00:00.000000000,SP,46,23,Júnior,3442.95,Tecnologia,Presencial,Iniciativa Privada,8,1,1,0
5167,402,2026-05-21T00:00:00.000000000,SP,62,25,Gestão,18437.98,Biológicas,Presencial,Iniciativa Privada,8,72,1,1
5168,402,2025-06-25T00:00:00.000000000,SP,65,27,Sênior,12051.13,Biológicas,EAD,Autônomo/PJ,6,15,0,0
5169,302,2026-03-05T00:00:00.000000000,SP,59,28,Sem vínculo,0.0,Humanas,Híbrido,Desempregado,5,85,0,0
5170,304,2026-03-18T00:00:00.000000000,MG,75,28,Gestão,18562.06,Humanas,Híbrido,Iniciativa Privada,7,57,0,1
5171,204,2026-07-02T00:00:00.000000000,MG,106,28,Sênior,9833.89,Exatas,EAD,Setor Público,5,11,0,0
5172,102,2026-05-29T00:00:00.000000000,BA,62,31,Gestão,16603.52,Tecnologia,EAD,Iniciativa Privada,10,4,0,0
5173,404,2025-12-27T00:00:00.000000000,PR,15,28,Pleno,5104.18,Biológicas,Presencial,Iniciativa Privada,7,38,0,0
5174,404,2025-10-01T00:00:00.000000000,SP,45,29,Pleno,7369.68,Biológicas,Presencial,Iniciativa Privada,9,14,1,0
5175,104,2025-06-26T00:00:00.000000000,RS,12,27,Júnior,1500.0,Tecnologia,EAD,Setor Público,10,71,1,1
5176,202,2025-09-21T00:00:00.000000000,RS,108,30,Sênior,10965.68,Exatas,Híbrido,Iniciativa Privada,10,87,1,0
5177,102,2025-07-05T00:00:00.000000000,RJ,43,30,Pleno,7771.21,Tecnologia,Presencial,Iniciativa Privada,6,18,1,0
5178,402,2026-06-11T00:00:00.000000000,MG,90,30,Sênior,12335.57,Biológicas,Presencial,Iniciativa Privada,10,100,1,1
5179,104,2025-10-06T00:00:00.000000000,BA,66,32,Sênior,13334.41,Tecnologia,Presencial,Iniciativa Privada,5,81,0,0
5180,302,2025-07-17T00:00:00.000000000,RJ,89,31,Gestão,16508.01,Humanas,Presencial,Iniciativa Privada,6,84,1,0
5181,204,2025-12-15T00:00:00.000000000,GO,8,21,Júnior,3242.28,Exatas,EAD,ONG,4,48,0,0
5182,401,2026-02-25T00:00:00.000000000,SP,56,27,Pleno,4704.84,Biológicas,Presencial,Autônomo/PJ,10,38,1,0
5183,204,2025-11-01T00:00:00.000000000,SP,91,31,Gestão,16733.83,Exatas,Presencial,ONG,5,77,0,0
5184,103,2025-03-05T00:00:00.000000000,RJ,52,28,Pleno,5917.63,Tecnologia,Presencial,Iniciativa Privada,5,14,0,0
5185,102,2025-10-17T00:00:00.000000000,MG,73,26,Sênior,11937.19,Tecnologia,EAD,Iniciativa Privada,9,54,0,0
5186,102,2025-01-18T00:00:00.000000000,SC,97,29,Gestão,15039.27,Tecnologia,Presencial,Iniciativa Privada,5,66,0,0
5187,303,2025-03-05T00:00:00.000000000,BA,81,30,Gestão,14617.27,Humanas,Híbrido,Iniciativa Privada,4,55,1,0
5188,304,2025-11-26T00:00:00.000000000,SP,43,28,Sênior,13054.02,Humanas,Presencial,Autônomo/PJ,10,44,1,1
5189,101,2025-01-17T00:00:00.000000000,SP,41,29,Pleno,7617.38,Tecnologia,Presencial,Iniciativa Privada,4,74,1,0
5190,203,2026-03-19T00:00:00.000000000,SC,116,33,Gestão,15265.66,Exatas,Presencial,Iniciativa Privada,10,56,1,0
5191,103,2025-05-21T00:00:00.000000000,MG,46,26,Pleno,5011.31,Tecnologia,Presencial,Setor Público,6,66,1,0
5192,404,2025-11-04T00:00:00.000000000,SP,74,26,Sênior,11933.11,Biológicas,Presencial,Iniciativa Privada,4,93,0,0
5193,102,2026-03-20T00:00:00.000000000,RJ,18,23,Sem vínculo,0.0,Tecnologia,Presencial,Desempregado,7,5,1,0
5194,404,2026-05-11T00:00:00.000000000,PR,92,33,Sênior,11477.58,Biológicas,EAD,Iniciativa Privada,8,69,0,1
5195,203,2026-03-02T00:00:00.000000000,PR,63,25,Gestão,19629.64,Exatas,Presencial,Setor Público,5,30,0,0
5196,203,2026-04-20T00:00:00.000000000,RJ,55,26,Júnior,4421.71,Exatas,Híbrido,Iniciativa Privada,10,21,1,0
5197,102,2025-09-02T00:00:00.000000000,SP,35,23,Sem vínculo,0.0,Tecnologia,Presencial,Desempregado,6,84,1,0
5198,102,2026-03-26T00:00:00.000000000,BA,67,26,Sênior,10235.57,Tecnologia,Presencial,Iniciativa Privada,6,37,0,0
5199,202,2025-12-17T00:00:00.000000000,MG,106,32,Sênior,8794.34,Exatas,Presencial,Setor Público,10,57,1,0
5200,204,2025-06-10T00:00:00.000000000,RJ,30,27,Pleno,6702.95,Exatas,Híbrido,Iniciativa Privada,6,69,0,0
5201,102,2025-05-20T00:00:00.000000000,SP,117,30,Sênior,11947.5,Tecnologia,Presencial,Autônomo/PJ,6,28,1,0
5202,403,2026-05-08T00:00:00.000000000,PR,32,29,Sênior,11507.67,Biológicas,Presencial,Iniciativa Privada,5,55,1,0
5203,203,2026-06-15T00:00:00.000000000,SP,56,28,Sênior,11093.33,Exatas,Presencial,Iniciativa Privada,6,10,1,0
5204,101,2026-01-28T00:00:00.000000000,SP,83,32,Sênior,12133.36,Tecnologia,EAD,ONG,5,47,0,0
5205,304,2026-02-05T00:00:00.000000000,RJ,62,25,Sem vínculo,0.0,Humanas,EAD,Desempregado,6,85,1,0
5206,401,2025-02-19T00:00:00.000000000,SP,117,30,Sênior,10081.85,Biológicas,Presencial,Iniciativa Privada,6,59,0,0
5207,103,2025-10-22T00:00:00.000000000,MG,52,31,Pleno,5870.98,Tecnologia,EAD,Autônomo/PJ,8,50,0,0
5208,301,2026-03-01T00:00:00.000000000,SP,105,28,Sênior,10732.15,Humanas,Presencial,Iniciativa Privada,10,38,0,1
5209,303,2025-01-12T00:00:00.000000000,MG,44,23,Pleno,6752.97,Humanas,Presencial,Autônomo/PJ,7,5,0,0
5210,401,2025-12-01T00:00:00.000000000,SP,21,26,Júnior,2812.08,Biológicas,EAD,Setor Público,4,29,0,0
5211,102,2025-01-15T00:00:00.000000000,SP,27,23,Sênior,12025.61,Tecnologia,Híbrido,Iniciativa Privada,4,88,0,0
5212,401,2025-01-28T00:00:00.000000000,SP,90,27,Gestão,16972.23,Biológicas,EAD,ONG,4,99,0,0
5213,102,2026-01-23T00:00:00.000000000,GO,59,29,Júnior,5570.89,Tecnologia,Presencial,Autônomo/PJ,7,0,1,0
5214,202,2025-10-19T00:00:00.000000000,RS,26,27,Pleno,5567.36,Exatas,Presencial,Iniciativa Privada,5,85,0,0
5215,204,2025-09-07T00:00:00.000000000,SP,77,27,Gestão,18081.7,Exatas,Híbrido,Autônomo/PJ,4,8,0,0
5216,102,2026-05-20T00:00:00.000000000,PR,118,34,Sênior,9200.0,Tecnologia,Presencial,Iniciativa Privada,4,44,1,0
5217,302,2025-04-08T00:00:00.000000000,MG,21,22,Júnior,4971.54,Humanas,EAD,Autônomo/PJ,4,7,1,0
5218,201,2025-12-03T00:00:00.000000000,BA,64,32,Gestão,16099.76,Exatas,EAD,Setor Público,10,33,0,0
5219,103,2025-02-08T00:00:00.000000000,SP,36,24,Pleno,7978.58,Tecnologia,EAD,Iniciativa Privada,5,79,0,0
5220,104,2025-02-07T00:00:00.000000000,MG,47,25,Pleno,7196.52,Tecnologia,Presencial,Setor Público,7,82,0,0
5221,102,2025-10-27T00:00:00.000000000,SP,79,26,Sênior,12675.4,Tecnologia,Presencial,Setor Público,7,7,1,0
5222,204,2025-06-28T00:00:00.000000000,SP,37,30,Sênior,11032.2,Exatas,Presencial,Setor Público,9,11,0,0
5223,201,2026-04-14T00:00:00.000000000,BA,64,28,Sênior,11833.61,Exatas,Híbrido,Iniciativa Privada,9,42,0,0
5224,202,2025-10-09T00:00:00.000000000,RJ,39,24,Pleno,4451.89,Exatas,Presencial,Iniciativa Privada,5,55,0,0
5225,101,2025-06-13T00:00:00.000000000,SP,14,21,Júnior,2493.81,Tecnologia,Presencial,Autônomo/PJ,10,30,0,0
5226,204,2026-03-29T00:00:00.000000000,SP,86,33,Sênior,10146.1,Exatas,EAD,Iniciativa Privada,8,41,0,0
5227,401,2025-04-07T00:00:00.000000000,PR,16,26,Júnior,5191.37,Biológicas,Presencial,Iniciativa Privada,6,32,0,0
5228,104,2025-11-05T00:00:00.000000000,MG,101,32,Sênior,12502.62,Tecnologia,Presencial,Setor Público,5,18,1,0
5229,101,2025-09-19T00:00:00.000000000,SP,15,22,Júnior,6457.46,Tecnologia,EAD,Iniciativa Privada,6,90,1,0
5230,204,2025-10-20T00:00:00.000000000,BA,91,32,Sênior,11513.52,Exatas,EAD,Setor Público,7,87,1,0
5231,203,2025-09-06T00:00:00.000000000,SP,22,26,Júnior,5214.85,Exatas,Presencial,Setor Público,6,91,1,0
5232,201,2025-09-02T00:00:00.000000000,SP,73,31,Sênior,11578.38,Exatas,Híbrido,Setor Público,9,54,1,0
5233,401,2025-09-08T00:00:00.000000000,GO,53,29,Júnior,1701.72,Biológicas,Presencial,Iniciativa Privada,4,3,0,0
5234,303,2025-05-03T00:00:00.000000000,SP,57,29,Sênior,10692.1,Humanas,EAD,Iniciativa Privada,6,11,0,0
5235,303,2025-11-21T00:00:00.000000000,SP,116,30,Sênior,12729.68,Humanas,Presencial,Iniciativa Privada,9,86,0,1
5236,201,2026-05-16T00:00:00.000000000,RJ,30,28,Júnior,3796.12,Exatas,Presencial,Autônomo/PJ,6,83,0,0
5237,103,2025-03-07T00:00:00.000000000,SC,26,25,Pleno,8669.82,Tecnologia,Presencial,Iniciativa Privada,7,27,1,0
5238,202,2025-02-28T00:00:00.000000000,SP,106,30,Sem vínculo,0.0,Exatas,Presencial,Desempregado,10,57,1,0
5239,404,2026-05-13T00:00:00.000000000,GO,107,33,Gestão,17189.57,Biológicas,Presencial,Setor Público,10,47,0,1
5240,404,2026-01-08T00:00:00.000000000,PR,118,34,Gestão,16002.88,Biológicas,Híbrido,ONG,8,0,0,0
5241,204,2025-09-23T00:00:00.000000000,SP,70,27,Sênior,12115.88,Exatas,EAD,Iniciativa Privada,6,74,1,0
5242,102,2025-08-24T00:00:00.000000000,PR,68,31,Gestão,16338.3,Tecnologia,EAD,Iniciativa Privada,10,43,1,0
5243,103,2025-08-06T00:00:00.000000000,SP,94,34,Sem vínculo,0.0,Tecnologia,Presencial,Desempregado,7,62,0,0
5244,103,2026-06-11T00:00:00.000000000,RJ,56,30,Sênior,10997.67,Tecnologia,Híbrido,Iniciativa Privada,4,94,0,0
5245,401,2026-03-17T00:00:00.000000000,PR,41,30,Pleno,8202.36,Biológicas,Híbrido,Iniciativa Privada,6,37,0,0
5246,103,2026-02-10T00:00:00.000000000,BA,86,28,Pleno,5129.64,Tecnologia,Presencial,Iniciativa Privada,6,8,1,0
5247,201,2026-04-14T00:00:00.000000000,SP,110,29,Sem vínculo,0.0,Exatas,Presencial,Desempregado,4,5,0,0
5248,402,2025-04-20T00:00:00.000000000,RJ,93,31,Sênior,11166.47,Biológicas,Presencial,Setor Público,9,69,1,0
5249,104,2025-12-19T00:00:00.000000000,RJ,71,29,Gestão,17029.56,Tecnologia,Presencial,Setor Público,10,51,1,0
5250,204,2025-04-01T00:00:00.000000000,SP,109,29,Gestão,15616.48,Exatas,Híbrido,Autônomo/PJ,9,66,1,0
5251,104,2026-02-18T00:00:00.000000000,SP,20,22,Júnior,3339.24,Tecnologia,Presencial,Iniciativa Privada,9,95,0,1
5252,203,2025-03-14T00:00:00.000000000,SP,101,32,Sênior,11935.51,Exatas,Presencial,Autônomo/PJ,5,98,1,0
5253,101,2026-07-01T00:00:00.000000000,MG,44,29,Júnior,3175.24,Tecnologia,EAD,Iniciativa Privada,8,15,1,0
5254,201,2025-10-25T00:00:00.000000000,RJ,75,28,Gestão,18320.34,Exatas,Presencial,Autônomo/PJ,4,1,0,0
5255,302,2025-10-10T00:00:00.000000000,SP,6,20,Júnior,3596.35,Humanas,Presencial,Iniciativa Privada,10,35,0,0
5256,303,2026-05-20T00:00:00.000000000,SC,116,35,Sênior,13947.82,Humanas,Presencial,Iniciativa Privada,9,70,1,1
5257,202,2025-07-17T00:00:00.000000000,SC,28,25,Pleno,8350.97,Exatas,Presencial,Iniciativa Privada,4,34,0,0
5258,401,2025-02-01T00:00:00.000000000,RJ,44,24,Pleno,6493.1,Biológicas,Presencial,Iniciativa Privada,4,29,1,0
5259,101,2025-12-07T00:00:00.000000000,SP,62,25,Gestão,16914.54,Tecnologia,EAD,Setor Público,5,44,1,0
5260,404,2025-11-30T00:00:00.000000000,MG,86,31,Sênior,12399.95,Biológicas,Presencial,Iniciativa Privada,4,45,0,0
5261,103,2025-05-23T00:00:00.000000000,SP,39,24,Sênior,8549.97,Tecnologia,Presencial,Iniciativa Privada,5,92,1,0
5262,201,2026-02-14T00:00:00.000000000,SP,46,25,Pleno,5612.18,Exatas,Presencial,Iniciativa Privada,8,64,0,0
5263,104,2025-02-13T00:00:00.000000000,PR,98,29,Sênior,10648.7,Tecnologia,Presencial,Setor Público,5,0,0,0
5264,103,2025-02-01T00:00:00.000000000,SP,78,27,Sênior,13730.46,Tecnologia,EAD,Iniciativa Privada,8,56,1,0
5265,402,2025-01-28T00:00:00.000000000,SP,18,23,Júnior,2794.01,Biológicas,Presencial,Setor Público,8,70,1,0
5266,103,2026-02-27T00:00:00.000000000,SP,75,31,Gestão,16296.47,Tecnologia,EAD,Iniciativa Privada,8,66,1,0
5267,103,2026-05-06T00:00:00.000000000,SP,11,22,Pleno,5645.46,Tecnologia,Presencial,Iniciativa Privada,7,99,1,0
5268,201,2025-06-09T00:00:00.000000000,SP,89,33,Gestão,16284.03,Exatas,EAD,Iniciativa Privada,8,30,0,0
5269,101,2025-07-26T00:00:00.000000000,BA,57,25,Sem vínculo,0.0,Tecnologia,EAD,Desempregado,5,24,1,0
5270,403,2025-01-18T00:00:00.000000000,SP,8,27,Júnior,2424.06,Biológicas,Presencial,Setor Público,7,46,0,0
5271,401,2025-04-13T00:00:00.000000000,SP,86,29,Pleno,6359.57,Biológicas,Híbrido,Iniciativa Privada,10,55,0,0
5272,101,2025-08-20T00:00:00.000000000,SP,68,30,Gestão,18356.32,Tecnologia,Presencial,Setor Público,10,87,1,0
5273,101,2026-02-28T00:00:00.000000000,GO,54,30,Pleno,6317.26,Tecnologia,Híbrido,Autônomo/PJ,4,0,0,0
5274,104,2026-07-01T00:00:00.000000000,RJ,81,33,Gestão,16176.35,Tecnologia,Presencial,Iniciativa Privada,10,94,0,0
5275,204,2025-08-27T00:00:00.000000000,SP,117,36,Sênior,11580.2,Exatas,Presencial,Autônomo/PJ,4,36,1,0
5276,103,2025-11-30T00:00:00.000000000,RS,52,24,Júnior,4544.82,Tecnologia,Presencial,Iniciativa Privada,6,74,1,0
5277,201,2025-05-29T00:00:00.000000000,SP,114,31,Sênior,11794.89,Exatas,EAD,Autônomo/PJ,8,66,0,0
5278,304,2026-02-12T00:00:00.000000000,SP,60,27,Sênior,11460.44,Humanas,EAD,Iniciativa Privada,10,11,1,1
5279,203,2025-01-17T00:00:00.000000000,SP,69,26,Sênior,10893.08,Exatas,Presencial,Iniciativa Privada,6,19,0,0
5280,101,2025-08-14T00:00:00.000000000,SP,70,31,Pleno,5687.68,Tecnologia,EAD,Iniciativa Privada,8,29,1,0
5281,202,2025-09-17T00:00:00.000000000,SP,86,27,Sem vínculo,0.0,Exatas,Híbrido,Desempregado,10,73,0,0
5282,301,2025-06-23T00:00:00.000000000,MG,72,29,Sênior,12649.49,Humanas,EAD,Autônomo/PJ,8,63,0,1
5283,201,2025-07-24T00:00:00.000000000,SP,95,30,Sênior,13171.48,Exatas,Presencial,Setor Público,10,78,1,0
5284,104,2026-02-19T00:00:00.000000000,MG,20,25,Júnior,6520.15,Tecnologia,Presencial,Iniciativa Privada,9,84,0,1
5285,203,2026-05-23T00:00:00.000000000,SP,105,30,Gestão,16313.39,Exatas,Presencial,Iniciativa Privada,5,63,0,0
5286,203,2025-06-02T00:00:00.000000000,SP,37,25,Pleno,6130.65,Exatas,Presencial,Iniciativa Privada,5,17,1,0
5287,104,2025-04-13T00:00:00.000000000,RJ,101,28,Gestão,16904.17,Tecnologia,Presencial,Iniciativa Privada,4,31,1,0
5288,401,2025-03-06T00:00:00.000000000,GO,73,31,Sênior,10352.92,Biológicas,Presencial,Iniciativa Privada,7,18,1,0
5289,302,2025-04-27T00:00:00.000000000,SP,23,24,Júnior,3457.17,Humanas,Híbrido,ONG,4,93,1,0
5290,301,2025-06-05T00:00:00.000000000,MG,118,33,Sênior,9753.71,Humanas,EAD,Setor Público,8,32,0,0
5291,401,2025-03-23T00:00:00.000000000,SP,88,27,Pleno,6721.73,Biológicas,Híbrido,Iniciativa Privada,9,61,1,1
5292,302,2026-06-02T00:00:00.000000000,SP,48,26,Pleno,8178.25,Humanas,Híbrido,Setor Público,7,21,1,0
5293,304,2025-03-08T00:00:00.000000000,SP,40,26,Sem vínculo,0.0,Humanas,EAD,Desempregado,6,28,0,0
5294,203,2025-08-26T00:00:00.000000000,SP,109,35,Sênior,11658.49,Exatas,Presencial,Autônomo/PJ,8,87,1,0
5295,204,2025-11-22T00:00:00.000000000,SP,83,30,Sênior,10649.45,Exatas,EAD,Setor Público,5,3,1,0
5296,104,2025-03-08T00:00:00.000000000,SP,63,26,Sem vínculo,0.0,Tecnologia,Presencial,Desempregado,4,49,1,0
5297,101,2025-06-25T00:00:00.000000000,PR,38,26,Júnior,2876.65,Tecnologia,Presencial,Autônomo/PJ,4,75,1,0
5298,203,2026-04-23T00:00:00.000000000,SP,19,25,Júnior,2221.95,Exatas,Presencial,Iniciativa Privada,6,99,1,0
5299,303,2025-09-12T00:00:00.000000000,MG,39,23,Pleno,6548.64,Humanas,Presencial,Iniciativa Privada,4,3,1,0
5300,204,2025-03-04T00:00:00.000000000,SP,66,26,Sem vínculo,0.0,Exatas,EAD,Desempregado,4,4,0,0
5301,302,2026-02-07T00:00:00.000000000,RJ,9,24,Júnior,2308.78,Humanas,Híbrido,Iniciativa Privada,10,82,1,0
5302,304,2025-07-11T00:00:00.000000000,MG,93,31,Pleno,5315.39,Humanas,Presencial,Iniciativa Privada,7,38,1,0
5303,102,2025-11-25T00:00:00.000000000,SP,64,32,Sênior,10423.85,Tecnologia,Presencial,Iniciativa Privada,8,56,0,0
5304,103,2025-03-12T00:00:00.000000000,SP,34,29,Pleno,6620.88,Tecnologia,Presencial,Setor Público,7,30,0,0
5305,104,2025-03-04T00:00:00.000000000,PR,88,34,Sem vínculo,0.0,Tecnologia,EAD,Desempregado,7,6,0,0
5306,101,2025-10-24T00:00:00.000000000,RS,11,22,Pleno,6130.79,Tecnologia,Presencial,Iniciativa Privada,4,11,1,0
5307,204,2025-09-02T00:00:00.000000000,SP,102,33,Gestão,18685.09,Exatas,Híbrido,Iniciativa Privada,10,9,1,0
5308,303,2026-06-03T00:00:00.000000000,SP,54,27,Pleno,5105.81,Humanas,Presencial,ONG,8,28,0,0
5309,101,2026-01-28T00:00:00.000000000,RS,45,25,Sênior,13289.27,Tecnologia,Híbrido,Iniciativa Privada,4,84,0,0
5310,401,2025-06-26T00:00:00.000000000,SP,88,33,Sênior,13126.43,Biológicas,Presencial,Iniciativa Privada,9,12,1,1
5311,402,2025-07-23T00:00:00.000000000,MG,70,26,Sem vínculo,0.0,Biológicas,Presencial,Desempregado,10,86,1,0
5312,201,2026-06-17T00:00:00.000000000,SP,74,31,Sênior,11322.94,Exatas,Presencial,Iniciativa Privada,9,69,0,0
5313,301,2025-05-08T00:00:00.000000000,SP,32,26,Pleno,4128.03,Humanas,EAD,Iniciativa Privada,10,30,1,0
5314,104,2025-07-14T00:00:00.000000000,MG,85,29,Gestão,16281.27,Tecnologia,Presencial,Setor Público,4,8,1,0
5315,303,2025-07-13T00:00:00.000000000,RJ,11,27,Pleno,5960.53,Humanas,Híbrido,Iniciativa Privada,7,50,0,0
5316,102,2025-07-03T00:00:00.000000000,SP,109,34,Sem vínculo,0.0,Tecnologia,Presencial,Desempregado,9,87,0,0
5317,304,2025-09-04T00:00:00.000000000,RJ,18,27,Pleno,5273.46,Humanas,EAD,Iniciativa Privada,5,15,1,0
5318,201,2025-11-20T00:00:00.000000000,PR,117,32,Sênior,11461.6,Exatas,Presencial,Iniciativa Privada,9,58,1,0
5319,401,2025-06-09T00:00:00.000000000,MG,69,31,Sênior,11923.72,Biológicas,Presencial,Iniciativa Privada,5,57,0,0
5320,202,2025-03-07T00:00:00.000000000,SP,67,26,Sênior,12280.03,Exatas,Presencial,Iniciativa Privada,10,10,1,0
5321,103,2025-09-11T00:00:00.000000000,RJ,104,28,Gestão,17532.93,Tecnologia,Híbrido,Autônomo/PJ,7,35,1,0
5322,202,2025-10-10T00:00:00.000000000,PR,24,24,Sênior,11662.14,Exatas,Presencial,Autônomo/PJ,7,0,1,0
5323,304,2025-03-01T00:00:00.000000000,PR,81,33,Sem vínculo,0.0,Humanas,Presencial,Desempregado,4,20,0,0
5324,302,2025-04-28T00:00:00.000000000,MG,85,28,Pleno,6652.18,Humanas,Presencial,Iniciativa Privada,8,43,1,0
5325,401,2026-02-27T00:00:00.000000000,SP,48,24,Sênior,10268.25,Biológicas,EAD,Autônomo/PJ,9,99,0,1
5326,404,2026-07-10T00:00:00.000000000,PR,79,33,Gestão,15502.05,Biológicas,Presencial,Iniciativa Privada,4,36,1,0
5327,201,2025-02-05T00:00:00.000000000,MG,94,34,Sênior,11809.55,Exatas,EAD,Autônomo/PJ,4,5,1,0
5328,103,2026-06-15T00:00:00.000000000,SP,25,29,Pleno,7909.08,Tecnologia,Presencial,Autônomo/PJ,6,13,1,0
5329,101,2025-04-01T00:00:00.000000000,RJ,100,30,Sênior,14156.09,Tecnologia,Presencial,Iniciativa Privada,4,92,1,0
5330,401,2025-10-28T00:00:00.000000000,SP,73,27,Gestão,16480.4,Biológicas,Presencial,Iniciativa Privada,8,0,1,1
5331,402,2025-08-05T00:00:00.000000000,MG,49,31,Pleno,7444.2,Biológicas,Presencial,Iniciativa Privada,4,7,1,0
5332,101,2025-04-08T00:00:00.000000000,SP,28,28,Pleno,6209.35,Tecnologia,Presencial,Setor Público,7,43,0,0
5333,304,2026-04-01T00:00:00.000000000,MG,7,21,Sem vínculo,0.0,Humanas,Presencial,Desempregado,8,82,0,0
5334,304,2026-06-15T00:00:00.000000000,GO,27,27,Pleno,7293.86,Humanas,Presencial,Iniciativa Privada,9,86,1,0
5335,203,2026-06-22T00:00:00.000000000,PR,62,31,Sênior,10787.58,Exatas,EAD,Iniciativa Privada,7,74,0,0
5336,404,2025-01-28T00:00:00.000000000,GO,106,30,Sênior,11020.89,Biológicas,Presencial,Iniciativa Privada,10,26,0,1
5337,102,2026-07-30T00:00:00.000000000,BA,77,33,Sênior,10619.04,Tecnologia,Presencial,Autônomo/PJ,6,35,1,0
5338,403,2025-11-20T00:00:00.000000000,SP,12,22,Júnior,3742.85,Biológicas,EAD,Iniciativa Privada,6,41,1,0
5339,204,2025-08-11T00:00:00.000000000,MG,83,30,Sênior,9380.57,Exatas,Presencial,Iniciativa Privada,8,19,1,0
5340,202,2025-03-21T00:00:00.000000000,RJ,61,27,Gestão,17106.96,Exatas,Presencial,Iniciativa Privada,9,7,1,0
5341,204,2026-07-17T00:00:00.000000000,RS,72,27,Sênior,12474.67,Exatas,EAD,Setor Público,10,45,1,0
5342,204,2026-04-03T00:00:00.000000000,SP,119,34,Gestão,14553.51,Exatas,Presencial,Iniciativa Privada,5,99,1,0
5343,201,2025-06-25T00:00:00.000000000,BA,21,28,Júnior,5224.73,Exatas,Presencial,Autônomo/PJ,10,51,1,0
5344,304,2026-06-06T00:00:00.000000000,MG,88,27,Sênior,9301.21,Humanas,Presencial,Iniciativa Privada,5,25,0,0
5345,204,2026-04-02T00:00:00.000000000,PR,56,31,Pleno,7347.13,Exatas,Presencial,Iniciativa Privada,8,34,0,0
5346,302,2026-02-27T00:00:00.000000000,SP,87,27,Sênior,10841.31,Humanas,Híbrido,Iniciativa Privada,8,59,1,0
5347,102,2025-04-10T00:00:00.000000000,SP,85,31,Gestão,17896.03,Tecnologia,Presencial,Iniciativa Privada,10,2,0,0
5348,401,2026-02-07T00:00:00.000000000,PR,77,28,Sênior,11065.88,Biológicas,EAD,Iniciativa Privada,10,3,1,0
5349,104,2026-07-30T00:00:00.000000000,SP,102,33,Sênior,12148.22,Tecnologia,EAD,Iniciativa Privada,7,92,1,0
5350,201,2026-01-15T00:00:00.000000000,SC,118,30,Sênior,10993.11,Exatas,EAD,Setor Público,6,61,0,0
5351,104,2026-06-15T00:00:00.000000000,SP,17,22,Júnior,2528.76,Tecnologia,EAD,Iniciativa Privada,8,63,0,0
5352,203,2025-11-28T00:00:00.000000000,MG,58,24,Sênior,10518.38,Exatas,Presencial,Iniciativa Privada,4,49,1,0
5353,103,2025-11-14T00:00:00.000000000,SP,80,31,Gestão,17689.05,Tecnologia,Presencial,ONG,7,91,0,0
5354,401,2026-06-21T00:00:00.000000000,MG,10,26,Júnior,3025.64,Biológicas,Híbrido,Setor Público,6,18,1,0
5355,101,2025-03-30T00:00:00.000000000,MG,32,26,Júnior,4148.12,Tecnologia,Presencial,Autônomo/PJ,7,42,0,0
5356,201,2026-05-26T00:00:00.000000000,SP,17,21,Júnior,4264.6,Exatas,Presencial,Autônomo/PJ,6,91,1,0
5357,302,2025-02-11T00:00:00.000000000,SP,22,21,Júnior,4270.98,Humanas,Presencial,Iniciativa Privada,4,81,0,0
5358,102,2026-01-24T00:00:00.000000000,SP,11,24,Pleno,5665.01,Tecnologia,Presencial,Autônomo/PJ,6,13,0,0
5359,402,2025-03-22T00:00:00.000000000,MG,102,30,Sênior,10843.06,Biológicas,Híbrido,Iniciativa Privada,7,13,0,0
5360,401,2026-02-06T00:00:00.000000000,RJ,10,21,Júnior,4268.48,Biológicas,EAD,Iniciativa Privada,10,53,0,0
5361,304,2025-04-17T00:00:00.000000000,PR,62,27,Pleno,4604.43,Humanas,EAD,Iniciativa Privada,6,28,1,0
5362,103,2025-04-21T00:00:00.000000000,RJ,33,27,Sênior,12200.5,Tecnologia,Presencial,Iniciativa Privada,7,2,0,0
5363,101,2025-10-04T00:00:00.000000000,RJ,83,32,Sênior,12843.27,Tecnologia,Presencial,Iniciativa Privada,8,97,1,0
5364,102,2025-08-02T00:00:00.000000000,SP,74,33,Sênior,11099.56,Tecnologia,Presencial,Iniciativa Privada,4,72,0,0
5365,102,2026-05-21T00:00:00.000000000,SP,64,28,Sênior,12957.48,Tecnologia,Presencial,Iniciativa Privada,7,4,1,0
5366,101,2025-05-01T00:00:00.000000000,SP,38,26,Pleno,6703.81,Tecnologia,Presencial,Iniciativa Privada,5,92,1,0
5367,401,2025-05-14T00:00:00.000000000,BA,67,28,Sênior,12085.37,Biológicas,Presencial,Iniciativa Privada,5,4,0,0
5368,202,2026-01-06T00:00:00.000000000,RS,55,28,Júnior,3349.42,Exatas,Presencial,Iniciativa Privada,9,44,1,0
5369,104,2025-09-14T00:00:00.000000000,SP,117,29,Sênior,10739.91,Tecnologia,EAD,Iniciativa Privada,9,63,1,0
5370,102,2025-06-29T00:00:00.000000000,MG,110,35,Sênior,11766.95,Tecnologia,Presencial,Iniciativa Privada,6,63,1,0
5371,202,2025-02-17T00:00:00.000000000,SC,24,24,Sênior,10907.26,Exatas,Presencial,Setor Público,8,42,1,0
5372,101,2025-01-19T00:00:00.000000000,RJ,91,34,Sênior,12407.63,Tecnologia,EAD,Iniciativa Privada,8,42,1,0
5373,404,2025-02-15T00:00:00.000000000,SP,74,27,Gestão,16491.57,Biológicas,Presencial,ONG,5,50,0,0
5374,102,2026-03-27T00:00:00.000000000,SP,71,28,Sênior,11847.18,Tecnologia,Presencial,Autônomo/PJ,6,12,1,0
5375,402,2025-02-25T00:00:00.000000000,RJ,99,30,Gestão,17167.68,Biológicas,Híbrido,Iniciativa Privada,8,89,1,1
5376,303,2025-04-02T00:00:00.000000000,BA,52,27,Sênior,8263.03,Humanas,EAD,Autônomo/PJ,8,72,0,0
5377,401,2025-03-23T00:00:00.000000000,MG,44,29,Pleno,6904.3,Biológicas,EAD,Iniciativa Privada,10,67,0,1
5378,103,2025-03-20T00:00:00.000000000,SP,73,29,Sênior,12460.0,Tecnologia,Presencial,Iniciativa Privada,6,94,1,0
5379,103,2025-10-10T00:00:00.000000000,SP,38,24,Sem vínculo,0.0,Tecnologia,Híbrido,Desempregado,7,68,1,0
5380,202,2025-11-07T00:00:00.000000000,PR,18,28,Júnior,1652.94,Exatas,Presencial,Iniciativa Privada,5,6,1,0
5381,401,2025-06-09T00:00:00.000000000,SC,89,32,Sem vínculo,0.0,Biológicas,Híbrido,Desempregado,9,91,1,0
5382,304,2025-11-12T00:00:00.000000000,MG,59,29,Pleno,6635.78,Humanas,Híbrido,Setor Público,10,77,1,1
5383,302,2025-06-05T00:00:00.000000000,MG,12,27,Júnior,3984.68,Humanas,EAD,Iniciativa Privada,8,87,1,1
5384,104,2026-04-13T00:00:00.000000000,SP,84,32,Gestão,17105.29,Tecnologia,EAD,Iniciativa Privada,10,41,1,0
5385,204,2026-04-07T00:00:00.000000000,SC,92,31,Sênior,11169.55,Exatas,EAD,Iniciativa Privada,10,4,1,0
5386,101,2025-04-27T00:00:00.000000000,PR,19,21,Júnior,3092.64,Tecnologia,Presencial,Iniciativa Privada,7,46,0,0
5387,203,2025-12-30T00:00:00.000000000,SP,92,31,Sênior,9932.7,Exatas,Presencial,Iniciativa Privada,7,47,0,0
5388,101,2026-04-11T00:00:00.000000000,PR,24,24,Pleno,5679.08,Tecnologia,Híbrido,Autônomo/PJ,7,97,1,0
5389,104,2025-07-03T00:00:00.000000000,SP,59,28,Sênior,13550.89,Tecnologia,Presencial,Iniciativa Privada,7,91,1,0
5390,302,2025-06-15T00:00:00.000000000,SP,98,30,Gestão,17711.43,Humanas,Híbrido,Iniciativa Privada,4,46,1,0
5391,404,2025-03-16T00:00:00.000000000,SP,25,24,Pleno,6210.43,Biológicas,EAD,Iniciativa Privada,4,7,0,0
5392,302,2025-09-29T00:00:00.000000000,SP,34,22,Pleno,5861.8,Humanas,EAD,ONG,9,20,1,0
5393,302,2026-05-18T00:00:00.000000000,SP,29,23,Pleno,7876.86,Humanas,Presencial,Iniciativa Privada,6,87,1,0
5394,401,2026-07-17T00:00:00.000000000,RJ,87,34,Gestão,16253.35,Biológicas,Presencial,Iniciativa Privada,5,23,0,0
5395,104,2025-12-09T00:00:00.000000000,RJ,68,31,Sem vínculo,0.0,Tecnologia,Híbrido,Desempregado,6,12,0,0
5396,103,2025-09-08T00:00:00.000000000,RJ,79,26,Pleno,7572.7,Tecnologia,Presencial,Iniciativa Privada,10,14,0,0
5397,304,2025-05-10T00:00:00.000000000,SP,110,35,Sênior,9733.75,Humanas,EAD,Iniciativa Privada,4,88,0,0
5398,204,2025-12-24T00:00:00.000000000,SP,62,30,Pleno,6280.82,Exatas,EAD,Autônomo/PJ,6,52,1,0
5399,203,2026-02-12T00:00:00.000000000,MG,13,26,Pleno,8021.24,Exatas,Presencial,Autônomo/PJ,6,91,1,0
5400,101,2026-05-10T00:00:00.000000000,SP,95,31,Gestão,16296.44,Tecnologia,EAD,Iniciativa Privada,7,71,1,0
5401,204,2026-04-27T00:00:00.000000000,SP,67,27,Sênior,10416.76,Exatas,Presencial,Iniciativa Privada,8,30,1,0
5402,204,2025-03-19T00:00:00.000000000,RS,34,25,Pleno,6371.05,Exatas,Presencial,Autônomo/PJ,4,70,1,0
5403,102,2026-05-29T00:00:00.000000000,PR,79,29,Gestão,18177.48,Tecnologia,Presencial,Iniciativa Privada,4,50,1,0
5404,204,2025-11-17T00:00:00.000000000,RS,22,27,Sem vínculo,0.0,Exatas,EAD,Desempregado,6,46,1,0
5405,203,2025-10-17T00:00:00.000000000,RJ,71,27,Sênior,12695.09,Exatas,Híbrido,Iniciativa Privada,8,38,0,0
5406,402,2025-10-24T00:00:00.000000000,SP,11,26,Júnior,3187.72,Biológicas,Presencial,Iniciativa Privada,6,80,1,0
5407,401,2026-04-20T00:00:00.000000000,MG,63,25,Sênior,11127.95,Biológicas,Presencial,Iniciativa Privada,5,56,0,0
5408,402,2025-01-23T00:00:00.000000000,SP,74,27,Sênior,12481.74,Biológicas,Presencial,Autônomo/PJ,4,49,1,0
5409,403,2025-06-21T00:00:00.000000000,RJ,33,29,Pleno,7370.0,Biológicas,Presencial,ONG,7,56,0,0
5410,103,2025-11-14T00:00:00.000000000,SP,67,25,Gestão,17472.12,Tecnologia,Presencial,Setor Público,7,34,1,0
5411,402,2025-07-12T00:00:00.000000000,SC,46,25,Sem vínculo,0.0,Biológicas,Híbrido,Desempregado,7,85,1,0
5412,201,2025-04-28T00:00:00.000000000,SP,74,28,Gestão,15527.76,Exatas,Híbrido,Iniciativa Privada,9,6,0,0
5413,302,2025-01-06T00:00:00.000000000,GO,87,28,Sênior,12776.8,Humanas,Presencial,Iniciativa Privada,9,52,0,1
5414,101,2026-04-28T00:00:00.000000000,RS,95,33,Pleno,7523.9,Tecnologia,EAD,Autônomo/PJ,4,9,1,0
5415,402,2025-05-12T00:00:00.000000000,RJ,89,31,Sênior,9818.52,Biológicas,EAD,ONG,4,91,1,0
5416,103,2025-04-03T00:00:00.000000000,PR,46,27,Pleno,7213.69,Tecnologia,Híbrido,Autônomo/PJ,7,38,0,0
5417,104,2026-06-06T00:00:00.000000000,MG,54,25,Júnior,4943.2,Tecnologia,Presencial,Autônomo/PJ,10,57,0,0
5418,404,2026-07-17T00:00:00.000000000,SC,96,32,Gestão,16114.97,Biológicas,EAD,Iniciativa Privada,4,92,0,0
5419,301,2025-10-21T00:00:00.000000000,RJ,54,27,Júnior,2458.88,Humanas,Híbrido,Iniciativa Privada,7,34,0,0
5420,201,2026-01-27T00:00:00.000000000,PR,81,30,Sem vínculo,0.0,Exatas,Híbrido,Desempregado,5,58,1,0
5421,301,2025-09-06T00:00:00.000000000,RJ,76,30,Sênior,8887.32,Humanas,EAD,Iniciativa Privada,5,21,1,0
5422,103,2026-02-21T00:00:00.000000000,GO,8,24,Júnior,3469.63,Tecnologia,Presencial,Iniciativa Privada,5,8,0,0
5423,302,2025-05-23T00:00:00.000000000,RJ,15,24,Júnior,3635.7,Humanas,EAD,Setor Público,6,99,1,0
5424,103,2025-08-25T00:00:00.000000000,RJ,103,34,Sênior,12758.66,Tecnologia,Presencial,Iniciativa Privada,6,7,0,0
5425,404,2025-10-14T00:00:00.000000000,PR,94,31,Pleno,6476.32,Biológicas,Presencial,Autônomo/PJ,8,93,0,0
5426,201,2025-10-04T00:00:00.000000000,SC,40,28,Pleno,6123.23,Exatas,Presencial,Iniciativa Privada,8,93,0,0
5427,402,2026-01-22T00:00:00.000000000,MG,85,30,Sênior,11650.88,Biológicas,Presencial,Autônomo/PJ,8,57,0,0
5428,204,2026-01-17T00:00:00.000000000,SP,7,21,Júnior,3143.83,Exatas,Presencial,Setor Público,5,94,0,0
5429,204,2026-03-26T00:00:00.000000000,RJ,29,22,Pleno,7249.12,Exatas,Presencial,Setor Público,5,21,0,0
5430,204,2025-10-18T00:00:00.000000000,BA,79,27,Sênior,10768.36,Exatas,Presencial,Iniciativa Privada,5,94,1,0
5431,203,2025-06-18T00:00:00.000000000,PR,43,23,Pleno,4362.56,Exatas,Presencial,Iniciativa Privada,4,39,0,0
5432,101,2026-03-19T00:00:00.000000000,SC,27,29,Pleno,6959.48,Tecnologia,Presencial,Iniciativa Privada,4,27,0,0
5433,404,2025-07-03T00:00:00.000000000,SP,31,23,Júnior,3071.7,Biológicas,EAD,Iniciativa Privada,5,45,1,0
5434,201,2025-02-14T00:00:00.000000000,RJ,48,29,Pleno,3527.5,Exatas,Presencial,Setor Público,7,68,1,0
5435,203,2025-09-25T00:00:00.000000000,MG,60,25,Pleno,6298.1,Exatas,EAD,Iniciativa Privada,8,80,1,0
5436,104,2026-04-21T00:00:00.000000000,SC,44,23,Pleno,6862.67,Tecnologia,Presencial,Iniciativa Privada,6,51,0,0
5437,103,2025-09-10T00:00:00.000000000,SP,96,30,Pleno,8069.76,Tecnologia,EAD,Iniciativa Privada,8,10,0,0
5438,203,2026-01-31T00:00:00.000000000,RS,34,22,Sênior,12650.6,Exatas,Híbrido,Setor Público,7,21,0,0
5439,401,2025-10-16T00:00:00.000000000,RJ,116,29,Sênior,12548.35,Biológicas,Presencial,Iniciativa Privada,9,46,1,1
5440,204,2025-07-31T00:00:00.000000000,SP,107,30,Gestão,15874.93,Exatas,Presencial,ONG,4,88,1,0
5441,103,2025-01-21T00:00:00.000000000,SP,25,26,Sênior,12289.16,Tecnologia,EAD,Setor Público,10,12,0,0
5442,104,2025-11-12T00:00:00.000000000,SP,96,32,Pleno,5367.23,Tecnologia,EAD,Autônomo/PJ,5,99,1,0
5443,401,2026-07-18T00:00:00.000000000,RJ,46,25,Pleno,6898.45,Biológicas,Presencial,Autônomo/PJ,4,44,0,0
5444,303,2026-03-14T00:00:00.000000000,SP,59,27,Pleno,5509.75,Humanas,Híbrido,Iniciativa Privada,4,74,1,0
5445,401,2026-02-27T00:00:00.000000000,SP,25,29,Júnior,2371.7,Biológicas,Presencial,Autônomo/PJ,7,68,0,0
5446,104,2025-08-21T00:00:00.000000000,SC,113,29,Sênior,9561.05,Tecnologia,EAD,Iniciativa Privada,4,77,0,0
5447,404,2025-05-03T00:00:00.000000000,SP,24,22,Júnior,4747.01,Biológicas,Presencial,ONG,4,21,1,0
5448,401,2025-08-02T00:00:00.000000000,SP,89,29,Sênior,10727.91,Biológicas,Presencial,ONG,10,66,0,1
5449,402,2025-02-09T00:00:00.000000000,RJ,104,30,Sênior,11380.3,Biológicas,Presencial,Iniciativa Privada,8,34,0,0
5450,103,2025-11-28T00:00:00.000000000,RJ,116,32,Gestão,18892.5,Tecnologia,Presencial,Iniciativa Privada,8,31,1,0
5451,304,2025-07-01T00:00:00.000000000,PR,71,30,Sênior,11038.96,Humanas,Híbrido,Iniciativa Privada,9,37,1,1
5452,204,2025-09-22T00:00:00.000000000,RJ,35,26,Sênior,11723.03,Exatas,EAD,Setor Público,7,57,1,0
5453,203,2026-06-17T00:00:00.000000000,PR,58,25,Pleno,5140.91,Exatas,EAD,Iniciativa Privada,10,39,0,0
5454,201,2026-03-08T00:00:00.000000000,MG,39,28,Sênior,11590.24,Exatas,Híbrido,Iniciativa Privada,5,87,1,0
5455,301,2025-07-15T00:00:00.000000000,SP,27,28,Pleno,4885.04,Humanas,Presencial,Iniciativa Privada,10,91,0,0
5456,401,2026-05-24T00:00:00.000000000,SP,72,30,Sênior,10928.86,Biológicas,Presencial,Iniciativa Privada,8,20,0,0
5457,302,2026-03-23T00:00:00.000000000,RJ,11,20,Sem vínculo,0.0,Humanas,Híbrido,Desempregado,10,48,0,0
5458,302,2026-06-12T00:00:00.000000000,SP,84,33,Gestão,17721.21,Humanas,EAD,Autônomo/PJ,9,96,1,1
5459,304,2025-07-21T00:00:00.000000000,PR,32,27,Pleno,6770.99,Humanas,EAD,Iniciativa Privada,4,91,1,0
5460,301,2025-05-13T00:00:00.000000000,MG,15,23,Júnior,1500.0,Humanas,Presencial,Iniciativa Privada,9,38,1,0
5461,103,2025-05-19T00:00:00.000000000,SP,78,29,Sênior,10940.41,Tecnologia,EAD,Iniciativa Privada,9,60,1,0
5462,104,2026-05-08T00:00:00.000000000,SP,102,32,Sênior,11496.19,Tecnologia,Presencial,Iniciativa Privada,6,99,0,0
5463,303,2025-03-11T00:00:00.000000000,SP,101,31,Gestão,17477.97,Humanas,EAD,Autônomo/PJ,8,9,1,0
5464,104,2025-01-15T00:00:00.000000000,MG,53,30,Pleno,3390.82,Tecnologia,Híbrido,Iniciativa Privada,9,100,1,1
5465,302,2025-07-31T00:00:00.000000000,RJ,75,30,Sênior,9049.6,Humanas,EAD,Iniciativa Privada,9,39,1,0
5466,404,2025-03-01T00:00:00.000000000,RJ,110,36,Sênior,11739.48,Biológicas,Presencial,ONG,6,57,0,0
5467,202,2025-09-09T00:00:00.000000000,SP,64,32,Sem vínculo,0.0,Exatas,Presencial,Desempregado,5,88,1,0
5468,404,2026-03-22T00:00:00.000000000,MG,105,33,Sênior,11649.77,Biológicas,Presencial,Iniciativa Privada,4,44,1,0
5469,201,2025-01-02T00:00:00.000000000,RS,64,25,Gestão,17210.75,Exatas,EAD,Iniciativa Privada,8,16,0,0
5470,103,2025-12-02T00:00:00.000000000,SP,7,27,Júnior,1624.35,Tecnologia,Presencial,Iniciativa Privada,10,67,0,0
5471,201,2025-01-19T00:00:00.000000000,RJ,34,29,Júnior,3319.16,Exatas,Híbrido,Setor Público,5,9,0,0
5472,404,2026-07-15T00:00:00.000000000,BA,73,27,Sem vínculo,0.0,Biológicas,EAD,Desempregado,10,61,1,0
5473,404,2025-03-19T00:00:00.000000000,SP,70,28,Pleno,5899.47,Biológicas,Híbrido,Iniciativa Privada,10,88,0,1
5474,204,2026-04-17T00:00:00.000000000,MG,88,30,Sênior,11805.21,Exatas,Presencial,Iniciativa Privada,7,31,0,0
5475,102,2025-01-28T00:00:00.000000000,SP,31,29,Sênior,10130.53,Tecnologia,Híbrido,ONG,5,71,1,0
5476,103,2026-07-14T00:00:00.000000000,MG,94,28,Sênior,11745.35,Tecnologia,EAD,Autônomo/PJ,7,41,1,0
5477,203,2025-06-14T00:00:00.000000000,SP,15,24,Sem vínculo,0.0,Exatas,EAD,Desempregado,7,44,1,0
5478,204,2026-04-03T00:00:00.000000000,BA,58,27,Júnior,3051.95,Exatas,Presencial,Iniciativa Privada,8,75,1,0
5479,304,2025-06-25T00:00:00.000000000,PR,84,31,Gestão,16579.19,Humanas,Presencial,Iniciativa Privada,6,20,1,0
5480,402,2025-01-29T00:00:00.000000000,PR,64,29,Sênior,10928.7,Biológicas,EAD,Iniciativa Privada,7,26,1,0
5481,301,2025-10-06T00:00:00.000000000,PR,27,23,Pleno,6062.71,Humanas,Presencial,Iniciativa Privada,4,29,1,0
5482,101,2025-10-10T00:00:00.000000000,MG,56,30,Sênior,11854.84,Tecnologia,Presencial,Setor Público,8,73,1,0
5483,203,2026-04-24T00:00:00.000000000,RJ,53,24,Pleno,6829.82,Exatas,Híbrido,Iniciativa Privada,9,84,0,1
5484,402,2026-06-03T00:00:00.000000000,RS,26,27,Júnior,1924.48,Biológicas,Presencial,Iniciativa Privada,9,0,0,0
5485,304,2025-11-01T00:00:00.000000000,BA,27,29,Sênior,13650.12,Humanas,Presencial,ONG,7,8,1,0
5486,103,2025-04-19T00:00:00.000000000,RJ,105,35,Sênior,10848.21,Tecnologia,Presencial,Iniciativa Privada,8,2,1,0
5487,102,2025-11-20T00:00:00.000000000,GO,103,33,Gestão,18755.21,Tecnologia,Híbrido,Autônomo/PJ,4,52,1,0
5488,301,2025-07-25T00:00:00.000000000,MG,35,29,Pleno,7145.83,Humanas,EAD,Iniciativa Privada,8,41,1,0
5489,102,2025-08-22T00:00:00.000000000,RJ,30,29,Sênior,9291.93,Tecnologia,Presencial,Autônomo/PJ,10,18,0,0
5490,301,2026-04-03T00:00:00.000000000,RJ,114,35,Pleno,8495.39,Humanas,Presencial,Iniciativa Privada,8,5,0,0
5491,202,2025-07-06T00:00:00.000000000,SP,33,25,Sênior,12524.43,Exatas,EAD,Autônomo/PJ,10,6,1,0
5492,103,2026-04-27T00:00:00.000000000,SP,70,25,Pleno,6114.23,Tecnologia,Presencial,Iniciativa Privada,9,42,1,0
5493,301,2026-02-11T00:00:00.000000000,SP,118,36,Sênior,12074.3,Humanas,Presencial,Iniciativa Privada,7,79,1,0
5494,103,2026-05-24T00:00:00.000000000,RJ,50,25,Pleno,4927.26,Tecnologia,Presencial,Autônomo/PJ,5,35,0,0
5495,203,2026-06-04T00:00:00.000000000,SP,73,32,Sênior,10542.98,Exatas,Presencial,Iniciativa Privada,8,67,0,0
5496,101,2025-02-22T00:00:00.000000000,RJ,12,28,Júnior,2920.87,Tecnologia,EAD,Iniciativa Privada,7,81,0,0
5497,301,2026-02-02T00:00:00.000000000,BA,54,25,Pleno,6403.77,Humanas,EAD,ONG,9,95,0,0
5498,304,2025-07-18T00:00:00.000000000,SP,14,25,Júnior,2175.02,Humanas,EAD,ONG,4,95,0,0
5499,104,2026-01-26T00:00:00.000000000,RJ,41,26,Sênior,12133.07,Tecnologia,Presencial,Iniciativa Privada,10,81,1,0
5500,404,2026-05-13T00:00:00.000000000,SP,88,29,Gestão,14872.91,Biológicas,Presencial,Iniciativa Privada,4,38,1,0
5501,103,2025-06-21T00:00:00.000000000,SP,6,27,Júnior,3641.13,Tecnologia,Presencial,Iniciativa Privada,5,42,1,0
5502,203,2025-03-27T00:00:00.000000000,PR,15,22,Pleno,7126.57,Exatas,Presencial,Iniciativa Privada,4,36,1,0
5503,204,2026-07-12T00:00:00.000000000,MG,41,29,Sem vínculo,0.0,Exatas,Presencial,Desempregado,7,27,1,0
5504,303,2025-07-05T00:00:00.000000000,PR,78,29,Sênior,13421.42,Humanas,EAD,Setor Público,5,49,1,0
5505,103,2025-06-05T00:00:00.000000000,SP,114,29,Gestão,19695.51,Tecnologia,Presencial,Iniciativa Privada,10,38,1,0
5506,101,2026-05-08T00:00:00.000000000,MG,51,30,Sem vínculo,0.0,Tecnologia,EAD,Desempregado,9,1,1,0
5507,201,2026-06-05T00:00:00.000000000,SP,111,33,Sênior,11880.62,Exatas,Presencial,Setor Público,7,36,1,0
5508,103,2025-05-10T00:00:00.000000000,SP,37,28,Pleno,5276.38,Tecnologia,Presencial,Setor Público,9,100,1,0
5509,404,2025-03-22T00:00:00.000000000,SP,37,30,Pleno,5750.7,Biológicas,Presencial,Iniciativa Privada,9,65,1,0
5510,102,2026-01-19T00:00:00.000000000,SP,11,20,Júnior,2887.78,Tecnologia,EAD,Iniciativa Privada,5,18,1,0
5511,204,2025-10-22T00:00:00.000000000,SP,53,25,Pleno,7965.95,Exatas,Híbrido,Setor Público,5,68,0,0
5512,202,2025-09-26T00:00:00.000000000,SP,43,30,Pleno,7484.93,Exatas,EAD,Iniciativa Privada,7,43,1,0
5513,204,2026-07-16T00:00:00.000000000,BA,22,22,Júnior,5705.5,Exatas,Presencial,Iniciativa Privada,5,12,0,0
5514,301,2026-06-19T00:00:00.000000000,SP,79,26,Sênior,12037.04,Humanas,EAD,Iniciativa Privada,7,21,1,0
5515,203,2026-01-13T00:00:00.000000000,SP,119,30,Pleno,7736.18,Exatas,Presencial,Iniciativa Privada,4,6,1,0
5516,103,2026-01-11T00:00:00.000000000,SP,32,28,Pleno,4568.21,Tecnologia,EAD,Iniciativa Privada,10,1,1,0
5517,301,2025-03-29T00:00:00.000000000,MG,59,27,Pleno,6234.92,Humanas,Híbrido,Setor Público,4,61,1,0
5518,102,2025-04-21T00:00:00.000000000,SP,55,25,Sênior,13206.44,Tecnologia,EAD,Iniciativa Privada,10,77,1,0
5519,302,2025-06-03T00:00:00.000000000,RS,40,27,Sênior,11916.6,Humanas,Presencial,Iniciativa Privada,8,88,1,1
5520,402,2026-04-08T00:00:00.000000000,BA,90,30,Sênior,12478.02,Biológicas,EAD,Setor Público,6,89,1,0
5521,101,2026-07-23T00:00:00.000000000,SP,30,28,Pleno,5377.66,Tecnologia,Híbrido,Iniciativa Privada,6,4,1,0
5522,202,2025-06-05T00:00:00.000000000,RJ,33,29,Pleno,7316.29,Exatas,Presencial,Iniciativa Privada,4,19,0,0
5523,101,2025-11-14T00:00:00.000000000,SP,116,31,Sênior,11651.92,Tecnologia,Presencial,Autônomo/PJ,8,53,0,0
5524,404,2026-07-13T00:00:00.000000000,MG,20,28,Júnior,2428.63,Biológicas,Presencial,Iniciativa Privada,6,75,1,0
5525,304,2025-08-26T00:00:00.000000000,RJ,9,21,Júnior,3469.01,Humanas,Presencial,Autônomo/PJ,7,62,1,0
5526,101,2025-11-30T00:00:00.000000000,SP,98,29,Sênior,12697.39,Tecnologia,Presencial,Autônomo/PJ,7,35,0,0
5527,203,2025-04-16T00:00:00.000000000,SP,78,30,Sênior,9987.41,Exatas,Presencial,Iniciativa Privada,5,94,0,0
5528,304,2026-04-27T00:00:00.000000000,MG,32,28,Pleno,6695.26,Humanas,Presencial,Iniciativa Privada,6,80,0,0
5529,202,2026-01-17T00:00:00.000000000,RJ,31,26,Sem vínculo,0.0,Exatas,Presencial,Desempregado,9,15,1,0
5530,101,2025-09-18T00:00:00.000000000,SP,24,27,Sênior,13108.47,Tecnologia,EAD,Iniciativa Privada,7,56,1,0
5531,202,2025-10-20T00:00:00.000000000,MG,97,34,Sênior,11800.88,Exatas,Presencial,Autônomo/PJ,6,63,0,0
5532,302,2025-12-01T00:00:00.000000000,MG,22,21,Júnior,4116.3,Humanas,Híbrido,Setor Público,5,9,1,0
5533,103,2026-04-21T00:00:00.000000000,RS,48,24,Pleno,7158.26,Tecnologia,Presencial,Iniciativa Privada,4,98,1,0
5534,102,2025-08-13T00:00:00.000000000,SP,46,23,Júnior,1500.0,Tecnologia,EAD,Iniciativa Privada,8,96,0,0
5535,403,2026-07-09T00:00:00.000000000,PR,47,27,Pleno,6952.26,Biológicas,Presencial,Iniciativa Privada,9,98,0,1
5536,104,2026-03-30T00:00:00.000000000,MG,55,24,Pleno,8483.97,Tecnologia,Presencial,Iniciativa Privada,5,50,0,0
5537,201,2025-10-23T00:00:00.000000000,SP,89,33,Gestão,17598.47,Exatas,Presencial,Setor Público,5,26,1,0
5538,302,2026-07-29T00:00:00.000000000,MG,114,29,Sem vínculo,0.0,Humanas,EAD,Desempregado,5,6,1,0
5539,101,2026-04-08T00:00:00.000000000,RJ,45,25,Pleno,5978.2,Tecnologia,EAD,Autônomo/PJ,8,90,0,1
5540,302,2025-08-02T00:00:00.000000000,GO,44,23,Júnior,1973.01,Humanas,EAD,Iniciativa Privada,7,40,0,0
5541,201,2025-06-07T00:00:00.000000000,SP,118,30,Sênior,11592.11,Exatas,Presencial,ONG,6,75,0,0
5542,202,2025-09-29T00:00:00.000000000,MG,28,27,Pleno,6805.69,Exatas,Presencial,Autônomo/PJ,4,96,1,0
5543,202,2025-08-26T00:00:00.000000000,SP,116,33,Sem vínculo,0.0,Exatas,EAD,Desempregado,10,12,1,0
5544,402,2025-10-30T00:00:00.000000000,BA,101,31,Sênior,8915.04,Biológicas,Presencial,Iniciativa Privada,4,65,0,0
5545,302,2026-06-05T00:00:00.000000000,SP,57,29,Pleno,6297.42,Humanas,Presencial,Autônomo/PJ,9,2,1,0
5546,102,2025-11-17T00:00:00.000000000,BA,52,26,Júnior,4377.96,Tecnologia,Presencial,Setor Público,8,10,1,0
5547,102,2025-02-28T00:00:00.000000000,GO,68,29,Gestão,19358.33,Tecnologia,Presencial,Iniciativa Privada,4,4,0,0
5548,102,2025-12-24T00:00:00.000000000,SP,102,34,Sem vínculo,0.0,Tecnologia,Presencial,Desempregado,9,59,1,0
5549,402,2025-09-08T00:00:00.000000000,SC,115,36,Sênior,11804.85,Biológicas,Presencial,Iniciativa Privada,9,1,0,0
5550,402,2026-03-12T00:00:00.000000000,BA,74,30,Sênior,12861.58,Biológicas,EAD,Iniciativa Privada,8,91,0,1
5551,101,2025-05-26T00:00:00.000000000,SP,48,25,Pleno,5510.27,Tecnologia,Presencial,ONG,8,76,0,0
5552,203,2025-12-18T00:00:00.000000000,RJ,53,30,Júnior,1500.0,Exatas,Híbrido,Iniciativa Privada,6,98,1,0
5553,102,2026-07-24T00:00:00.000000000,RJ,39,28,Sênior,11444.79,Tecnologia,Presencial,ONG,6,63,0,0
5554,403,2025-09-02T00:00:00.000000000,SP,45,28,Pleno,5236.82,Biológicas,Presencial,Autônomo/PJ,8,12,1,0
5555,102,2026-07-14T00:00:00.000000000,SP,80,26,Sênior,11431.59,Tecnologia,EAD,Iniciativa Privada,6,53,1,0
5556,202,2025-10-28T00:00:00.000000000,SP,66,31,Gestão,16692.6,Exatas,Híbrido,Iniciativa Privada,7,11,1,0
5557,101,2026-03-14T00:00:00.000000000,SP,55,31,Pleno,5534.47,Tecnologia,EAD,Autônomo/PJ,5,17,1,0
5558,104,2025-04-10T00:00:00.000000000,RJ,72,27,Gestão,17364.48,Tecnologia,EAD,Setor Público,4,17,0,0
5559,104,2026-04-25T00:00:00.000000000,SP,67,25,Sem vínculo,0.0,Tecnologia,EAD,Desempregado,4,16,1,0
5560,201,2026-02-19T00:00:00.000000000,RS,63,25,Gestão,16241.8,Exatas,EAD,ONG,10,38,1,0
5561,203,2025-06-14T00:00:00.000000000,PR,38,30,Sênior,13490.85,Exatas,EAD,Iniciativa Privada,4,85,0,0
5562,104,2025-10-29T00:00:00.000000000,SP,80,30,Gestão,16835.65,Tecnologia,Híbrido,Iniciativa Privada,4,12,1,0
5563,101,2025-05-01T00:00:00.000000000,MG,21,26,Sem vínculo,0.0,Tecnologia,Presencial,Desempregado,7,44,0,0
5564,201,2025-03-29T00:00:00.000000000,MG,87,27,Gestão,17810.97,Exatas,Híbrido,Iniciativa Privada,7,18,0,0
5565,404,2025-08-05T00:00:00.000000000,BA,99,30,Gestão,17175.3,Biológicas,Presencial,Iniciativa Privada,5,87,0,0
5566,303,2026-07-27T00:00:00.000000000,SP,53,26,Pleno,4919.05,Humanas,Híbrido,Autônomo/PJ,8,18,1,0
5567,301,2025-06-28T00:00:00.000000000,SP,15,26,Pleno,2856.59,Humanas,Presencial,ONG,6,20,0,0
5568,202,2025-06-12T00:00:00.000000000,GO,87,29,Gestão,14993.69,Exatas,Presencial,Setor Público,5,23,0,0
5569,303,2025-06-19T00:00:00.000000000,GO,43,30,Júnior,4347.13,Humanas,Híbrido,Iniciativa Privada,10,29,1,0
5570,203,2025-10-28T00:00:00.000000000,PR,24,26,Sênior,13204.47,Exatas,Presencial,Setor Público,4,91,1,0
5571,104,2026-01-09T00:00:00.000000000,PR,41,24,Pleno,6630.99,Tecnologia,EAD,Autônomo/PJ,6,47,0,0
5572,204,2025-07-22T00:00:00.000000000,SP,64,28,Gestão,17043.69,Exatas,Presencial,ONG,10,34,1,0
5573,102,2025-02-16T00:00:00.000000000,RJ,68,25,Sem vínculo,0.0,Tecnologia,Presencial,Desempregado,5,58,0,0
5574,101,2026-04-08T00:00:00.000000000,SP,82,29,Pleno,6966.09,Tecnologia,Híbrido,Iniciativa Privada,4,16,1,0
5575,104,2026-02-12T00:00:00.000000000,SP,51,25,Pleno,6017.94,Tecnologia,Presencial,Autônomo/PJ,5,47,0,0
5576,104,2025-07-13T00:00:00.000000000,SC,8,21,Sem vínculo,0.0,Tecnologia,EAD,Desempregado,4,97,0,0
5577,103,2026-03-03T00:00:00.000000000,SP,79,33,Gestão,19041.37,Tecnologia,Presencial,Iniciativa Privada,9,54,1,0
5578,304,2025-11-13T00:00:00.000000000,RJ,107,32,Pleno,6241.41,Humanas,EAD,Iniciativa Privada,4,8,0,0
5579,204,2026-04-24T00:00:00.000000000,GO,70,27,Sênior,11991.31,Exatas,EAD,ONG,9,76,0,0
5580,404,2026-02-25T00:00:00.000000000,SP,96,30,Gestão,16548.01,Biológicas,EAD,Iniciativa Privada,7,13,1,0
5581,104,2025-09-26T00:00:00.000000000,BA,115,36,Sênior,12893.41,Tecnologia,Híbrido,Iniciativa Privada,4,25,1,0
5582,103,2026-04-26T00:00:00.000000000,BA,13,22,Júnior,2249.47,Tecnologia,Presencial,Iniciativa Privada,5,51,0,0
5583,402,2025-09-20T00:00:00.000000000,MG,56,28,Pleno,4382.01,Biológicas,EAD,Iniciativa Privada,6,84,0,0
5584,202,2026-03-02T00:00:00.000000000,SP,115,33,Sênior,10484.71,Exatas,EAD,Iniciativa Privada,7,43,1,0
5585,301,2025-06-15T00:00:00.000000000,SP,111,34,Gestão,19051.15,Humanas,Presencial,Iniciativa Privada,9,83,1,1
5586,204,2026-03-04T00:00:00.000000000,RJ,86,33,Sem vínculo,0.0,Exatas,Presencial,Desempregado,6,10,1,0
5587,203,2026-02-01T00:00:00.000000000,SP,78,26,Pleno,6287.23,Exatas,EAD,Autônomo/PJ,9,50,1,0
5588,101,2025-08-04T00:00:00.000000000,SP,11,27,Pleno,5868.76,Tecnologia,EAD,Autônomo/PJ,10,41,1,0
5589,401,2025-04-17T00:00:00.000000000,BA,112,35,Sênior,13133.64,Biológicas,Presencial,Iniciativa Privada,8,61,0,1
5590,102,2025-04-08T00:00:00.000000000,SP,94,34,Sênior,12171.38,Tecnologia,Presencial,Autônomo/PJ,6,34,1,0
5591,103,2026-04-27T00:00:00.000000000,PR,44,25,Pleno,7290.16,Tecnologia,Presencial,Autônomo/PJ,8,63,0,0
5592,303,2026-05-14T00:00:00.000000000,SP,118,30,Sênior,11150.92,Humanas,Presencial,Setor Público,10,94,0,1
5593,203,2025-08-18T00:00:00.000000000,MG,65,32,Sênior,9480.73,Exatas,Presencial,Iniciativa Privada,8,17,0,0
5594,402,2025-09-14T00:00:00.000000000,GO,33,29,Pleno,5708.65,Biológicas,Presencial,Iniciativa Privada,7,13,0,0
5595,102,2025-02-12T00:00:00.000000000,SP,102,33,Gestão,15558.08,Tecnologia,Presencial,Autônomo/PJ,6,48,0,0
5596,302,2025-08-30T00:00:00.000000000,SP,59,27,Sênior,13346.35,Humanas,Híbrido,Setor Público,9,68,1,1
5597,202,2026-07-08T00:00:00.000000000,MG,42,25,Júnior,2393.88,Exatas,EAD,Autônomo/PJ,4,16,1,0
5598,102,2025-04-05T00:00:00.000000000,PR,14,21,Júnior,2742.1,Tecnologia,Presencial,Setor Público,7,20,1,0
5599,304,2025-07-07T00:00:00.000000000,MG,87,31,Sênior,11020.64,Humanas,Presencial,Iniciativa Privada,7,13,1,0
5600,204,2026-01-20T00:00:00.000000000,SP,61,26,Gestão,16846.68,Exatas,EAD,Autônomo/PJ,4,2,0,0
5601,203,2026-02-04T00:00:00.000000000,SP,64,27,Sênior,12794.81,Exatas,EAD,Iniciativa Privada,6,30,1,0
5602,401,2026-05-21T00:00:00.000000000,BA,90,30,Gestão,17810.23,Biológicas,EAD,Setor Público,9,88,0,1
5603,203,2025-06-16T00:00:00.000000000,GO,7,27,Sem vínculo,0.0,Exatas,EAD,Desempregado,7,46,0,0
5604,401,2025-05-05T00:00:00.000000000,RJ,66,25,Gestão,16633.09,Biológicas,Presencial,Autônomo/PJ,8,43,1,1
5605,302,2025-03-28T00:00:00.000000000,SC,63,32,Sênior,15082.77,Humanas,Presencial,Iniciativa Privada,4,16,0,0
5606,301,2026-05-04T00:00:00.000000000,RJ,112,29,Gestão,18464.02,Humanas,EAD,Iniciativa Privada,9,89,1,1
5607,403,2025-08-14T00:00:00.000000000,RJ,65,30,Sênior,12158.67,Biológicas,Presencial,Setor Público,5,80,1,0
5608,103,2025-12-11T00:00:00.000000000,SP,107,35,Sênior,11839.73,Tecnologia,Presencial,ONG,7,55,0,0
5609,401,2026-06-02T00:00:00.000000000,RJ,45,25,Pleno,5977.93,Biológicas,Presencial,Setor Público,9,82,1,1
5610,204,2025-01-31T00:00:00.000000000,RJ,41,26,Júnior,5490.43,Exatas,Presencial,Iniciativa Privada,8,26,1,0
5611,402,2025-10-23T00:00:00.000000000,SP,119,29,Gestão,16831.78,Biológicas,EAD,Iniciativa Privada,6,70,1,1
5612,202,2026-02-18T00:00:00.000000000,RJ,112,30,Sênior,10858.99,Exatas,Presencial,Autônomo/PJ,6,89,0,0
5613,403,2025-05-15T00:00:00.000000000,PR,42,23,Sênior,12577.27,Biológicas,Presencial,Autônomo/PJ,4,68,1,0
5614,404,2026-06-09T00:00:00.000000000,MG,84,30,Sem vínculo,0.0,Biológicas,EAD,Desempregado,8,1,0,0
5615,201,2025-01-04T00:00:00.000000000,MG,97,32,Pleno,5826.99,Exatas,Híbrido,Iniciativa Privada,4,79,1,0
5616,202,2025-06-27T00:00:00.000000000,GO,23,25,Júnior,6149.49,Exatas,EAD,Autônomo/PJ,7,61,0,0
5617,304,2025-09-16T00:00:00.000000000,SP,103,33,Gestão,17755.06,Humanas,EAD,Iniciativa Privada,4,74,1,0
5618,102,2025-03-06T00:00:00.000000000,MG,68,27,Gestão,16526.46,Tecnologia,Presencial,Setor Público,5,86,0,0
5619,104,2025-12-29T00:00:00.000000000,PR,27,25,Pleno,8325.52,Tecnologia,Presencial,Autônomo/PJ,4,98,1,0
5620,204,2025-01-17T00:00:00.000000000,RJ,16,26,Júnior,3110.23,Exatas,Presencial,Iniciativa Privada,4,5,1,0
5621,203,2025-07-19T00:00:00.000000000,SP,63,31,Gestão,17858.58,Exatas,Presencial,Iniciativa Privada,7,100,0,0
5622,102,2026-06-28T00:00:00.000000000,SP,62,25,Gestão,14995.98,Tecnologia,Presencial,Autônomo/PJ,8,64,0,0
5623,201,2025-07-31T00:00:00.000000000,RS,82,32,Gestão,15820.16,Exatas,Presencial,Setor Público,9,96,0,0
5624,103,2026-03-11T00:00:00.000000000,RJ,9,20,Júnior,5311.95,Tecnologia,EAD,Iniciativa Privada,9,17,0,0
5625,103,2025-09-30T00:00:00.000000000,RS,91,31,Sênior,9953.42,Tecnologia,Híbrido,Iniciativa Privada,5,54,1,0
5626,101,2025-10-17T00:00:00.000000000,MG,12,26,Júnior,4163.61,Tecnologia,EAD,Setor Público,4,66,1,0
5627,103,2026-04-28T00:00:00.000000000,MG,66,29,Sem vínculo,0.0,Tecnologia,Presencial,Desempregado,7,56,0,0
5628,104,2025-08-22T00:00:00.000000000,SC,112,30,Gestão,19552.1,Tecnologia,EAD,Iniciativa Privada,7,18,1,0
5629,204,2026-02-12T00:00:00.000000000,MG,59,30,Sênior,11949.57,Exatas,Presencial,Autônomo/PJ,9,73,0,0
5630,102,2025-05-26T00:00:00.000000000,SP,93,33,Pleno,6287.15,Tecnologia,EAD,Iniciativa Privada,7,83,1,0
5631,402,2026-07-16T00:00:00.000000000,RJ,73,30,Sênior,12007.84,Biológicas,Presencial,Iniciativa Privada,8,10,1,0
5632,201,2026-03-06T00:00:00.000000000,SC,97,29,Sênior,14140.46,Exatas,Presencial,Iniciativa Privada,4,95,1,0
5633,102,2026-03-08T00:00:00.000000000,SP,84,27,Gestão,17737.05,Tecnologia,EAD,ONG,6,83,1,0
5634,104,2026-06-29T00:00:00.000000000,SP,6,25,Júnior,3397.53,Tecnologia,EAD,Iniciativa Privada,9,54,1,0
5635,301,2026-05-12T00:00:00.000000000,SP,60,26,Gestão,19316.71,Humanas,Híbrido,Autônomo/PJ,10,95,1,1
5636,101,2025-03-30T00:00:00.000000000,GO,8,25,Júnior,2845.7,Tecnologia,Presencial,Iniciativa Privada,10,36,1,0
5637,402,2026-02-15T00:00:00.000000000,SP,83,32,Sem vínculo,0.0,Biológicas,EAD,Desempregado,9,85,1,0
5638,204,2025-08-29T00:00:00.000000000,MG,43,28,Pleno,6685.7,Exatas,Presencial,Autônomo/PJ,5,3,0,0
5639,201,2025-08-11T00:00:00.000000000,RJ,119,35,Gestão,16182.96,Exatas,Presencial,Autônomo/PJ,6,12,1,0
5640,404,2026-04-13T00:00:00.000000000,RJ,6,21,Júnior,4896.18,Biológicas,EAD,ONG,8,69,0,0
5641,204,2026-07-23T00:00:00.000000000,MG,107,34,Sênior,12310.16,Exatas,EAD,Setor Público,10,92,1,0
5642,404,2025-11-18T00:00:00.000000000,SP,43,30,Pleno,5729.63,Biológicas,EAD,Autônomo/PJ,9,57,1,0
5643,402,2026-01-10T00:00:00.000000000,MG,90,29,Sênior,10365.22,Biológicas,Presencial,Iniciativa Privada,4,1,1,0
5644,403,2025-04-22T00:00:00.000000000,PR,117,35,Sênior,12901.93,Biológicas,Presencial,Iniciativa Privada,6,59,1,0
5645,403,2026-06-11T00:00:00.000000000,SC,34,26,Sênior,10901.98,Biológicas,Presencial,Setor Público,6,88,0,0
5646,101,2026-02-16T00:00:00.000000000,SP,10,21,Júnior,1500.0,Tecnologia,Presencial,Iniciativa Privada,10,31,0,0
5647,104,2025-09-26T00:00:00.000000000,RS,118,36,Sênior,12356.14,Tecnologia,EAD,Iniciativa Privada,9,62,0,0
5648,202,2025-09-09T00:00:00.000000000,MG,79,26,Sênior,12300.84,Exatas,Presencial,Iniciativa Privada,6,59,1,0
5649,404,2026-01-09T00:00:00.000000000,RS,97,33,Sênior,11649.8,Biológicas,EAD,Iniciativa Privada,5,25,1,0
5650,204,2026-03-26T00:00:00.000000000,RJ,26,29,Pleno,7657.57,Exatas,EAD,Setor Público,4,89,1,0
5651,102,2026-06-21T00:00:00.000000000,RJ,119,32,Sênior,12020.92,Tecnologia,EAD,Iniciativa Privada,7,21,1,0
5652,303,2026-01-03T00:00:00.000000000,GO,76,33,Sem vínculo,0.0,Humanas,Presencial,Desempregado,4,73,1,0
5653,204,2025-09-12T00:00:00.000000000,RS,72,27,Sem vínculo,0.0,Exatas,Presencial,Desempregado,10,86,0,0
5654,304,2026-04-08T00:00:00.000000000,RJ,114,36,Sem vínculo,0.0,Humanas,Presencial,Desempregado,9,3,0,0
5655,403,2025-09-25T00:00:00.000000000,SP,52,31,Pleno,7732.26,Biológicas,Presencial,Iniciativa Privada,6,15,0,0
5656,202,2025-05-06T00:00:00.000000000,SP,89,31,Gestão,17360.49,Exatas,EAD,Iniciativa Privada,4,62,0,0
5657,301,2026-01-28T00:00:00.000000000,SP,88,33,Sem vínculo,0.0,Humanas,Híbrido,Desempregado,7,41,0,0
5658,303,2025-11-30T00:00:00.000000000,SP,40,28,Sem vínculo,0.0,Humanas,EAD,Desempregado,5,32,0,0
5659,301,2026-07-19T00:00:00.000000000,SP,73,28,Pleno,4867.64,Humanas,EAD,Autônomo/PJ,4,12,0,0
5660,101,2026-01-03T00:00:00.000000000,RS,74,26,Sênior,10623.52,Tecnologia,EAD,Iniciativa Privada,4,45,1,0
5661,203,2026-07-09T00:00:00.000000000,SP,6,22,Júnior,3500.69,Exatas,Presencial,Setor Público,5,12,0,0
5662,104,2026-07-08T00:00:00.000000000,MG,73,33,Sênior,11526.85,Tecnologia,Presencial,Autônomo/PJ,5,32,0,0
5663,301,2026-04-01T00:00:00.000000000,SP,17,24,Júnior,2958.3,Humanas,Presencial,Iniciativa Privada,9,13,0,0
5664,201,2025-03-08T00:00:00.000000000,SP,65,26,Sênior,10529.6,Exatas,Híbrido,Setor Público,6,7,0,0
5665,102,2025-03-07T00:00:00.000000000,SP,32,27,Sênior,9312.44,Tecnologia,Presencial,Autônomo/PJ,6,89,1,0
5666,204,2026-02-04T00:00:00.000000000,SP,61,26,Sênior,11991.77,Exatas,Presencial,Autônomo/PJ,9,85,1,0
5667,201,2025-10-14T00:00:00.000000000,PR,111,33,Sênior,11881.13,Exatas,Híbrido,Iniciativa Privada,5,45,0,0
5668,102,2025-07-05T00:00:00.000000000,RS,28,23,Sênior,11166.59,Tecnologia,Presencial,Setor Público,7,0,0,0
5669,104,2025-10-11T00:00:00.000000000,SP,30,22,Sem vínculo,0.0,Tecnologia,EAD,Desempregado,6,58,1,0
5670,303,2026-05-31T00:00:00.000000000,RJ,26,25,Júnior,3171.96,Humanas,EAD,Setor Público,7,59,0,1
5671,303,2025-08-25T00:00:00.000000000,RJ,66,27,Sênior,13361.11,Humanas,Presencial,Autônomo/PJ,5,48,1,0
5672,202,2025-01-18T00:00:00.000000000,RS,68,32,Gestão,16286.29,Exatas,EAD,Autônomo/PJ,4,79,1,0
5673,303,2026-02-18T00:00:00.000000000,PR,57,31,Júnior,2852.16,Humanas,Presencial,Autônomo/PJ,9,92,0,0
5674,201,2025-01-09T00:00:00.000000000,RJ,93,30,Sênior,13560.5,Exatas,EAD,Autônomo/PJ,10,60,0,0
5675,404,2026-02-24T00:00:00.000000000,MG,30,27,Pleno,6277.36,Biológicas,Presencial,Iniciativa Privada,5,22,0,0
5676,101,2025-01-29T00:00:00.000000000,SC,114,30,Sênior,11948.06,Tecnologia,Presencial,Iniciativa Privada,5,4,0,0
5677,401,2025-12-14T00:00:00.000000000,SP,60,30,Sênior,11191.45,Biológicas,EAD,Iniciativa Privada,8,84,0,1
5678,203,2026-07-30T00:00:00.000000000,RJ,51,26,Sênior,12369.76,Exatas,Presencial,Iniciativa Privada,5,49,0,0
5679,201,2026-03-26T00:00:00.000000000,GO,37,28,Pleno,6394.08,Exatas,EAD,Iniciativa Privada,6,35,1,0
5680,303,2026-01-15T00:00:00.000000000,PR,60,29,Sênior,14153.69,Humanas,Presencial,Iniciativa Privada,10,19,0,1
5681,104,2026-01-01T00:00:00.000000000,RJ,101,31,Gestão,18483.47,Tecnologia,EAD,ONG,4,42,0,0
5682,304,2025-08-15T00:00:00.000000000,RJ,10,22,Júnior,3664.52,Humanas,Presencial,Iniciativa Privada,7,7,1,0
5683,101,2025-04-28T00:00:00.000000000,SP,41,25,Sênior,10913.94,Tecnologia,Híbrido,Iniciativa Privada,8,89,1,0
5684,202,2026-02-16T00:00:00.000000000,RJ,115,35,Gestão,16662.1,Exatas,Presencial,Iniciativa Privada,10,40,0,0
5685,303,2025-12-22T00:00:00.000000000,MG,111,31,Sênior,11568.19,Humanas,Presencial,Setor Público,9,24,1,0
5686,203,2025-09-11T00:00:00.000000000,RJ,54,30,Sênior,12800.88,Exatas,EAD,Iniciativa Privada,6,6,1,0
5687,101,2026-06-27T00:00:00.000000000,PR,111,29,Gestão,17228.03,Tecnologia,Híbrido,Iniciativa Privada,4,85,1,0
5688,403,2026-03-20T00:00:00.000000000,RS,63,32,Sênior,11021.09,Biológicas,Híbrido,Iniciativa Privada,10,60,0,1
5689,403,2025-03-22T00:00:00.000000000,SP,44,29,Pleno,6862.92,Biológicas,Presencial,Autônomo/PJ,7,32,0,0
5690,302,2025-02-15T00:00:00.000000000,RJ,85,30,Sem vínculo,0.0,Humanas,EAD,Desempregado,4,68,1,0
5691,402,2025-02-18T00:00:00.000000000,RJ,102,33,Sem vínculo,0.0,Biológicas,Presencial,Desempregado,6,37,0,0
5692,401,2026-03-25T00:00:00.000000000,MG,118,35,Gestão,17598.8,Biológicas,EAD,Iniciativa Privada,9,11,1,1
5693,302,2026-02-11T00:00:00.000000000,SP,90,29,Sênior,10670.55,Humanas,Presencial,Setor Público,9,43,0,0
5694,401,2025-10-10T00:00:00.000000000,MG,66,28,Gestão,17545.59,Biológicas,Presencial,Setor Público,4,52,1,0
5695,204,2026-04-18T00:00:00.000000000,RS,14,27,Júnior,3752.47,Exatas,Híbrido,Iniciativa Privada,5,13,0,0
5696,301,2026-02-20T00:00:00.000000000,RJ,11,26,Júnior,5559.88,Humanas,Híbrido,Iniciativa Privada,4,70,0,0
5697,104,2025-05-01T00:00:00.000000000,GO,114,31,Sênior,10395.0,Tecnologia,EAD,Iniciativa Privada,5,91,1,0
5698,301,2025-01-03T00:00:00.000000000,BA,40,27,Sênior,12459.15,Humanas,EAD,Autônomo/PJ,10,51,1,1
5699,403,2025-11-12T00:00:00.000000000,SP,44,27,Pleno,6352.95,Biológicas,EAD,Iniciativa Privada,9,51,0,0
5700,202,2026-04-05T00:00:00.000000000,SP,27,28,Júnior,4500.55,Exatas,Presencial,Iniciativa Privada,6,45,0,0
5701,304,2025-08-15T00:00:00.000000000,BA,46,27,Pleno,6693.3,Humanas,EAD,Iniciativa Privada,8,79,0,0
5702,401,2025-03-20T00:00:00.000000000,BA,10,21,Júnior,5138.48,Biológicas,EAD,Setor Público,5,40,0,0
5703,402,2026-06-28T00:00:00.000000000,SP,47,25,Pleno,5680.53,Biológicas,Presencial,Autônomo/PJ,9,1,0,0
5704,101,2025-03-12T00:00:00.000000000,SP,92,28,Sênior,12502.41,Tecnologia,EAD,Setor Público,10,48,1,0
5705,402,2025-07-16T00:00:00.000000000,SP,86,30,Sênior,13093.0,Biológicas,EAD,Setor Público,4,94,1,0
5706,102,2025-02-27T00:00:00.000000000,BA,81,27,Gestão,18938.36,Tecnologia,Híbrido,Iniciativa Privada,9,99,1,0
5707,301,2026-02-28T00:00:00.000000000,SP,92,30,Gestão,19436.5,Humanas,Presencial,Iniciativa Privada,4,77,1,0
5708,104,2026-04-14T00:00:00.000000000,RJ,85,33,Sênior,12480.01,Tecnologia,EAD,Iniciativa Privada,4,27,1,0
5709,104,2025-02-17T00:00:00.000000000,SC,72,29,Sem vínculo,0.0,Tecnologia,Híbrido,Desempregado,9,31,1,0
5710,103,2026-03-11T00:00:00.000000000,SP,35,25,Sem vínculo,0.0,Tecnologia,Presencial,Desempregado,6,91,1,0
5711,202,2025-07-04T00:00:00.000000000,MG,62,30,Gestão,17944.85,Exatas,EAD,Autônomo/PJ,7,75,0,0
5712,303,2025-06-14T00:00:00.000000000,SP,91,28,Sênior,9621.65,Humanas,Híbrido,Iniciativa Privada,4,76,1,0
5713,103,2025-11-27T00:00:00.000000000,RS,78,31,Gestão,15137.01,Tecnologia,EAD,Iniciativa Privada,4,21,1,0
5714,401,2025-11-26T00:00:00.000000000,SP,34,28,Pleno,7891.63,Biológicas,Híbrido,Iniciativa Privada,5,41,0,0
5715,401,2025-05-01T00:00:00.000000000,MG,116,31,Gestão,15208.01,Biológicas,Presencial,ONG,8,28,0,0
5716,301,2025-08-01T00:00:00.000000000,MG,42,24,Júnior,6912.14,Humanas,Presencial,Autônomo/PJ,9,93,0,1
5717,202,2026-05-22T00:00:00.000000000,SP,92,29,Sênior,12165.21,Exatas,Presencial,ONG,4,78,0,0
5718,201,2026-07-07T00:00:00.000000000,SP,18,23,Pleno,5117.34,Exatas,EAD,Setor Público,10,67,0,0
5719,101,2025-06-17T00:00:00.000000000,RJ,37,26,Pleno,6389.45,Tecnologia,Presencial,Iniciativa Privada,6,32,1,0
5720,102,2026-06-30T00:00:00.000000000,SP,51,31,Pleno,6420.83,Tecnologia,EAD,Iniciativa Privada,7,45,1,0
5721,402,2026-03-03T00:00:00.000000000,SC,116,30,Sênior,12126.6,Biológicas,Presencial,Iniciativa Privada,7,8,0,0
5722,104,2025-08-09T00:00:00.000000000,SC,117,31,Pleno,7369.75,Tecnologia,Híbrido,Setor Público,10,37,0,1
5723,401,2025-01-10T00:00:00.000000000,RJ,28,29,Sênior,13228.86,Biológicas,Presencial,Iniciativa Privada,7,79,1,0
5724,101,2025-04-30T00:00:00.000000000,MG,50,28,Pleno,5135.04,Tecnologia,EAD,Autônomo/PJ,6,25,0,0
5725,101,2025-09-04T00:00:00.000000000,MG,22,23,Júnior,3220.66,Tecnologia,EAD,Setor Público,7,42,1,0
5726,104,2025-12-26T00:00:00.000000000,SC,109,33,Sênior,10229.15,Tecnologia,EAD,Iniciativa Privada,9,52,0,0
5727,301,2025-08-09T00:00:00.000000000,RJ,90,28,Sênior,11529.94,Humanas,Presencial,Iniciativa Privada,7,26,0,0
5728,204,2026-05-21T00:00:00.000000000,SP,71,31,Sênior,11284.78,Exatas,Híbrido,Iniciativa Privada,5,10,0,0
5729,103,2025-02-27T00:00:00.000000000,SP,106,33,Sênior,10324.66,Tecnologia,Presencial,Autônomo/PJ,7,25,1,0
5730,304,2026-04-05T00:00:00.000000000,RJ,11,21,Júnior,2066.58,Humanas,Presencial,Iniciativa Privada,5,77,0,0
5731,403,2025-05-08T00:00:00.000000000,RJ,113,34,Sênior,14290.86,Biológicas,EAD,Iniciativa Privada,5,56,1,0
5732,201,2025-03-27T00:00:00.000000000,RJ,23,26,Júnior,3915.32,Exatas,EAD,ONG,5,0,1,0
5733,103,2025-04-14T00:00:00.000000000,SP,99,29,Gestão,16418.31,Tecnologia,Presencial,Setor Público,6,10,0,0
5734,104,2025-05-23T00:00:00.000000000,PR,27,24,Sênior,10410.74,Tecnologia,EAD,Iniciativa Privada,4,29,1,0
5735,302,2025-07-24T00:00:00.000000000,SP,38,23,Pleno,8574.1,Humanas,Presencial,Autônomo/PJ,8,87,1,1
5736,303,2025-02-07T00:00:00.000000000,SP,35,24,Pleno,5974.12,Humanas,Presencial,Autônomo/PJ,10,3,0,0
5737,403,2025-12-29T00:00:00.000000000,RJ,86,29,Gestão,18354.5,Biológicas,Presencial,Setor Público,10,85,1,1
5738,201,2025-11-05T00:00:00.000000000,SP,112,35,Sênior,12169.62,Exatas,Híbrido,Iniciativa Privada,9,71,0,0
5739,104,2025-02-21T00:00:00.000000000,MG,37,26,Sênior,11544.79,Tecnologia,EAD,Iniciativa Privada,9,79,1,0
5740,203,2025-01-01T00:00:00.000000000,SP,47,26,Pleno,5193.7,Exatas,Presencial,Autônomo/PJ,7,32,1,0
5741,303,2025-01-11T00:00:00.000000000,RJ,83,28,Pleno,5684.32,Humanas,Presencial,Iniciativa Privada,8,32,1,0
5742,203,2025-08-02T00:00:00.000000000,RJ,15,25,Júnior,6832.82,Exatas,Presencial,Autônomo/PJ,4,73,0,0
5743,403,2026-07-10T00:00:00.000000000,SP,116,35,Sênior,11659.09,Biológicas,EAD,ONG,5,65,0,0
5744,202,2026-06-02T00:00:00.000000000,SP,41,28,Sem vínculo,0.0,Exatas,Presencial,Desempregado,5,3,1,0
5745,204,2026-02-19T00:00:00.000000000,RS,39,30,Pleno,7485.27,Exatas,Presencial,Iniciativa Privada,10,86,1,0
5746,101,2025-01-08T00:00:00.000000000,RJ,78,29,Pleno,6669.52,Tecnologia,Presencial,Iniciativa Privada,5,50,1,0
5747,101,2025-01-05T00:00:00.000000000,RJ,111,31,Gestão,18728.82,Tecnologia,EAD,Iniciativa Privada,10,26,1,0
5748,302,2025-12-28T00:00:00.000000000,SP,33,28,Sênior,10727.2,Humanas,Presencial,Autônomo/PJ,5,32,1,0
5749,204,2025-04-22T00:00:00.000000000,RJ,16,21,Júnior,3313.93,Exatas,Presencial,Iniciativa Privada,7,96,1,0
5750,103,2025-09-30T00:00:00.000000000,MG,83,30,Sênior,11214.71,Tecnologia,EAD,Iniciativa Privada,4,83,1,0
5751,102,2026-02-26T00:00:00.000000000,MG,44,24,Pleno,7142.82,Tecnologia,Presencial,Iniciativa Privada,10,76,0,0
5752,304,2025-09-22T00:00:00.000000000,PR,52,26,Pleno,8694.21,Humanas,EAD,Iniciativa Privada,4,74,1,0
5753,403,2026-04-03T00:00:00.000000000,SP,24,28,Pleno,5912.26,Biológicas,Presencial,Iniciativa Privada,10,82,1,0
5754,102,2025-07-31T00:00:00.000000000,SP,20,23,Júnior,3848.69,Tecnologia,Presencial,Iniciativa Privada,10,31,1,0
5755,304,2025-03-19T00:00:00.000000000,SC,33,29,Sênior,13035.72,Humanas,Presencial,Setor Público,4,66,1,0
5756,101,2025-08-09T00:00:00.000000000,GO,29,27,Sênior,10696.74,Tecnologia,EAD,Iniciativa Privada,8,76,0,0
5757,301,2026-01-04T00:00:00.000000000,SP,77,30,Gestão,18576.01,Humanas,Presencial,Iniciativa Privada,9,27,1,1
5758,304,2025-12-13T00:00:00.000000000,RJ,112,32,Gestão,18090.27,Humanas,Presencial,Autônomo/PJ,10,85,1,1
5759,101,2025-01-25T00:00:00.000000000,SP,14,24,Júnior,2048.48,Tecnologia,Presencial,Autônomo/PJ,5,56,0,0
5760,304,2026-02-24T00:00:00.000000000,SP,52,27,Pleno,6294.25,Humanas,Presencial,Iniciativa Privada,6,18,1,0
5761,103,2025-12-20T00:00:00.000000000,SP,38,30,Pleno,6291.51,Tecnologia,Presencial,Iniciativa Privada,9,30,1,0
5762,104,2026-02-21T00:00:00.000000000,SP,67,26,Gestão,14292.32,Tecnologia,EAD,Autônomo/PJ,4,83,0,0
5763,203,2026-05-30T00:00:00.000000000,PR,102,34,Gestão,16834.78,Exatas,Presencial,Iniciativa Privada,8,52,1,0
5764,202,2025-08-03T00:00:00.000000000,RJ,24,26,Pleno,5560.62,Exatas,Presencial,Iniciativa Privada,7,87,1,0
5765,304,2025-04-22T00:00:00.000000000,SP,72,30,Sênior,11033.52,Humanas,Presencial,Iniciativa Privada,5,31,0,0
5766,102,2026-07-13T00:00:00.000000000,SP,79,29,Sênior,11909.8,Tecnologia,Presencial,Iniciativa Privada,8,8,1,0
5767,301,2026-03-04T00:00:00.000000000,SC,45,26,Júnior,6450.42,Humanas,Presencial,Setor Público,9,50,0,0
5768,103,2026-07-16T00:00:00.000000000,SP,52,29,Pleno,7247.72,Tecnologia,Presencial,ONG,6,82,0,0
5769,104,2025-08-04T00:00:00.000000000,MG,111,36,Sênior,13358.09,Tecnologia,Presencial,Autônomo/PJ,6,22,0,0
5770,202,2026-02-17T00:00:00.000000000,SP,70,25,Gestão,17718.42,Exatas,EAD,Iniciativa Privada,7,24,0,0
5771,203,2026-01-15T00:00:00.000000000,MG,34,22,Pleno,5807.23,Exatas,EAD,Iniciativa Privada,4,96,1,0
5772,403,2025-08-20T00:00:00.000000000,SP,55,26,Júnior,5121.02,Biológicas,Presencial,Setor Público,4,45,1,0
5773,201,2025-09-15T00:00:00.000000000,SP,103,30,Sênior,12128.87,Exatas,EAD,Iniciativa Privada,8,43,1,0
5774,101,2025-09-13T00:00:00.000000000,SP,18,25,Júnior,5192.32,Tecnologia,Híbrido,Iniciativa Privada,10,65,0,0
5775,403,2026-02-07T00:00:00.000000000,SP,6,24,Júnior,3008.39,Biológicas,Presencial,Setor Público,9,66,1,0
5776,103,2026-02-28T00:00:00.000000000,RJ,39,24,Pleno,5515.2,Tecnologia,Presencial,ONG,8,27,0,0
5777,104,2025-03-06T00:00:00.000000000,MG,98,29,Sênior,11782.77,Tecnologia,Híbrido,Iniciativa Privada,9,100,1,0
5778,203,2025-07-09T00:00:00.000000000,SP,53,24,Pleno,7765.58,Exatas,EAD,Autônomo/PJ,4,98,0,0
5779,404,2025-06-22T00:00:00.000000000,SP,116,36,Sênior,10465.72,Biológicas,EAD,Iniciativa Privada,4,77,0,0
5780,303,2026-07-15T00:00:00.000000000,RJ,82,28,Gestão,16111.59,Humanas,EAD,Iniciativa Privada,8,23,1,0
5781,301,2025-08-15T00:00:00.000000000,MG,53,24,Pleno,8427.69,Humanas,Presencial,Iniciativa Privada,5,55,0,0
5782,304,2026-01-23T00:00:00.000000000,BA,54,31,Sênior,10625.06,Humanas,EAD,Setor Público,9,49,1,1
5783,302,2026-02-05T00:00:00.000000000,MG,69,25,Sênior,10529.03,Humanas,EAD,Autônomo/PJ,9,100,0,1
5784,301,2025-08-01T00:00:00.000000000,RJ,66,27,Sênior,12247.09,Humanas,Presencial,Setor Público,6,2,0,0
5785,104,2025-02-22T00:00:00.000000000,MG,34,28,Pleno,6037.93,Tecnologia,EAD,Iniciativa Privada,6,22,0,0
5786,104,2025-05-19T00:00:00.000000000,GO,44,24,Pleno,6279.74,Tecnologia,Híbrido,Iniciativa Privada,7,33,1,0
5787,202,2026-02-22T00:00:00.000000000,SC,93,32,Sênior,11615.96,Exatas,EAD,Setor Público,6,8,1,0
5788,404,2025-05-23T00:00:00.000000000,SP,31,27,Pleno,4880.27,Biológicas,Presencial,Iniciativa Privada,9,81,0,0
5789,303,2026-05-24T00:00:00.000000000,SP,22,26,Júnior,1676.03,Humanas,EAD,Iniciativa Privada,10,58,1,0
5790,202,2026-05-01T00:00:00.000000000,SP,76,28,Sem vínculo,0.0,Exatas,Presencial,Desempregado,8,65,1,0
5791,101,2026-03-13T00:00:00.000000000,RJ,18,24,Júnior,4062.87,Tecnologia,Híbrido,Autônomo/PJ,5,21,0,0
5792,101,2026-06-27T00:00:00.000000000,PR,74,29,Gestão,16403.85,Tecnologia,EAD,Iniciativa Privada,8,34,0,0
5793,403,2025-10-20T00:00:00.000000000,RJ,31,25,Pleno,7906.4,Biológicas,Presencial,Iniciativa Privada,4,30,1,0
5794,101,2025-10-11T00:00:00.000000000,SP,54,28,Pleno,6678.85,Tecnologia,Presencial,Iniciativa Privada,9,89,1,1
5795,304,2025-01-14T00:00:00.000000000,PR,72,27,Gestão,16256.35,Humanas,EAD,Setor Público,4,77,0,0
5796,104,2025-09-29T00:00:00.000000000,SC,12,22,Júnior,5719.26,Tecnologia,Presencial,Autônomo/PJ,9,47,1,0
5797,303,2025-01-25T00:00:00.000000000,SP,63,31,Pleno,6002.03,Humanas,Presencial,Autônomo/PJ,6,52,1,0
5798,301,2025-11-18T00:00:00.000000000,MG,54,30,Pleno,5983.02,Humanas,Presencial,Iniciativa Privada,5,91,0,0
5799,301,2025-04-13T00:00:00.000000000,RJ,108,33,Sênior,9990.4,Humanas,EAD,Iniciativa Privada,9,74,0,1
5800,203,2025-02-09T00:00:00.000000000,RS,58,24,Sem vínculo,0.0,Exatas,Presencial,Desempregado,7,31,1,0
5801,302,2025-08-23T00:00:00.000000000,SC,70,32,Sem vínculo,0.0,Humanas,EAD,Desempregado,8,84,0,0
5802,201,2025-03-30T00:00:00.000000000,RJ,118,35,Gestão,16342.11,Exatas,Presencial,Iniciativa Privada,7,86,1,0
5803,402,2025-04-10T00:00:00.000000000,MG,67,30,Sênior,11426.65,Biológicas,Presencial,Iniciativa Privada,7,87,1,1
5804,201,2025-05-24T00:00:00.000000000,RS,22,24,Júnior,1923.15,Exatas,Presencial,Iniciativa Privada,7,11,0,0
5805,101,2025-03-23T00:00:00.000000000,RJ,48,29,Pleno,5571.36,Tecnologia,Presencial,ONG,7,61,0,0
5806,301,2026-07-25T00:00:00.000000000,SP,30,25,Pleno,8209.61,Humanas,Híbrido,Setor Público,8,2,1,0
5807,201,2025-08-17T00:00:00.000000000,PR,8,25,Júnior,2552.83,Exatas,Híbrido,Autônomo/PJ,4,5,0,0
5808,404,2026-01-30T00:00:00.000000000,SP,84,27,Sênior,10992.09,Biológicas,Presencial,Iniciativa Privada,8,11,1,0
5809,102,2026-05-28T00:00:00.000000000,SP,34,29,Sênior,12091.5,Tecnologia,Presencial,Iniciativa Privada,4,52,0,0
5810,102,2025-07-16T00:00:00.000000000,RS,112,34,Gestão,17704.75,Tecnologia,Híbrido,Iniciativa Privada,4,19,0,0
5811,401,2025-10-01T00:00:00.000000000,PR,37,28,Sem vínculo,0.0,Biológicas,Presencial,Desempregado,8,5,0,0
5812,401,2026-07-16T00:00:00.000000000,RJ,31,24,Pleno,6117.18,Biológicas,Presencial,Iniciativa Privada,8,83,1,0
5813,202,2026-01-07T00:00:00.000000000,SP,21,28,Pleno,7813.09,Exatas,Presencial,Autônomo/PJ,8,13,1,0
5814,104,2025-03-21T00:00:00.000000000,SP,30,27,Júnior,4938.46,Tecnologia,EAD,Iniciativa Privada,9,55,1,0
5815,103,2025-08-23T00:00:00.000000000,SP,59,26,Sem vínculo,0.0,Tecnologia,Presencial,Desempregado,4,40,0,0
5816,103,2025-10-14T00:00:00.000000000,SP,33,23,Pleno,5767.35,Tecnologia,EAD,Autônomo/PJ,8,48,1,0
5817,202,2026-07-26T00:00:00.000000000,PR,78,33,Gestão,15751.7,Exatas,Presencial,Iniciativa Privada,5,64,1,0
5818,101,2026-06-29T00:00:00.000000000,SP,61,29,Pleno,5539.45,Tecnologia,Presencial,ONG,6,83,1,0
5819,401,2026-03-13T00:00:00.000000000,RJ,70,32,Pleno,7153.44,Biológicas,Presencial,Iniciativa Privada,6,85,0,0
5820,104,2025-05-07T00:00:00.000000000,SP,98,35,Sênior,10814.77,Tecnologia,Híbrido,Iniciativa Privada,5,94,1,0
5821,303,2026-02-21T00:00:00.000000000,BA,91,32,Pleno,5840.72,Humanas,Híbrido,Iniciativa Privada,6,30,0,0
5822,304,2025-02-10T00:00:00.000000000,SP,85,28,Sem vínculo,0.0,Humanas,EAD,Desempregado,4,27,1,0
5823,303,2026-04-14T00:00:00.000000000,SP,46,30,Sem vínculo,0.0,Humanas,Presencial,Desempregado,8,11,1,0
5824,202,2025-10-24T00:00:00.000000000,SP,113,35,Sênior,11498.75,Exatas,Presencial,Iniciativa Privada,8,15,1,0
5825,303,2025-02-11T00:00:00.000000000,MG,56,30,Pleno,5966.46,Humanas,Presencial,Autônomo/PJ,10,96,1,1
5826,404,2025-10-06T00:00:00.000000000,MG,110,31,Pleno,7279.76,Biológicas,Presencial,Setor Público,9,34,1,0
5827,304,2026-04-04T00:00:00.000000000,RJ,76,31,Sênior,10889.69,Humanas,Híbrido,Autônomo/PJ,8,43,1,0
5828,104,2025-02-02T00:00:00.000000000,RJ,83,31,Sênior,12789.1,Tecnologia,Presencial,Iniciativa Privada,5,67,0,0
5829,102,2025-10-03T00:00:00.000000000,SP,34,29,Pleno,7692.49,Tecnologia,EAD,Iniciativa Privada,5,9,0,0
5830,403,2025-03-31T00:00:00.000000000,RJ,88,27,Gestão,18221.25,Biológicas,Presencial,Setor Público,4,97,0,0
